{
  "epochs_recorded": [
    0,
    1,
    2,
    3,
    4,
    5,
    6,
    7,
    8,
    9,
    10,
    11,
    12,
    13,
    14,
    15,
    16,
    17,
    18,
    19,
    20,
    21,
    22,
    23
  ],
  "train_loss": [
    0.35424861311912537,
    0.17277921736240387,
    0.12976600229740143,
    0.10691248625516891,
    0.09828387945890427,
    0.09018733352422714,
    0.08416523784399033,
    0.0805184468626976,
    0.07925001531839371,
    0.07699964940547943,
    0.0722665786743164,
    0.07238146662712097,
    0.07018233090639114,
    0.06633777916431427,
    0.06551724672317505,
    0.06539146602153778,
    0.06384120136499405,
    0.06239037588238716,
    0.06223062053322792,
    0.06052480265498161,
    0.06023242324590683,
    0.05997981131076813,
    0.059377700090408325,
    0.05892401561141014
  ],
  "val_loss": [
    0.9241504073143005,
    0.11222780495882034,
    0.1385393887758255,
    0.07423582673072815,
    0.0755128562450409,
    0.07760622352361679,
    0.07384789735078812,
    0.07185639441013336,
    0.07285776734352112,
    0.0751311182975769,
    0.07450643181800842,
    0.07271730154752731,
    0.0716443806886673,
    0.07056593894958496,
    0.07010513544082642,
    0.07296189665794373,
    0.07504009455442429,
    0.07063072174787521,
    0.07067352533340454,
    0.0707223191857338,
    0.0705011636018753,
    0.07204250991344452,
    0.07080802321434021,
    0.07208111137151718,
    0.0712132528424263
  ],
  "stopped_epoch": 24
}