{
  "epochs_recorded": [
    0,
    1,
    2,
    3,
    4,
    5,
    6,
    7,
    8,
    9,
    10,
    11,
    12,
    13,
    14,
    15,
    16,
    17,
    18,
    19,
    20,
    21,
    22,
    23,
    24,
    25,
    26,
    27,
    28,
    29,
    30,
    31,
    32,
    33,
    34,
    35,
    36,
    37,
    38,
    39,
    40,
    41,
    42
  ],
  "train_loss": [
    1.9509550333023071,
    1.3943181037902832,
    1.2920476198196411,
    1.225053310394287,
    1.317897081375122,
    1.0196762084960938,
    0.9566057920455933,
    0.8882898092269897,
    0.8953056335449219,
    0.8403423428535461,
    0.9057019948959351,
    0.7967267632484436,
    0.8700380921363831,
    0.733106791973114,
    0.75236976146698,
    0.7005204558372498,
    0.7242593765258789,
    0.7438420653343201,
    0.702361524105072,
    0.6549208164215088,
    0.6425239443778992,
    0.6670186519622803,
    0.770484983921051,
    0.6019887924194336,
    0.616482675075531,
    0.6447246074676514,
    0.6358977556228638,
    0.6485801339149475,
    0.6083717346191406,
    0.6229430437088013,
    0.6820505857467651,
    0.6564317941665649,
    0.6610559225082397,
    0.6876338124275208,
    0.5803642272949219,
    0.5632668733596802,
    0.5468898415565491,
    0.5888094305992126,
    0.6637355089187622,
    0.5656222105026245,
    0.604313313961029,
    0.6077114343643188,
    0.5675539374351501
  ],
  "val_loss": [
    0.4234215021133423,
    0.4286074936389923,
    0.44391533732414246,
    0.4171372354030609,
    0.3300750255584717,
    0.20790381729602814,
    0.19851098954677582,
    0.17935645580291748,
    0.1582803875207901,
    0.148092582821846,
    0.13367930054664612,
    0.12733453512191772,
    0.1316416710615158,
    0.11961597204208374,
    0.11280205100774765,
    0.10687830299139023,
    0.10564371198415756,
    0.10335689783096313,
    0.10281107574701309,
    0.1035197451710701,
    0.09806012362241745,
    0.09650936722755432,
    0.0906156376004219,
    0.09493235498666763,
    0.08774414658546448,
    0.0880177915096283,
    0.09177277237176895,
    0.0970795601606369,
    0.09509740769863129,
    0.10632026940584183,
    0.08529124408960342,
    0.09072743356227875,
    0.09234586358070374,
    0.08142422884702682,
    0.09292387962341309,
    0.10110969841480255,
    0.08772207051515579,
    0.08680783212184906,
    0.08516689389944077,
    0.1398794800043106,
    0.09686675667762756,
    0.08206801116466522,
    0.08404960483312607,
    0.09302055090665817
  ],
  "stopped_epoch": 43
}