{
  "epochs_recorded": [
    0,
    1,
    2,
    3,
    4,
    5,
    6,
    7,
    8,
    9,
    10,
    11,
    12,
    13,
    14,
    15,
    16,
    17,
    18,
    19,
    20,
    21,
    22,
    23,
    24,
    25,
    26,
    27,
    28,
    29,
    30,
    31,
    32,
    33,
    34,
    35,
    36,
    37,
    38,
    39,
    40,
    41,
    42,
    43,
    44,
    45,
    46,
    47,
    48,
    49,
    50,
    51,
    52,
    53,
    54,
    55,
    56,
    57,
    58,
    59,
    60,
    61,
    62,
    63,
    64,
    65,
    66,
    67,
    68,
    69,
    70,
    71,
    72,
    73,
    74,
    75,
    76,
    77,
    78,
    79,
    80,
    81,
    82,
    83,
    84,
    85,
    86,
    87,
    88,
    89,
    90,
    91,
    92,
    93,
    94
  ],
  "train_loss": [
    0.3433830738067627,
    0.13861897587776184,
    0.10182207077741623,
    0.0847933292388916,
    0.07344939559698105,
    0.0650201216340065,
    0.06261072307825089,
    0.05833802744746208,
    0.05534430965781212,
    0.05323585867881775,
    0.05317980423569679,
    0.050184931606054306,
    0.04938516765832901,
    0.04682224616408348,
    0.04295002296566963,
    0.040309399366378784,
    0.03778425604104996,
    0.03800962120294571,
    0.03697316721081734,
    0.0350872240960598,
    0.03335586190223694,
    0.03289948031306267,
    0.030782602727413177,
    0.03102654218673706,
    0.02885465696454048,
    0.027815980836749077,
    0.02759925089776516,
    0.026575520634651184,
    0.02607153356075287,
    0.025273967534303665,
    0.026188401505351067,
    0.024740567430853844,
    0.024615511298179626,
    0.023970741778612137,
    0.022939417511224747,
    0.02266368828713894,
    0.021547529846429825,
    0.021079309284687042,
    0.0213378444314003,
    0.02134690247476101,
    0.0205013919621706,
    0.01997765526175499,
    0.020499181002378464,
    0.019320301711559296,
    0.019498474895954132,
    0.017784155905246735,
    0.018879638984799385,
    0.016700277104973793,
    0.01714714802801609,
    0.017861248925328255,
    0.018940631300210953,
    0.017657563090324402,
    0.016745300963521004,
    0.016956420615315437,
    0.01633160002529621,
    0.016155902296304703,
    0.016586435958743095,
    0.015405410900712013,
    0.0156124671921134,
    0.015252042561769485,
    0.015436191111803055,
    0.01507097389549017,
    0.014847121201455593,
    0.01463050115853548,
    0.015081736259162426,
    0.014034919440746307,
    0.01435102242976427,
    0.013552553951740265,
    0.013671797700226307,
    0.01403281930834055,
    0.014131114818155766,
    0.013567852787673473,
    0.014345036819577217,
    0.01431204006075859,
    0.013453027233481407,
    0.013031872920691967,
    0.013148798607289791,
    0.013197140768170357,
    0.012864839285612106,
    0.012606851756572723,
    0.012184934690594673,
    0.012098546139895916,
    0.011800829321146011,
    0.0126976752653718,
    0.012780100107192993,
    0.013011004775762558,
    0.012652508914470673,
    0.01250328216701746,
    0.012086033821105957,
    0.012122328393161297,
    0.0117813590914011,
    0.011328649707138538,
    0.012599988840520382,
    0.011549575254321098,
    0.011955245397984982
  ],
  "val_loss": [
    1.516255497932434,
    0.16869109869003296,
    0.10542276501655579,
    0.08264416456222534,
    0.07315999269485474,
    0.061331115663051605,
    0.0582447275519371,
    0.05514891445636749,
    0.05348951369524002,
    0.051201581954956055,
    0.050022199749946594,
    0.047725334763526917,
    0.045822497457265854,
    0.04594232514500618,
    0.04009198024868965,
    0.04038788378238678,
    0.03373504802584648,
    0.03390628844499588,
    0.0330657921731472,
    0.03098391555249691,
    0.028059978038072586,
    0.02735990099608898,
    0.026461854577064514,
    0.023682383820414543,
    0.02263590134680271,
    0.021925242617726326,
    0.02246653102338314,
    0.022232772782444954,
    0.020160555839538574,
    0.01902513951063156,
    0.018367046490311623,
    0.02162061259150505,
    0.018199337646365166,
    0.017575202509760857,
    0.01771755889058113,
    0.015441353432834148,
    0.01476725097745657,
    0.014683792367577553,
    0.015794232487678528,
    0.01436183974146843,
    0.01406544167548418,
    0.012836487032473087,
    0.018395233899354935,
    0.012514499016106129,
    0.013718695379793644,
    0.01267895195633173,
    0.011284253560006618,
    0.010834284126758575,
    0.009953084401786327,
    0.011591129004955292,
    0.010386534035205841,
    0.011632115580141544,
    0.010997751727700233,
    0.010436364449560642,
    0.010010924190282822,
    0.00980019848793745,
    0.012131959199905396,
    0.009749545715749264,
    0.010713232681155205,
    0.008941058069467545,
    0.008918383158743382,
    0.009360791184008121,
    0.009108050726354122,
    0.008241409435868263,
    0.008211199194192886,
    0.00958610512316227,
    0.009399492293596268,
    0.008871681988239288,
    0.008526179008185863,
    0.008676272816956043,
    0.00902624987065792,
    0.007812739349901676,
    0.008204726502299309,
    0.00996369868516922,
    0.008216585032641888,
    0.007657808717340231,
    0.007056970149278641,
    0.007475059013813734,
    0.007921265438199043,
    0.00727760000154376,
    0.007110351696610451,
    0.007291632704436779,
    0.007375906687229872,
    0.0068016438744962215,
    0.006879502907395363,
    0.006200617644935846,
    0.007277251686900854,
    0.0064964150078594685,
    0.00788048841059208,
    0.0066102249547839165,
    0.006634848192334175,
    0.006601489149034023,
    0.00763414753600955,
    0.006250591482967138,
    0.007412333972752094,
    0.006515419576317072
  ],
  "stopped_epoch": 95
}