{
  "epochs_recorded": [
    0,
    1,
    2,
    3,
    4,
    5,
    6,
    7,
    8,
    9,
    10,
    11,
    12,
    13,
    14,
    15,
    16,
    17,
    18,
    19,
    20,
    21
  ],
  "train_loss": [
    10.967215538024902,
    0.5546322464942932,
    0.13292357325553894,
    0.09831812977790833,
    0.08112123608589172,
    0.07690805941820145,
    0.07417234778404236,
    0.07136864215135574,
    0.07024181634187698,
    0.06425662338733673,
    0.06654106080532074,
    0.06297501921653748,
    0.062272701412439346,
    0.062266092747449875,
    0.06443562358617783,
    0.07057332247495651,
    0.0693574845790863,
    0.06191253289580345,
    0.06827116757631302,
    0.07072565704584122,
    0.0577244758605957,
    0.05889410525560379
  ],
  "val_loss": [
    0.11707057058811188,
    0.4139416217803955,
    0.15991410613059998,
    0.11502765864133835,
    0.08270537108182907,
    0.07863301783800125,
    0.09509630501270294,
    0.07451263070106506,
    0.08649113029241562,
    0.07334887981414795,
    0.07429098337888718,
    0.07495541125535965,
    0.07044471800327301,
    0.07056932151317596,
    0.0720081627368927,
    0.07190278172492981,
    0.1024893969297409,
    0.0743272602558136,
    0.07493578642606735,
    0.08897639065980911,
    0.08007543534040451,
    0.07111377269029617,
    0.07136247307062149
  ],
  "stopped_epoch": 22
}