{
  "epochs_recorded": [
    0,
    1,
    2,
    3,
    4,
    5,
    6,
    7,
    8,
    9,
    10,
    11,
    12,
    13,
    14,
    15,
    16,
    17,
    18,
    19,
    20,
    21,
    22,
    23,
    24,
    25,
    26,
    27,
    28,
    29,
    30,
    31,
    32,
    33,
    34,
    35
  ],
  "train_loss": [
    0.7344835996627808,
    0.6145634651184082,
    0.5636122226715088,
    0.5297940969467163,
    0.541710376739502,
    0.540650486946106,
    0.5011470317840576,
    0.5157936811447144,
    0.4960821866989136,
    0.5028048157691956,
    0.4920729398727417,
    0.5010985732078552,
    0.4991181790828705,
    0.47773444652557373,
    0.48545584082603455,
    0.4795575737953186,
    0.47944673895835876,
    0.5031151175498962,
    0.48262399435043335,
    0.47720226645469666,
    0.4780862331390381,
    0.4903441071510315,
    0.49689367413520813,
    0.4758409261703491,
    0.4844787120819092,
    0.493840754032135,
    0.4706358015537262,
    0.47677573561668396,
    0.4675276279449463,
    0.47385334968566895,
    0.47243809700012207,
    0.4662734866142273,
    0.4808356463909149,
    0.48466747999191284,
    0.4819447994232178,
    0.46841558814048767
  ],
  "val_loss": [
    0.4297497868537903,
    1.1747033596038818,
    1.0245442390441895,
    0.15533222258090973,
    0.12571179866790771,
    0.12464935332536697,
    0.08841221034526825,
    0.10711059719324112,
    0.09704434126615524,
    0.06793512403964996,
    0.06756331771612167,
    0.05321687087416649,
    0.06123730167746544,
    0.047177400439977646,
    0.04905006289482117,
    0.0459064356982708,
    0.04592803120613098,
    0.041164446622133255,
    0.04697658121585846,
    0.04331305995583534,
    0.046183377504348755,
    0.0424579419195652,
    0.043422881513834,
    0.04137013852596283,
    0.047731366008520126,
    0.045609138906002045,
    0.03938819468021393,
    0.041406821459531784,
    0.04682023078203201,
    0.047242119908332825,
    0.04080710560083389,
    0.04433004558086395,
    0.04108873009681702,
    0.04454786330461502,
    0.040510352700948715,
    0.041022300720214844,
    0.046015091240406036
  ],
  "stopped_epoch": 36
}