{
  "epochs_recorded": [
    0,
    1,
    2,
    3,
    4,
    5,
    6,
    7,
    8,
    9,
    10,
    11,
    12,
    13,
    14,
    15,
    16,
    17,
    18,
    19,
    20,
    21,
    22
  ],
  "train_loss": [
    0.6838434934616089,
    0.5893935561180115,
    0.5828174352645874,
    0.5525518655776978,
    0.5155966281890869,
    0.521997332572937,
    0.5231052041053772,
    0.5118060111999512,
    0.5090430378913879,
    0.5025266408920288,
    0.5176052451133728,
    0.5183680057525635,
    0.5215852856636047,
    0.5192089080810547,
    0.5304735898971558,
    0.5142500400543213,
    0.5264673829078674,
    0.5317423939704895,
    0.5089304447174072,
    0.5183770060539246,
    0.502970278263092,
    0.8554861545562744,
    0.5349388718605042
  ],
  "val_loss": [
    0.4265511631965637,
    0.22842487692832947,
    0.18268923461437225,
    0.20694710314273834,
    0.18062004446983337,
    0.09825097024440765,
    0.07417111098766327,
    0.07292814552783966,
    0.08128806948661804,
    0.08383410423994064,
    0.09589589387178421,
    0.10021057724952698,
    0.10984709113836288,
    0.06906262785196304,
    0.09333072602748871,
    0.10042238235473633,
    0.08473288267850876,
    0.08488523215055466,
    0.10292575508356094,
    0.072716124355793,
    0.10104267299175262,
    0.10928371548652649,
    0.07138127833604813,
    0.08155844360589981
  ],
  "stopped_epoch": 23
}