{
  "epochs_recorded": [
    0,
    1,
    2,
    3,
    4,
    5,
    6,
    7,
    8,
    9,
    10,
    11,
    12,
    13,
    14,
    15,
    16,
    17,
    18,
    19,
    20,
    21,
    22,
    23,
    24,
    25,
    26,
    27,
    28,
    29,
    30,
    31,
    32,
    33,
    34,
    35,
    36,
    37,
    38,
    39,
    40,
    41,
    42,
    43,
    44,
    45,
    46,
    47,
    48,
    49,
    50,
    51,
    52,
    53,
    54,
    55,
    56,
    57,
    58,
    59,
    60,
    61,
    62,
    63,
    64,
    65,
    66,
    67,
    68,
    69,
    70,
    71,
    72,
    73,
    74,
    75,
    76,
    77,
    78,
    79,
    80,
    81,
    82,
    83,
    84,
    85,
    86,
    87,
    88,
    89,
    90,
    91,
    92,
    93,
    94,
    95,
    96,
    97,
    98,
    99
  ],
  "train_loss": [
    2.685133934020996,
    0.3189800977706909,
    0.28695961833000183,
    0.2742421627044678,
    0.2664848268032074,
    0.2622467279434204,
    0.2611853778362274,
    0.2596689760684967,
    0.25620904564857483,
    0.25261640548706055,
    0.25173652172088623,
    0.24973739683628082,
    0.2506578266620636,
    0.2529875338077545,
    0.2408338189125061,
    0.22172899544239044,
    0.19674810767173767,
    0.18095655739307404,
    0.15229985117912292,
    0.14069122076034546,
    0.12727947533130646,
    0.12341968715190887,
    0.12184259295463562,
    0.1265851855278015,
    0.12319435179233551,
    0.1193036362528801,
    0.1135922223329544,
    0.10847705602645874,
    0.10093643516302109,
    0.09506727010011673,
    0.0941983163356781,
    0.09030028432607651,
    0.08529463410377502,
    0.08638592809438705,
    0.07913658022880554,
    0.07483592629432678,
    0.07529360800981522,
    0.07064738124608994,
    0.07163988053798676,
    0.07341025024652481,
    0.07418669015169144,
    0.0744151845574379,
    0.06735682487487793,
    0.06593196839094162,
    0.06153612583875656,
    0.05627373605966568,
    0.05671669915318489,
    0.05398261547088623,
    0.05335674807429314,
    0.05301859229803085,
    0.05131000652909279,
    0.050181616097688675,
    0.050711870193481445,
    0.05359844118356705,
    0.05005887895822525,
    0.04856733977794647,
    0.046136412769556046,
    0.047079041600227356,
    0.047231048345565796,
    0.04379085451364517,
    0.04372968152165413,
    0.043516580015420914,
    0.04313280060887337,
    0.04317273944616318,
    0.04243249446153641,
    0.04131786525249481,
    0.040396593511104584,
    0.03844456747174263,
    0.04383362829685211,
    0.04297129809856415,
    0.03594130277633667,
    0.03466958925127983,
    0.03175569698214531,
    0.030773736536502838,
    0.031135134398937225,
    0.030842412263154984,
    0.028875939548015594,
    0.027359459549188614,
    0.02663460746407509,
    0.026033245027065277,
    0.026578746736049652,
    0.027086997404694557,
    0.027851499617099762,
    0.026043035089969635,
    0.024784844368696213,
    0.025435760617256165,
    0.02615681104362011,
    0.024597249925136566,
    0.02419310063123703,
    0.02322647161781788,
    0.02295706421136856,
    0.02339039370417595,
    0.02125350758433342,
    0.021626481786370277,
    0.022287869825959206,
    0.022406943142414093,
    0.02159244939684868,
    0.021057605743408203,
    0.020691579207777977,
    0.020200422033667564
  ],
  "val_loss": [
    1.827578067779541,
    0.25812163949012756,
    0.26063260436058044,
    0.2379606068134308,
    0.22872357070446014,
    0.23097221553325653,
    0.23091468214988708,
    0.25075724720954895,
    0.23886817693710327,
    0.2393387407064438,
    0.23513400554656982,
    0.23576931655406952,
    0.22820937633514404,
    0.2265695035457611,
    0.2362464964389801,
    0.21990199387073517,
    0.17939426004886627,
    0.20722581446170807,
    0.1369921863079071,
    0.13766814768314362,
    0.11926265805959702,
    0.12100758403539658,
    0.10883385688066483,
    0.12101166695356369,
    0.11565578728914261,
    0.11827264726161957,
    0.1039074957370758,
    0.10270871967077255,
    0.09713483601808548,
    0.09367138147354126,
    0.08793113380670547,
    0.0814824104309082,
    0.0850953757762909,
    0.08052869141101837,
    0.07948807626962662,
    0.07054795324802399,
    0.07368125021457672,
    0.07229644060134888,
    0.06970331072807312,
    0.0743836760520935,
    0.07436574250459671,
    0.07605432718992233,
    0.06755436211824417,
    0.06434893608093262,
    0.058353912085294724,
    0.05416366457939148,
    0.05492947995662689,
    0.05856456607580185,
    0.05003756657242775,
    0.05016080290079117,
    0.04766114056110382,
    0.05010445415973663,
    0.049467768520116806,
    0.04977896064519882,
    0.04965781047940254,
    0.047415390610694885,
    0.04304708167910576,
    0.04365970939397812,
    0.04989525303244591,
    0.04464682564139366,
    0.039165984839200974,
    0.04418233036994934,
    0.04180687293410301,
    0.04557556286454201,
    0.04530887305736542,
    0.039427828043699265,
    0.03879828378558159,
    0.039721835404634476,
    0.0404830127954483,
    0.04139167442917824,
    0.03409281745553017,
    0.03444367274641991,
    0.027343282476067543,
    0.028321152552962303,
    0.028560247272253036,
    0.0260398481041193,
    0.025190778076648712,
    0.023376012220978737,
    0.020426712930202484,
    0.020334241911768913,
    0.02288471721112728,
    0.02060750685632229,
    0.02052093669772148,
    0.02519100159406662,
    0.020193586125969887,
    0.023136325180530548,
    0.025260619819164276,
    0.017916737124323845,
    0.023362956941127777,
    0.02133534662425518,
    0.020420916378498077,
    0.0196535587310791,
    0.016676699742674828,
    0.019459033384919167,
    0.018157146871089935,
    0.01769298128783703,
    0.018953977152705193,
    0.015249049291014671,
    0.017487242817878723,
    0.016797633841633797,
    0.01646934635937214
  ],
  "stopped_epoch": 100
}