{
  "epochs_recorded": [
    0,
    1,
    2,
    3,
    4,
    5,
    6,
    7,
    8,
    9,
    10,
    11,
    12,
    13,
    14
  ],
  "train_loss": [
    0.8400578498840332,
    0.7599459886550903,
    0.6204755306243896,
    0.5690291523933411,
    0.6021011471748352,
    0.5379939675331116,
    0.7646505236625671,
    0.625643253326416,
    0.602837860584259,
    0.558180570602417,
    0.5516730546951294,
    0.5542880296707153,
    0.5607540011405945,
    0.5488733053207397,
    0.5261527299880981
  ],
  "val_loss": [
    1.4604558944702148,
    0.6562274694442749,
    0.388683557510376,
    0.15174522995948792,
    0.10785634815692902,
    0.0965242087841034,
    0.10544289648532867,
    0.10248541831970215,
    0.11030244827270508,
    0.12234483659267426,
    0.1133895292878151,
    0.1047300323843956,
    0.10500095039606094,
    0.11605031043291092,
    0.11075235158205032,
    0.10191770642995834
  ],
  "stopped_epoch": 15
}