{
  "epochs_recorded": [
    0,
    1,
    2,
    3,
    4,
    5,
    6,
    7,
    8,
    9,
    10,
    11,
    12,
    13,
    14,
    15,
    16,
    17,
    18,
    19,
    20,
    21,
    22,
    23,
    24,
    25,
    26,
    27
  ],
  "train_loss": [
    0.8281133770942688,
    0.6422537565231323,
    0.6083621978759766,
    0.5519319176673889,
    0.5568959712982178,
    0.5467526912689209,
    0.5246710777282715,
    0.5378591418266296,
    0.5219305157661438,
    0.5412499904632568,
    0.522016704082489,
    0.5186018347740173,
    0.5104053616523743,
    0.5196274518966675,
    0.5034568905830383,
    0.49330881237983704,
    0.4890439510345459,
    0.5101571083068848,
    0.5069143772125244,
    0.5108824372291565,
    0.5106571912765503,
    0.5022261142730713,
    0.538065493106842,
    0.49116045236587524,
    0.5094159841537476,
    0.4958312511444092,
    0.5086275935173035,
    0.5026726126670837
  ],
  "val_loss": [
    0.36887073516845703,
    0.24168510735034943,
    0.19808048009872437,
    0.17187362909317017,
    0.1133217066526413,
    0.07290737330913544,
    0.1201469823718071,
    0.10890569537878036,
    0.09320542961359024,
    0.10663532465696335,
    0.2148919701576233,
    0.061565905809402466,
    0.08145579695701599,
    0.07308576256036758,
    0.0761367529630661,
    0.06206328049302101,
    0.062214888632297516,
    0.13687394559383392,
    0.05694945156574249,
    0.06232628971338272,
    0.0875222384929657,
    0.1477847844362259,
    0.10538356006145477,
    0.06275270134210587,
    0.06707803905010223,
    0.0647173672914505,
    0.08797856420278549,
    0.07834052294492722,
    0.12182889878749847
  ],
  "stopped_epoch": 28
}