{
  "epochs_recorded": [
    0,
    1,
    2,
    3,
    4,
    5,
    6,
    7,
    8,
    9,
    10,
    11,
    12,
    13,
    14,
    15,
    16,
    17,
    18,
    19,
    20,
    21,
    22,
    23,
    24,
    25,
    26,
    27,
    28,
    29,
    30,
    31,
    32,
    33,
    34,
    35,
    36,
    37,
    38,
    39,
    40,
    41,
    42,
    43,
    44,
    45,
    46,
    47,
    48,
    49,
    50,
    51,
    52,
    53,
    54,
    55,
    56,
    57,
    58,
    59,
    60,
    61,
    62,
    63,
    64,
    65,
    66,
    67,
    68,
    69,
    70,
    71,
    72,
    73,
    74,
    75,
    76,
    77,
    78,
    79,
    80,
    81,
    82,
    83,
    84,
    85,
    86,
    87,
    88,
    89,
    90,
    91,
    92,
    93,
    94,
    95,
    96,
    97,
    98,
    99
  ],
  "train_loss": [
    1.7892835140228271,
    1.6521484851837158,
    1.438265323638916,
    1.3217418193817139,
    1.2538201808929443,
    1.0554778575897217,
    1.0139070749282837,
    1.0197737216949463,
    0.892932116985321,
    0.8985846042633057,
    0.8618723154067993,
    0.8384806513786316,
    0.9709362983703613,
    0.8477048873901367,
    0.7543010115623474,
    0.8120588064193726,
    0.7665327787399292,
    0.8092260360717773,
    0.7937072515487671,
    0.8101226091384888,
    0.7431261539459229,
    0.7911423444747925,
    0.7218249440193176,
    0.742576539516449,
    0.7277167439460754,
    0.7073118686676025,
    0.8063198328018188,
    0.6736291646957397,
    0.7446928024291992,
    0.6765234470367432,
    0.6957007050514221,
    0.7085977792739868,
    0.6713680028915405,
    0.6409608125686646,
    0.7225717902183533,
    0.6764136552810669,
    0.6470317840576172,
    0.6828670501708984,
    0.696293294429779,
    0.6367881298065186,
    0.652523398399353,
    0.652876615524292,
    0.6602603793144226,
    0.6657943725585938,
    0.636919379234314,
    0.6180407404899597,
    0.6729361414909363,
    0.613109827041626,
    0.6640374660491943,
    0.6265839338302612,
    0.6010808944702148,
    0.604655921459198,
    0.6266211867332458,
    0.6013513803482056,
    0.5908303260803223,
    0.6058045029640198,
    0.6012986898422241,
    0.5771665573120117,
    0.6228058934211731,
    0.6107376217842102,
    0.6127530336380005,
    0.6528710722923279,
    0.5882833003997803,
    0.6228526830673218,
    0.610721230506897,
    0.5967205166816711,
    0.5507652163505554,
    0.6172815561294556,
    0.5703917145729065,
    0.577373206615448,
    0.6136521100997925,
    0.6234859228134155,
    0.5888378620147705,
    0.5769156217575073,
    0.5682805776596069,
    0.6221400499343872,
    0.5965806245803833,
    0.6174229979515076,
    0.5542815327644348,
    0.5472736358642578,
    0.5532107949256897,
    0.5630888938903809,
    0.5983121991157532,
    0.5808020234107971,
    0.5769723653793335,
    0.5444704294204712,
    0.5773711204528809,
    0.5676316618919373,
    0.567630410194397,
    0.5718051791191101,
    0.6305770874023438,
    0.5844591856002808,
    0.5455566644668579,
    0.5987101197242737,
    0.5310425758361816,
    0.5692230463027954,
    0.5673819780349731,
    0.5721113085746765,
    0.5915149450302124,
    0.5856662392616272
  ],
  "val_loss": [
    1.5303889513015747,
    1.6025406122207642,
    1.1759960651397705,
    0.9202345013618469,
    0.5469302535057068,
    0.49610763788223267,
    0.43629464507102966,
    0.2892310619354248,
    0.2253488153219223,
    0.22209720313549042,
    0.200159952044487,
    0.21028591692447662,
    0.20050422847270966,
    0.18355314433574677,
    0.18190549314022064,
    0.17605160176753998,
    0.17271015048027039,
    0.16310766339302063,
    0.18963833153247833,
    0.18229255080223083,
    0.16508813202381134,
    0.15532787144184113,
    0.1650494933128357,
    0.16695614159107208,
    0.16098377108573914,
    0.15920518338680267,
    0.15443967282772064,
    0.15305575728416443,
    0.16259817779064178,
    0.1467023640871048,
    0.15326392650604248,
    0.14685547351837158,
    0.14719435572624207,
    0.1444837898015976,
    0.14121240377426147,
    0.1342225968837738,
    0.13794618844985962,
    0.13714328408241272,
    0.1373853236436844,
    0.12632527947425842,
    0.12418960779905319,
    0.12526963651180267,
    0.123774453997612,
    0.12737946212291718,
    0.11711110174655914,
    0.11517089605331421,
    0.11805234849452972,
    0.11576621979475021,
    0.11766628921031952,
    0.11757513135671616,
    0.11590331792831421,
    0.1192568764090538,
    0.11503252387046814,
    0.10772616416215897,
    0.11545658111572266,
    0.11043120175600052,
    0.1091618537902832,
    0.11402326822280884,
    0.11035370081663132,
    0.10834337025880814,
    0.10968286544084549,
    0.10547930747270584,
    0.10695625096559525,
    0.10782484710216522,
    0.10187175869941711,
    0.10501554608345032,
    0.10012742131948471,
    0.10701925307512283,
    0.0975479856133461,
    0.09883008897304535,
    0.10340361297130585,
    0.10173626244068146,
    0.10182075202465057,
    0.09986929595470428,
    0.0999578982591629,
    0.09872189164161682,
    0.0977993756532669,
    0.09499683976173401,
    0.0962754413485527,
    0.10043514519929886,
    0.09600725024938583,
    0.0931231752038002,
    0.09672050178050995,
    0.09411731362342834,
    0.09459758549928665,
    0.09715907275676727,
    0.09160856157541275,
    0.09538214653730392,
    0.09488879889249802,
    0.09721334278583527,
    0.09381753951311111,
    0.09109675139188766,
    0.09068315476179123,
    0.09718932956457138,
    0.09268463402986526,
    0.09929028153419495,
    0.0911572054028511,
    0.08983984589576721,
    0.09121136367321014,
    0.09325411170721054,
    0.09648077189922333
  ],
  "stopped_epoch": 100
}