{
  "epochs_recorded": [
    0,
    1,
    2,
    3,
    4,
    5,
    6,
    7,
    8,
    9,
    10,
    11,
    12,
    13,
    14,
    15,
    16,
    17,
    18,
    19,
    20,
    21,
    22,
    23,
    24,
    25,
    26,
    27,
    28,
    29,
    30,
    31,
    32,
    33,
    34,
    35,
    36,
    37,
    38,
    39,
    40,
    41,
    42,
    43,
    44,
    45,
    46,
    47,
    48,
    49,
    50,
    51,
    52,
    53,
    54
  ],
  "train_loss": [
    0.6348063945770264,
    0.2532576620578766,
    0.18171070516109467,
    0.1525743454694748,
    0.12371008843183517,
    0.09818614274263382,
    0.07674868404865265,
    0.06609133630990982,
    0.06085619330406189,
    0.056841615587472916,
    0.054521068930625916,
    0.05139359459280968,
    0.05003641918301582,
    0.04820422828197479,
    0.04658070579171181,
    0.04647138714790344,
    0.04538477584719658,
    0.04395734891295433,
    0.04528769850730896,
    0.04363659769296646,
    0.0423034206032753,
    0.040832702070474625,
    0.04129486158490181,
    0.04089762270450592,
    0.03956950828433037,
    0.04096882417798042,
    0.03889346495270729,
    0.03980278596282005,
    0.03822177276015282,
    0.03761198744177818,
    0.03819186985492706,
    0.03687269613146782,
    0.03627552464604378,
    0.03686809539794922,
    0.03853505477309227,
    0.03582940623164177,
    0.03639707714319229,
    0.036027099937200546,
    0.034934960305690765,
    0.03473250940442085,
    0.03516758978366852,
    0.035220373421907425,
    0.03447892889380455,
    0.03473271057009697,
    0.03417500481009483,
    0.034141551703214645,
    0.03389391303062439,
    0.03416791930794716,
    0.03362172096967697,
    0.03458308428525925,
    0.034453123807907104,
    0.033969949930906296,
    0.035091787576675415,
    0.034713659435510635,
    0.03325965628027916
  ],
  "val_loss": [
    2.6354126930236816,
    0.2601957619190216,
    0.15173189342021942,
    0.14719057083129883,
    0.10945688188076019,
    0.0787895917892456,
    0.059108126908540726,
    0.04475245997309685,
    0.04232741892337799,
    0.03966193646192551,
    0.037698760628700256,
    0.037437476217746735,
    0.0359400175511837,
    0.037274204194545746,
    0.03495587408542633,
    0.0343722440302372,
    0.03800978511571884,
    0.033642783761024475,
    0.0335698127746582,
    0.03550105169415474,
    0.033901382237672806,
    0.03274023160338402,
    0.0321035273373127,
    0.031149081885814667,
    0.03105711191892624,
    0.030838532373309135,
    0.03125311806797981,
    0.03226729854941368,
    0.03141648694872856,
    0.030767757445573807,
    0.03129534795880318,
    0.0323885977268219,
    0.030148722231388092,
    0.03013102523982525,
    0.031396690756082535,
    0.03174235671758652,
    0.033831726759672165,
    0.03285743296146393,
    0.029982857406139374,
    0.03007379360496998,
    0.029789933934807777,
    0.029891692101955414,
    0.029677439481019974,
    0.03278597444295883,
    0.031530655920505524,
    0.029447030276060104,
    0.03510643169283867,
    0.031696245074272156,
    0.03334097936749458,
    0.03222368285059929,
    0.038103338330984116,
    0.030834417790174484,
    0.035673756152391434,
    0.031759846955537796,
    0.030615217983722687,
    0.0328703299164772
  ],
  "stopped_epoch": 55
}