{
  "epochs_recorded": [
    0,
    1,
    2,
    3,
    4,
    5,
    6,
    7,
    8,
    9,
    10,
    11,
    12,
    13,
    14
  ],
  "train_loss": [
    0.6780648827552795,
    0.06846610456705093,
    0.05698167160153389,
    0.05644463375210762,
    0.056717850267887115,
    0.05684218928217888,
    0.05656967684626579,
    0.057131167501211166,
    0.05724691227078438,
    0.056877464056015015,
    0.05773353949189186,
    0.057644814252853394,
    0.057181466370821,
    0.05671336501836777,
    0.05775143951177597
  ],
  "val_loss": [
    0.32020342350006104,
    0.10776779055595398,
    0.07017393410205841,
    0.06951698660850525,
    0.06947655230760574,
    0.06938879936933517,
    0.07096444815397263,
    0.07552123069763184,
    0.07041607052087784,
    0.07179061323404312,
    0.07102465629577637,
    0.0701240599155426,
    0.08168316632509232,
    0.06953036040067673,
    0.07382351905107498,
    0.07049097120761871
  ],
  "stopped_epoch": 15
}