{
  "epochs_recorded": [
    0,
    1,
    2,
    3,
    4,
    5,
    6,
    7,
    8,
    9,
    10,
    11,
    12,
    13,
    14,
    15,
    16,
    17,
    18,
    19,
    20,
    21,
    22,
    23,
    24,
    25,
    26,
    27,
    28,
    29,
    30,
    31,
    32,
    33,
    34
  ],
  "train_loss": [
    1.311164379119873,
    1.038482666015625,
    0.8400605320930481,
    0.6841819882392883,
    0.9816242456436157,
    0.6546828150749207,
    0.6296073198318481,
    0.6124289631843567,
    0.5747179388999939,
    0.5873913764953613,
    0.5695477724075317,
    0.547981321811676,
    0.5757927894592285,
    0.5608346462249756,
    0.5198284387588501,
    0.5436705350875854,
    0.5371096134185791,
    0.5454676747322083,
    0.5421924591064453,
    0.531769335269928,
    0.5627720952033997,
    0.5324551463127136,
    0.5274033546447754,
    0.5572302341461182,
    0.5372290015220642,
    0.5330971479415894,
    0.5655863881111145,
    0.5470318794250488,
    0.5128623843193054,
    0.5315214395523071,
    0.5519416928291321,
    0.5392841100692749,
    0.5449773073196411,
    0.6701347827911377,
    0.5565800666809082
  ],
  "val_loss": [
    1.4199944734573364,
    0.37035828828811646,
    0.49223875999450684,
    0.19651056826114655,
    0.17861168086528778,
    0.2526688277721405,
    0.5914570093154907,
    0.20250949263572693,
    0.1434573382139206,
    0.11060002446174622,
    0.1017913818359375,
    0.09832785278558731,
    0.09368610382080078,
    0.09392976760864258,
    0.09656583517789841,
    0.0927305594086647,
    0.08975502103567123,
    0.09108291566371918,
    0.09128078818321228,
    0.09141214191913605,
    0.08897579461336136,
    0.08997266739606857,
    0.08992889523506165,
    0.0856071263551712,
    0.08569321036338806,
    0.08536181598901749,
    0.08705392479896545,
    0.087750643491745,
    0.08854356408119202,
    0.0887126475572586,
    0.08713239431381226,
    0.09502643346786499,
    0.0947735607624054,
    0.08992324024438858,
    0.14626120030879974,
    0.12566517293453217
  ],
  "stopped_epoch": 35
}