{
  "epochs_recorded": [
    0,
    1,
    2,
    3,
    4,
    5,
    6,
    7,
    8,
    9,
    10,
    11,
    12,
    13,
    14,
    15,
    16,
    17,
    18,
    19,
    20,
    21,
    22,
    23,
    24,
    25,
    26,
    27,
    28,
    29,
    30,
    31,
    32,
    33,
    34,
    35,
    36,
    37,
    38,
    39,
    40,
    41,
    42,
    43,
    44,
    45,
    46,
    47,
    48,
    49,
    50,
    51,
    52,
    53,
    54,
    55,
    56,
    57,
    58,
    59,
    60,
    61,
    62,
    63,
    64,
    65,
    66,
    67,
    68,
    69,
    70,
    71,
    72,
    73
  ],
  "train_loss": [
    0.36553460359573364,
    0.17583483457565308,
    0.1309533268213272,
    0.1174420565366745,
    0.1109907329082489,
    0.10712947696447372,
    0.10421893000602722,
    0.10158959031105042,
    0.10008109360933304,
    0.09707274287939072,
    0.09459948539733887,
    0.09537253528833389,
    0.09427458792924881,
    0.0938965380191803,
    0.09115155041217804,
    0.09145300835371017,
    0.09175445884466171,
    0.09195864945650101,
    0.09083642810583115,
    0.09088509529829025,
    0.0918363630771637,
    0.08995029330253601,
    0.08971510082483292,
    0.08583710342645645,
    0.07805135101079941,
    0.07036564499139786,
    0.06830888986587524,
    0.06767504662275314,
    0.06874320656061172,
    0.06760995090007782,
    0.0669667199254036,
    0.0665508434176445,
    0.06691170483827591,
    0.0671248659491539,
    0.0664115697145462,
    0.06584398448467255,
    0.065908282995224,
    0.06508985161781311,
    0.06496012210845947,
    0.06554321944713593,
    0.06475212424993515,
    0.06507732719182968,
    0.06582579761743546,
    0.0645047202706337,
    0.06554765999317169,
    0.06678885966539383,
    0.06470951437950134,
    0.06366267800331116,
    0.06568019092082977,
    0.0650610700249672,
    0.06762155890464783,
    0.06406374275684357,
    0.06332488358020782,
    0.06403601169586182,
    0.06372004747390747,
    0.06334575265645981,
    0.06457876414060593,
    0.06841420382261276,
    0.06523508578538895,
    0.06376256793737411,
    0.06409046053886414,
    0.06532184779644012,
    0.066041499376297,
    0.06446930021047592,
    0.06312297284603119,
    0.06430451571941376,
    0.06367158144712448,
    0.06549005210399628,
    0.06436679512262344,
    0.06493987888097763,
    0.06490235030651093,
    0.06508265435695648,
    0.06423316150903702,
    0.0640164315700531
  ],
  "val_loss": [
    1.5203635692596436,
    0.18820509314537048,
    0.12674865126609802,
    0.10922030359506607,
    0.10227350890636444,
    0.1015436053276062,
    0.10504738986492157,
    0.09909401834011078,
    0.09627998620271683,
    0.09633743017911911,
    0.09996043890714645,
    0.0995575487613678,
    0.09543097764253616,
    0.09757879376411438,
    0.0997561439871788,
    0.09667451679706573,
    0.09997691959142685,
    0.09606350213289261,
    0.09722018241882324,
    0.10077080875635147,
    0.09945189207792282,
    0.09559787809848785,
    0.09339559823274612,
    0.09055116027593613,
    0.08787738531827927,
    0.08015885949134827,
    0.07685757428407669,
    0.07852446287870407,
    0.07211694866418839,
    0.07047918438911438,
    0.07914189249277115,
    0.07491861283779144,
    0.07430604845285416,
    0.07880163937807083,
    0.07163780182600021,
    0.07444438338279724,
    0.07125356048345566,
    0.06840911507606506,
    0.06771048903465271,
    0.07170368731021881,
    0.0730871707201004,
    0.0675068348646164,
    0.07197482883930206,
    0.06794287264347076,
    0.06838975101709366,
    0.06443477421998978,
    0.06523061543703079,
    0.06649350374937057,
    0.06983094662427902,
    0.06622148305177689,
    0.0674067884683609,
    0.06644245982170105,
    0.06728153675794601,
    0.06628384441137314,
    0.06478872150182724,
    0.06218905374407768,
    0.06642509251832962,
    0.07228639721870422,
    0.0664435550570488,
    0.06805858761072159,
    0.06370843946933746,
    0.0652097687125206,
    0.06702268868684769,
    0.06186790019273758,
    0.061169177293777466,
    0.0630042776465416,
    0.06208769977092743,
    0.06301546841859818,
    0.0640760138630867,
    0.062750905752182,
    0.06136355549097061,
    0.06987223029136658,
    0.06221618130803108,
    0.062254346907138824,
    0.06435032933950424
  ],
  "stopped_epoch": 74
}