{
  "epochs_recorded": [
    0,
    1,
    2,
    3,
    4,
    5,
    6,
    7,
    8,
    9,
    10,
    11,
    12,
    13,
    14,
    15,
    16,
    17,
    18,
    19
  ],
  "train_loss": [
    0.7537709474563599,
    0.7818213105201721,
    0.6468641757965088,
    0.5782750844955444,
    0.5493210554122925,
    0.5279528498649597,
    0.5308933258056641,
    0.5442678928375244,
    0.5333577990531921,
    0.5207273960113525,
    0.5242241024971008,
    0.5628459453582764,
    0.5477903485298157,
    0.5440151691436768,
    0.5131229758262634,
    0.5197209119796753,
    0.5178364515304565,
    0.5320695042610168,
    0.5164711475372314,
    0.5301633477210999
  ],
  "val_loss": [
    1.3724479675292969,
    0.8919629454612732,
    0.15654805302619934,
    0.11504953354597092,
    0.1398799866437912,
    0.09766452759504318,
    0.09056492894887924,
    0.0891997367143631,
    0.10036253184080124,
    0.11396041512489319,
    0.08292128890752792,
    0.08676406741142273,
    0.08544711023569107,
    0.0837794691324234,
    0.12332937121391296,
    0.10146462172269821,
    0.12226135283708572,
    0.09773781150579453,
    0.09515517950057983,
    0.08326666057109833,
    0.09296605736017227
  ],
  "stopped_epoch": 20
}