{
  "epochs_recorded": [
    0,
    1,
    2,
    3,
    4,
    5,
    6,
    7,
    8,
    9,
    10,
    11,
    12,
    13,
    14,
    15,
    16,
    17,
    18,
    19,
    20,
    21,
    22,
    23,
    24,
    25,
    26,
    27,
    28,
    29,
    30,
    31,
    32,
    33,
    34,
    35,
    36,
    37,
    38,
    39,
    40,
    41,
    42,
    43,
    44,
    45,
    46
  ],
  "train_loss": [
    0.3060851991176605,
    0.14084576070308685,
    0.08331374824047089,
    0.07330438494682312,
    0.0664321556687355,
    0.06227793172001839,
    0.0572364367544651,
    0.05306538566946983,
    0.04796985164284706,
    0.04136911779642105,
    0.03932273015379906,
    0.037563249468803406,
    0.03792349994182587,
    0.034589216113090515,
    0.03512055054306984,
    0.032934267073869705,
    0.03264260292053223,
    0.033005084842443466,
    0.034750066697597504,
    0.033856045454740524,
    0.034354060888290405,
    0.03145547956228256,
    0.031078536063432693,
    0.032033663243055344,
    0.03041750192642212,
    0.0312570221722126,
    0.031655509024858475,
    0.03063342534005642,
    0.030186187475919724,
    0.031344085931777954,
    0.03394446521997452,
    0.030228501185774803,
    0.0312865674495697,
    0.03031022846698761,
    0.02996894344687462,
    0.030202286317944527,
    0.02941703051328659,
    0.029389483854174614,
    0.03213096782565117,
    0.030329570174217224,
    0.030294323340058327,
    0.028597939759492874,
    0.028970904648303986,
    0.02944371849298477,
    0.03106396459043026,
    0.030671529471874237,
    0.030765799805521965
  ],
  "val_loss": [
    1.2971454858779907,
    0.20209720730781555,
    0.09112589061260223,
    0.07609624415636063,
    0.07229733467102051,
    0.06534738838672638,
    0.06946966797113419,
    0.057850372046232224,
    0.059193000197410583,
    0.043184198439121246,
    0.03901675343513489,
    0.03755725920200348,
    0.03706413134932518,
    0.03738276660442352,
    0.03188617154955864,
    0.03236570954322815,
    0.030919797718524933,
    0.03318855166435242,
    0.03858364000916481,
    0.031925641000270844,
    0.02983766607940197,
    0.03080148622393608,
    0.03208039700984955,
    0.03106069751083851,
    0.02902430109679699,
    0.031306881457567215,
    0.030417606234550476,
    0.028669247403740883,
    0.02824932150542736,
    0.028258953243494034,
    0.0334346666932106,
    0.02947097085416317,
    0.031031694263219833,
    0.03133893758058548,
    0.028006749227643013,
    0.02770330384373665,
    0.027801895514130592,
    0.02729274518787861,
    0.033348336815834045,
    0.030025769025087357,
    0.02867926098406315,
    0.02739979326725006,
    0.02828514575958252,
    0.027762243524193764,
    0.02790697291493416,
    0.02755398489534855,
    0.029434682801365852,
    0.033516157418489456
  ],
  "stopped_epoch": 47
}