{
  "epochs_recorded": [
    0,
    1,
    2,
    3,
    4,
    5,
    6,
    7,
    8,
    9,
    10,
    11,
    12,
    13,
    14,
    15,
    16,
    17,
    18,
    19,
    20,
    21,
    22,
    23,
    24,
    25,
    26,
    27,
    28,
    29,
    30,
    31,
    32,
    33,
    34,
    35,
    36,
    37,
    38,
    39,
    40,
    41,
    42,
    43,
    44,
    45,
    46,
    47,
    48,
    49,
    50,
    51,
    52,
    53,
    54,
    55,
    56,
    57,
    58,
    59,
    60,
    61,
    62,
    63,
    64,
    65,
    66,
    67,
    68,
    69,
    70,
    71,
    72,
    73,
    74,
    75,
    76,
    77,
    78,
    79,
    80,
    81,
    82,
    83,
    84,
    85,
    86,
    87,
    88,
    89,
    90,
    91,
    92,
    93,
    94,
    95,
    96,
    97,
    98,
    99
  ],
  "train_loss": [
    0.668926477432251,
    0.2597285509109497,
    0.22663088142871857,
    0.19792231917381287,
    0.13781000673770905,
    0.11107554286718369,
    0.09365534037351608,
    0.08736266940832138,
    0.07993165403604507,
    0.07521089911460876,
    0.06977156549692154,
    0.0677369087934494,
    0.06419076770544052,
    0.06296192854642868,
    0.05960617959499359,
    0.05944282189011574,
    0.05768205597996712,
    0.05566729977726936,
    0.05398465692996979,
    0.05180792883038521,
    0.050066571682691574,
    0.04893477261066437,
    0.04776577651500702,
    0.04839286208152771,
    0.04478646442294121,
    0.04299968108534813,
    0.04117758199572563,
    0.03960273414850235,
    0.03831358626484871,
    0.03740689158439636,
    0.036779455840587616,
    0.03661958500742912,
    0.03498058021068573,
    0.03371220454573631,
    0.035314418375492096,
    0.032780472189188004,
    0.03252386674284935,
    0.03271310403943062,
    0.03160305321216583,
    0.03136666119098663,
    0.031229708343744278,
    0.030081672593951225,
    0.02978125773370266,
    0.028393730521202087,
    0.0280800461769104,
    0.027508936822414398,
    0.02801378443837166,
    0.027036618441343307,
    0.026704447343945503,
    0.027523068711161613,
    0.026226522400975227,
    0.026035578921437263,
    0.025416560471057892,
    0.025726905092597008,
    0.02434946969151497,
    0.02467028796672821,
    0.024067334830760956,
    0.02349093183875084,
    0.02332271635532379,
    0.02312074601650238,
    0.022765031084418297,
    0.02238231711089611,
    0.023059632629156113,
    0.023020895197987556,
    0.021842580288648605,
    0.02144569344818592,
    0.022132867947220802,
    0.02187081053853035,
    0.020996304228901863,
    0.020407726988196373,
    0.02050698921084404,
    0.020680822432041168,
    0.020578458905220032,
    0.020721212029457092,
    0.020099332556128502,
    0.020426668226718903,
    0.02061370201408863,
    0.019757650792598724,
    0.018944915384054184,
    0.01973642408847809,
    0.018921416252851486,
    0.01977323554456234,
    0.018979011103510857,
    0.0188806913793087,
    0.018660077825188637,
    0.019480543211102486,
    0.01891391910612583,
    0.018635984510183334,
    0.018758736550807953,
    0.018274080008268356,
    0.01865091174840927,
    0.018821051344275475,
    0.018421407788991928,
    0.017761103808879852,
    0.017781872302293777,
    0.01760314218699932,
    0.01782247982919216,
    0.01777811348438263,
    0.017018787562847137,
    0.016516385599970818
  ],
  "val_loss": [
    0.8275532722473145,
    0.3115684986114502,
    0.21038994193077087,
    0.19613312184810638,
    0.1513962298631668,
    0.10774412751197815,
    0.08331936597824097,
    0.07977230101823807,
    0.07187332957983017,
    0.0672888532280922,
    0.06228215992450714,
    0.062294673174619675,
    0.05827440321445465,
    0.057393647730350494,
    0.05424836277961731,
    0.05162312090396881,
    0.05155616253614426,
    0.0506228432059288,
    0.04938172176480293,
    0.04861198738217354,
    0.047462958842515945,
    0.046143341809511185,
    0.043125271797180176,
    0.04032089188694954,
    0.043312929570674896,
    0.03756679967045784,
    0.03612976148724556,
    0.03551613166928291,
    0.03242436796426773,
    0.031272172927856445,
    0.03422335162758827,
    0.03005637228488922,
    0.030995076522231102,
    0.029396848753094673,
    0.029910659417510033,
    0.026434892788529396,
    0.02710806392133236,
    0.02713596075773239,
    0.024516291916370392,
    0.024844449013471603,
    0.025649523362517357,
    0.024672722443938255,
    0.02445318177342415,
    0.023349560797214508,
    0.02165127731859684,
    0.023663774132728577,
    0.02200460433959961,
    0.022038545459508896,
    0.02038293518126011,
    0.02051137201488018,
    0.02184552140533924,
    0.019018182530999184,
    0.018660835921764374,
    0.019195418804883957,
    0.017531784251332283,
    0.01701701246201992,
    0.018703367561101913,
    0.017151130363345146,
    0.01641944609582424,
    0.01797524280846119,
    0.015793563798069954,
    0.01570734940469265,
    0.015698008239269257,
    0.01705395244061947,
    0.014219701290130615,
    0.015578034333884716,
    0.015756553038954735,
    0.014348103664815426,
    0.01389145478606224,
    0.01580296829342842,
    0.014987361617386341,
    0.013324904255568981,
    0.013602279126644135,
    0.013733619824051857,
    0.014282391406595707,
    0.013424745760858059,
    0.016430029645562172,
    0.01300346851348877,
    0.013948873616755009,
    0.012664949521422386,
    0.011989844031631947,
    0.013280150480568409,
    0.012722048908472061,
    0.012865020893514156,
    0.012489288114011288,
    0.012255644425749779,
    0.01333543285727501,
    0.011667712591588497,
    0.011558685451745987,
    0.011404109187424183,
    0.01190105453133583,
    0.01368170976638794,
    0.011932947672903538,
    0.011306715197861195,
    0.011929767206311226,
    0.011404914781451225,
    0.010561016388237476,
    0.01085188053548336,
    0.012253513559699059,
    0.011638205498456955,
    0.01088891364634037
  ],
  "stopped_epoch": 100
}