{
  "epochs_recorded": [
    0,
    1,
    2,
    3,
    4,
    5,
    6,
    7,
    8,
    9,
    10,
    11,
    12,
    13,
    14,
    15,
    16,
    17,
    18,
    19,
    20,
    21
  ],
  "train_loss": [
    85.0978775024414,
    2.300360679626465,
    0.6676586270332336,
    0.5084248185157776,
    0.43178343772888184,
    0.3881092965602875,
    0.3687790036201477,
    0.329551100730896,
    0.30398136377334595,
    0.3064989149570465,
    0.2890623211860657,
    0.2737678587436676,
    0.25924742221832275,
    0.2564726173877716,
    0.24882221221923828,
    0.2489081174135208,
    0.24617557227611542,
    0.23654039204120636,
    0.24025754630565643,
    0.23380069434642792,
    0.23103132843971252,
    0.24319791793823242
  ],
  "val_loss": [
    2.6201863288879395,
    4.181221008300781,
    0.7070996165275574,
    0.1926661729812622,
    0.22102028131484985,
    0.1798315942287445,
    0.18035833537578583,
    0.18097305297851562,
    0.18103675544261932,
    0.184559166431427,
    0.18609777092933655,
    0.1814180612564087,
    0.17680828273296356,
    0.19351814687252045,
    0.1848737895488739,
    0.19136331975460052,
    0.19770881533622742,
    0.20437705516815186,
    0.18669387698173523,
    0.18306699395179749,
    0.1934385746717453,
    0.18985538184642792,
    0.21575087308883667
  ],
  "stopped_epoch": 22
}