{
  "epochs_recorded": [
    0,
    1,
    2,
    3,
    4,
    5,
    6,
    7,
    8,
    9,
    10,
    11,
    12,
    13,
    14,
    15,
    16,
    17,
    18,
    19,
    20,
    21,
    22,
    23,
    24,
    25,
    26,
    27,
    28,
    29,
    30,
    31,
    32,
    33,
    34,
    35,
    36,
    37,
    38,
    39,
    40,
    41,
    42,
    43,
    44,
    45,
    46,
    47,
    48,
    49,
    50,
    51,
    52,
    53,
    54,
    55,
    56,
    57,
    58,
    59,
    60,
    61,
    62,
    63,
    64,
    65,
    66,
    67,
    68,
    69,
    70,
    71,
    72,
    73,
    74,
    75,
    76,
    77,
    78,
    79,
    80
  ],
  "train_loss": [
    0.7817814350128174,
    0.1349121481180191,
    0.07763352990150452,
    0.0680190920829773,
    0.06605085730552673,
    0.06480418890714645,
    0.06388822197914124,
    0.06448349356651306,
    0.0635404884815216,
    0.06290600448846817,
    0.06325443089008331,
    0.061310943216085434,
    0.06266678124666214,
    0.06047799065709114,
    0.06137799844145775,
    0.06064639240503311,
    0.06064222380518913,
    0.06054498627781868,
    0.05973788723349571,
    0.060189828276634216,
    0.05872908979654312,
    0.0584089420735836,
    0.05810290947556496,
    0.05637453868985176,
    0.055650655180215836,
    0.05521640181541443,
    0.055996473878622055,
    0.05353319272398949,
    0.05415446683764458,
    0.0539233572781086,
    0.052718110382556915,
    0.05200805142521858,
    0.05216199904680252,
    0.053403567522764206,
    0.05160129442811012,
    0.05127048119902611,
    0.04828447476029396,
    0.050297413021326065,
    0.048344049602746964,
    0.04755251482129097,
    0.04669657349586487,
    0.04505980387330055,
    0.04346129298210144,
    0.041333600878715515,
    0.041557427495718,
    0.03892551735043526,
    0.036857105791568756,
    0.034513331949710846,
    0.033003631979227066,
    0.03558783233165741,
    0.03349222242832184,
    0.03422563150525093,
    0.03357455134391785,
    0.02783374860882759,
    0.03181406855583191,
    0.029628116637468338,
    0.025926506146788597,
    0.026599228382110596,
    0.02979215793311596,
    0.02766702137887478,
    0.023416729643940926,
    0.02473398856818676,
    0.024431966245174408,
    0.022342707961797714,
    0.021045712754130363,
    0.020341474562883377,
    0.01938512548804283,
    0.018871275708079338,
    0.02068283036351204,
    0.022571751847863197,
    0.02150789275765419,
    0.016737118363380432,
    0.0182816032320261,
    0.018769793212413788,
    0.02440761588513851,
    0.021076399832963943,
    0.017276447266340256,
    0.015876909717917442,
    0.016921229660511017,
    0.016826661303639412,
    0.01573687046766281
  ],
  "val_loss": [
    0.17936748266220093,
    0.11712265014648438,
    0.08636903762817383,
    0.08001779764890671,
    0.07183336466550827,
    0.07063671946525574,
    0.06984711438417435,
    0.06889040023088455,
    0.06887520849704742,
    0.06967130303382874,
    0.06935085356235504,
    0.06876008212566376,
    0.06976376473903656,
    0.06920590251684189,
    0.06915273517370224,
    0.0687776654958725,
    0.06834960728883743,
    0.07061953842639923,
    0.07307208329439163,
    0.06770927459001541,
    0.06739484518766403,
    0.06659433990716934,
    0.06812507659196854,
    0.06387177109718323,
    0.06239502131938934,
    0.06184522807598114,
    0.06461122632026672,
    0.06116650626063347,
    0.05969496816396713,
    0.06365042924880981,
    0.05915110930800438,
    0.05927896499633789,
    0.05871662497520447,
    0.05735257267951965,
    0.05643606185913086,
    0.056412529200315475,
    0.06005115434527397,
    0.05580386146903038,
    0.05702277272939682,
    0.05635898932814598,
    0.05145261809229851,
    0.049894288182258606,
    0.050182051956653595,
    0.04740983992815018,
    0.04335717111825943,
    0.043060626834630966,
    0.03846835717558861,
    0.03466472029685974,
    0.03297454118728638,
    0.030482778325676918,
    0.03178747743368149,
    0.0350935161113739,
    0.033693742007017136,
    0.02737697772681713,
    0.02305714040994644,
    0.02970610372722149,
    0.020259123295545578,
    0.024481933563947678,
    0.01895231008529663,
    0.02664543129503727,
    0.015817968174815178,
    0.01342649944126606,
    0.014880811795592308,
    0.0151118328794837,
    0.02062775380909443,
    0.01193251647055149,
    0.014741246588528156,
    0.015284204855561256,
    0.011420960538089275,
    0.013182449154555798,
    0.013583226129412651,
    0.009622447192668915,
    0.010308205150067806,
    0.010818039067089558,
    0.032656919211149216,
    0.028029989451169968,
    0.011568734422326088,
    0.011252212338149548,
    0.020958568900823593,
    0.013337097130715847,
    0.011415240354835987,
    0.009872944094240665
  ],
  "stopped_epoch": 81
}