{
  "epochs_recorded": [
    0,
    1,
    2,
    3,
    4,
    5,
    6,
    7,
    8,
    9,
    10,
    11,
    12,
    13,
    14,
    15,
    16,
    17,
    18,
    19,
    20,
    21,
    22,
    23,
    24
  ],
  "train_loss": [
    0.6654661893844604,
    0.6060588359832764,
    0.5590633153915405,
    0.5027710199356079,
    0.48121771216392517,
    0.49041131138801575,
    0.4694322943687439,
    0.5006858110427856,
    0.4811514914035797,
    0.47950801253318787,
    0.46066516637802124,
    0.49125245213508606,
    0.46001163125038147,
    0.43750298023223877,
    0.4493049383163452,
    0.447344571352005,
    0.43708857893943787,
    0.4384671747684479,
    0.44934526085853577,
    0.4411103427410126,
    0.43787455558776855,
    0.4581984579563141,
    0.4522981345653534,
    0.444146990776062,
    0.44295650720596313
  ],
  "val_loss": [
    0.9490721225738525,
    0.19664408266544342,
    0.09120277315378189,
    0.08594396710395813,
    0.07858878374099731,
    0.07564414292573929,
    0.07955523580312729,
    0.08934498578310013,
    0.08638977259397507,
    0.10535324364900589,
    0.221710667014122,
    0.19148875772953033,
    0.27169468998908997,
    0.42455580830574036,
    0.09963813424110413,
    0.04418259114027023,
    0.20931430160999298,
    0.6416650414466858,
    0.38492491841316223,
    0.4035712778568268,
    0.6478450298309326,
    0.17465882003307343,
    0.6266394257545471,
    0.3473994731903076,
    0.06663565337657928,
    0.1869048923254013
  ],
  "stopped_epoch": 25
}