{
  "epochs_recorded": [
    0,
    1,
    2,
    3,
    4,
    5,
    6,
    7,
    8,
    9,
    10,
    11,
    12,
    13,
    14,
    15,
    16,
    17,
    18,
    19,
    20,
    21,
    22,
    23,
    24,
    25,
    26,
    27,
    28,
    29,
    30,
    31,
    32,
    33,
    34,
    35,
    36,
    37,
    38,
    39,
    40,
    41,
    42,
    43
  ],
  "train_loss": [
    0.6845203638076782,
    0.6525261402130127,
    0.5560718774795532,
    0.5125640630722046,
    0.5083421468734741,
    0.5225467085838318,
    0.5192089080810547,
    0.5051964521408081,
    0.48506006598472595,
    0.5097470283508301,
    0.4966769814491272,
    0.4893467426300049,
    0.532991349697113,
    0.5028495788574219,
    0.5149627327919006,
    0.49380385875701904,
    0.49276331067085266,
    0.5105487108230591,
    0.5085592865943909,
    0.49563339352607727,
    0.49080008268356323,
    0.5111501216888428,
    0.50983726978302,
    0.489994078874588,
    0.5032252073287964,
    0.4828305244445801,
    0.487027645111084,
    0.49566614627838135,
    0.4875333905220032,
    0.4937455952167511,
    0.47610121965408325,
    0.4808945059776306,
    0.4886033535003662,
    0.5095548629760742,
    0.4830986559391022,
    0.4768652617931366,
    0.47219380736351013,
    0.4804777503013611,
    0.48435261845588684,
    0.48747608065605164,
    0.48542332649230957,
    0.48375916481018066,
    0.4829632639884949,
    0.4911721348762512
  ],
  "val_loss": [
    0.6238783597946167,
    0.19171887636184692,
    0.09739328175783157,
    0.10352468490600586,
    0.09502750635147095,
    0.09287606179714203,
    0.07962508499622345,
    0.0980159193277359,
    0.12287729978561401,
    0.13182877004146576,
    0.1370576024055481,
    0.29356658458709717,
    0.36494460701942444,
    1.2385822534561157,
    0.11586811393499374,
    0.05179082229733467,
    0.07873537391424179,
    0.06778830289840698,
    0.054380081593990326,
    0.060503095388412476,
    0.048014603555202484,
    0.05951489508152008,
    0.044218290597200394,
    0.04434256628155708,
    0.05554851517081261,
    0.048795927315950394,
    0.04528391733765602,
    0.04321204125881195,
    0.04524724930524826,
    0.0475664883852005,
    0.04090422764420509,
    0.042534127831459045,
    0.0466303825378418,
    0.04297451674938202,
    0.04075122997164726,
    0.04330047592520714,
    0.04101746529340744,
    0.04100850597023964,
    0.04083085060119629,
    0.04531897231936455,
    0.04551506042480469,
    0.08149721473455429,
    0.04291510581970215,
    0.04496382549405098,
    0.041841283440589905
  ],
  "stopped_epoch": 44
}