{
  "epochs_recorded": [
    0,
    1,
    2,
    3,
    4,
    5,
    6,
    7,
    8,
    9,
    10,
    11,
    12,
    13,
    14,
    15,
    16,
    17,
    18,
    19,
    20,
    21,
    22,
    23,
    24,
    25,
    26,
    27,
    28,
    29,
    30,
    31,
    32,
    33,
    34,
    35,
    36,
    37,
    38,
    39,
    40,
    41,
    42,
    43,
    44,
    45,
    46,
    47,
    48,
    49,
    50,
    51,
    52,
    53,
    54,
    55,
    56,
    57,
    58,
    59,
    60,
    61,
    62,
    63,
    64,
    65,
    66,
    67,
    68,
    69,
    70,
    71,
    72,
    73,
    74,
    75,
    76,
    77,
    78,
    79,
    80,
    81,
    82,
    83,
    84,
    85,
    86,
    87,
    88,
    89,
    90,
    91,
    92,
    93,
    94,
    95,
    96,
    97,
    98,
    99
  ],
  "train_loss": [
    0.4339166581630707,
    0.17711789906024933,
    0.1190870851278305,
    0.10127121955156326,
    0.08619636297225952,
    0.07772449404001236,
    0.07488203048706055,
    0.06998290866613388,
    0.06652452796697617,
    0.06411133706569672,
    0.06244261562824249,
    0.06197212263941765,
    0.05991252884268761,
    0.05841151252388954,
    0.05600999295711517,
    0.0542183481156826,
    0.05323703587055206,
    0.05293610692024231,
    0.050658851861953735,
    0.04892987757921219,
    0.04892610013484955,
    0.047312118113040924,
    0.04564892128109932,
    0.044651422649621964,
    0.04371421039104462,
    0.04208673909306526,
    0.040284015238285065,
    0.03971805423498154,
    0.039002999663352966,
    0.03774882107973099,
    0.03690860792994499,
    0.03613462299108505,
    0.03610388934612274,
    0.03374023362994194,
    0.03421841934323311,
    0.03284287452697754,
    0.032660480588674545,
    0.03258863836526871,
    0.031638309359550476,
    0.03220612183213234,
    0.0314536988735199,
    0.0306510329246521,
    0.0294656902551651,
    0.029171984642744064,
    0.028208542615175247,
    0.027708375826478004,
    0.027451254427433014,
    0.02748602069914341,
    0.026298321783542633,
    0.02595704048871994,
    0.025506675243377686,
    0.025203783065080643,
    0.02535279281437397,
    0.024514829739928246,
    0.024319058284163475,
    0.02434772439301014,
    0.022978749126195908,
    0.02285916358232498,
    0.022741682827472687,
    0.022099489346146584,
    0.02195093221962452,
    0.021295612677931786,
    0.02119947224855423,
    0.021270614117383957,
    0.020696932449936867,
    0.020290391519665718,
    0.020520947873592377,
    0.020232517272233963,
    0.01953975111246109,
    0.020106684416532516,
    0.01900407113134861,
    0.018831336870789528,
    0.01922059804201126,
    0.01883917674422264,
    0.018458891659975052,
    0.018337445333600044,
    0.019130244851112366,
    0.018043650314211845,
    0.017304178327322006,
    0.01700013317167759,
    0.01734728179872036,
    0.01773829385638237,
    0.016668401658535004,
    0.016086997464299202,
    0.016515929251909256,
    0.016404375433921814,
    0.016471993178129196,
    0.015996107831597328,
    0.015313079580664635,
    0.015586975030601025,
    0.015247647650539875,
    0.015236742794513702,
    0.015394231304526329,
    0.015412726439535618,
    0.015382537618279457,
    0.014487054198980331,
    0.014799756929278374,
    0.014252721332013607,
    0.014584592543542385,
    0.014788537286221981
  ],
  "val_loss": [
    1.6205374002456665,
    0.1741674840450287,
    0.11912097781896591,
    0.10271483659744263,
    0.08321529626846313,
    0.07083737105131149,
    0.07071839272975922,
    0.0666595920920372,
    0.06353682279586792,
    0.06164177879691124,
    0.060783501714468,
    0.05962678790092468,
    0.06011646240949631,
    0.056468475610017776,
    0.05523492023348808,
    0.05401823669672012,
    0.05280163884162903,
    0.05099499225616455,
    0.05146712437272072,
    0.0482964888215065,
    0.045824989676475525,
    0.046806130558252335,
    0.04319014400243759,
    0.041603729128837585,
    0.04361920803785324,
    0.03957387059926987,
    0.03758339211344719,
    0.036825064569711685,
    0.0364282988011837,
    0.035609062761068344,
    0.033926770091056824,
    0.033642806112766266,
    0.03126223012804985,
    0.030851218849420547,
    0.03173133358359337,
    0.03014240972697735,
    0.029709117487072945,
    0.028997795656323433,
    0.032098446041345596,
    0.027334365993738174,
    0.027424121275544167,
    0.027170944958925247,
    0.026237105950713158,
    0.024273857474327087,
    0.02467230334877968,
    0.025202063843607903,
    0.025525996461510658,
    0.024616949260234833,
    0.02329876646399498,
    0.023331452161073685,
    0.021003996953368187,
    0.02217045985162258,
    0.021795758977532387,
    0.021572813391685486,
    0.02025710977613926,
    0.020271725952625275,
    0.021972531452775,
    0.01922530122101307,
    0.01940119080245495,
    0.019803976640105247,
    0.017739450559020042,
    0.017361098900437355,
    0.01749458722770214,
    0.017444292083382607,
    0.017130646854639053,
    0.016376033425331116,
    0.017373397946357727,
    0.01675598695874214,
    0.015698622912168503,
    0.017832716926932335,
    0.015937529504299164,
    0.014988010749220848,
    0.015930166468024254,
    0.014950418844819069,
    0.015308491885662079,
    0.013396293856203556,
    0.017290184274315834,
    0.015308818779885769,
    0.014621441252529621,
    0.01302251685410738,
    0.014134032651782036,
    0.013425538316369057,
    0.016158735379576683,
    0.013723751530051231,
    0.012335192412137985,
    0.011678364127874374,
    0.013238321989774704,
    0.0131610706448555,
    0.012448890134692192,
    0.01174171082675457,
    0.012226607650518417,
    0.011628862470388412,
    0.012150469236075878,
    0.011167433112859726,
    0.010786527767777443,
    0.012171384878456593,
    0.010998321697115898,
    0.01175052672624588,
    0.011267881840467453,
    0.010815826244652271,
    0.012162510305643082
  ],
  "stopped_epoch": 100
}