{
  "epochs_recorded": [
    0,
    1,
    2,
    3,
    4,
    5,
    6,
    7,
    8,
    9,
    10,
    11,
    12,
    13,
    14,
    15,
    16,
    17,
    18,
    19,
    20,
    21,
    22,
    23,
    24,
    25,
    26,
    27,
    28,
    29,
    30,
    31,
    32,
    33,
    34,
    35,
    36,
    37,
    38,
    39
  ],
  "train_loss": [
    1.34991455078125,
    0.26614388823509216,
    0.24559757113456726,
    0.24411897361278534,
    0.2428768277168274,
    0.2419200837612152,
    0.24047116935253143,
    0.23786531388759613,
    0.1850636601448059,
    0.1261846125125885,
    0.11907963454723358,
    0.11617530882358551,
    0.11674094945192337,
    0.11292344331741333,
    0.10482297837734222,
    0.11041754484176636,
    0.10645322501659393,
    0.10711503028869629,
    0.10203071683645248,
    0.10312733054161072,
    0.10370077937841415,
    0.10354282706975937,
    0.10485050827264786,
    0.10147145390510559,
    0.10475338995456696,
    0.10509265214204788,
    0.1035296842455864,
    0.10332226753234863,
    0.10193531960248947,
    0.10139980912208557,
    0.10019722580909729,
    0.0996670350432396,
    0.10657113790512085,
    0.10898705571889877,
    0.10245296359062195,
    0.10658452659845352,
    0.10151800513267517,
    0.10205567628145218,
    0.10508095473051071,
    0.10236106812953949
  ],
  "val_loss": [
    0.6774919033050537,
    0.33404460549354553,
    0.23161378502845764,
    0.2362123727798462,
    0.22836074233055115,
    0.22589078545570374,
    0.2179809808731079,
    0.2220619171857834,
    0.21340876817703247,
    0.11788592487573624,
    0.10662169754505157,
    0.11406458914279938,
    0.1067790761590004,
    0.1149684339761734,
    0.10189928114414215,
    0.09925948828458786,
    0.09812024980783463,
    0.10027191042900085,
    0.10021072626113892,
    0.09783067554235458,
    0.098391592502594,
    0.0983298048377037,
    0.09684235602617264,
    0.09738527238368988,
    0.09939387440681458,
    0.10246113687753677,
    0.0989861711859703,
    0.09639187157154083,
    0.10222002118825912,
    0.09910838305950165,
    0.09460487961769104,
    0.09592121094465256,
    0.10258933156728745,
    0.11049985885620117,
    0.10014257580041885,
    0.09488057345151901,
    0.1099286749958992,
    0.10031770914793015,
    0.11085187643766403,
    0.09483244270086288,
    0.09977912902832031
  ],
  "stopped_epoch": 40
}