{
  "epochs_recorded": [
    0,
    1,
    2,
    3,
    4,
    5,
    6,
    7,
    8,
    9,
    10,
    11,
    12,
    13,
    14,
    15,
    16,
    17,
    18,
    19,
    20,
    21,
    22,
    23,
    24,
    25,
    26,
    27,
    28,
    29,
    30,
    31,
    32,
    33,
    34,
    35,
    36,
    37,
    38,
    39,
    40,
    41,
    42,
    43,
    44,
    45,
    46,
    47,
    48,
    49,
    50,
    51,
    52,
    53,
    54,
    55,
    56,
    57,
    58,
    59,
    60,
    61,
    62,
    63,
    64,
    65,
    66,
    67,
    68,
    69,
    70,
    71,
    72,
    73,
    74,
    75,
    76,
    77,
    78,
    79,
    80,
    81,
    82,
    83,
    84,
    85,
    86,
    87,
    88,
    89,
    90,
    91,
    92,
    93,
    94,
    95,
    96,
    97,
    98,
    99
  ],
  "train_loss": [
    0.8893663883209229,
    0.1413484364748001,
    0.08021852374076843,
    0.06886023283004761,
    0.0672064796090126,
    0.06656356155872345,
    0.0648345872759819,
    0.06555990874767303,
    0.06377718597650528,
    0.0638970285654068,
    0.06467397511005402,
    0.06213967874646187,
    0.06320405751466751,
    0.06142999231815338,
    0.062123995274305344,
    0.061520595103502274,
    0.061125267297029495,
    0.061793189495801926,
    0.06137217581272125,
    0.06142259016633034,
    0.05945832282304764,
    0.05935920774936676,
    0.05898170545697212,
    0.057412222027778625,
    0.05608991160988808,
    0.05528935790061951,
    0.056428276002407074,
    0.05361773073673248,
    0.05406711623072624,
    0.05393033102154732,
    0.052196402102708817,
    0.051246270537376404,
    0.05149274691939354,
    0.05262799188494682,
    0.05100898817181587,
    0.05061015486717224,
    0.04604616016149521,
    0.047805462032556534,
    0.045943379402160645,
    0.043049030005931854,
    0.04182698577642441,
    0.040177229791879654,
    0.03675712272524834,
    0.0352679081261158,
    0.03396713361144066,
    0.034259505569934845,
    0.034968577325344086,
    0.030995512381196022,
    0.028495773673057556,
    0.029485369101166725,
    0.027455398812890053,
    0.025505924597382545,
    0.03127161040902138,
    0.02577339857816696,
    0.025726277381181717,
    0.02265768125653267,
    0.020858796313405037,
    0.020196525380015373,
    0.021847622469067574,
    0.02325936034321785,
    0.020154884085059166,
    0.02251174859702587,
    0.018565542995929718,
    0.020850323140621185,
    0.019431205466389656,
    0.021272730082273483,
    0.021784013137221336,
    0.01731252111494541,
    0.019017983227968216,
    0.017414698377251625,
    0.01514629926532507,
    0.016208505257964134,
    0.01944112218916416,
    0.01682952605187893,
    0.016363125294446945,
    0.01696735806763172,
    0.015967972576618195,
    0.014851663261651993,
    0.01461803913116455,
    0.014733921736478806,
    0.014628490433096886,
    0.013804270885884762,
    0.01542080007493496,
    0.014379092492163181,
    0.013640332035720348,
    0.013370812870562077,
    0.01508348435163498,
    0.013819051906466484,
    0.013091376051306725,
    0.013293509371578693,
    0.01347589772194624,
    0.013184826821088791,
    0.014865344390273094,
    0.013511533848941326,
    0.014026266522705555,
    0.013410007581114769,
    0.012088289484381676,
    0.014817583374679089,
    0.014011123217642307,
    0.012496674433350563
  ],
  "val_loss": [
    0.17936748266220093,
    0.1340150684118271,
    0.08325782418251038,
    0.08009128272533417,
    0.07261118292808533,
    0.07076593488454819,
    0.06990507245063782,
    0.0689161866903305,
    0.06886768341064453,
    0.0696696862578392,
    0.06915879994630814,
    0.0687355026602745,
    0.06986058503389359,
    0.06927374005317688,
    0.06934186071157455,
    0.06888387352228165,
    0.06830893456935883,
    0.0706075057387352,
    0.07342314720153809,
    0.06784690916538239,
    0.06773669272661209,
    0.0669044554233551,
    0.06883059442043304,
    0.06485611945390701,
    0.06334171444177628,
    0.062318313866853714,
    0.06403528153896332,
    0.060797061771154404,
    0.05928850173950195,
    0.06229715421795845,
    0.05803508684039116,
    0.057348862290382385,
    0.05678193271160126,
    0.05522073805332184,
    0.05506541579961777,
    0.054563406854867935,
    0.05787866562604904,
    0.05374794080853462,
    0.05002789571881294,
    0.053236812353134155,
    0.043186407536268234,
    0.040300969034433365,
    0.03767421841621399,
    0.033487915992736816,
    0.029493002220988274,
    0.03056981787085533,
    0.0439557321369648,
    0.0269868616014719,
    0.024215368553996086,
    0.02011481299996376,
    0.021932626143097878,
    0.01860012300312519,
    0.014988753013312817,
    0.02096562460064888,
    0.016436468809843063,
    0.017414050176739693,
    0.01301924604922533,
    0.012989194132387638,
    0.011144602671265602,
    0.014700736850500107,
    0.01323495153337717,
    0.01770198531448841,
    0.012191039510071278,
    0.009880895726382732,
    0.011101024225354195,
    0.021389741450548172,
    0.024621162563562393,
    0.013696856796741486,
    0.011187264695763588,
    0.010522949509322643,
    0.011859073303639889,
    0.009555798955261707,
    0.010206523351371288,
    0.02021562121808529,
    0.009658342227339745,
    0.010387025773525238,
    0.010353918187320232,
    0.009225301444530487,
    0.015147118829190731,
    0.012713603675365448,
    0.010066943243145943,
    0.0100288400426507,
    0.011891604401171207,
    0.0077260578982532024,
    0.013031530193984509,
    0.008015553466975689,
    0.0107274129986763,
    0.010998296551406384,
    0.00965600274503231,
    0.01003633625805378,
    0.008103450760245323,
    0.02639579214155674,
    0.013697946444153786,
    0.007340323179960251,
    0.009686596691608429,
    0.009264915250241756,
    0.009736563079059124,
    0.010541443713009357,
    0.009898933582007885,
    0.00921750906854868,
    0.008753769099712372
  ],
  "stopped_epoch": 100
}