{
  "epochs_recorded": [
    0,
    1,
    2,
    3,
    4,
    5,
    6,
    7,
    8,
    9,
    10,
    11,
    12,
    13,
    14,
    15,
    16,
    17,
    18,
    19,
    20,
    21,
    22,
    23,
    24,
    25,
    26,
    27,
    28,
    29,
    30,
    31,
    32,
    33,
    34,
    35,
    36,
    37,
    38,
    39,
    40
  ],
  "train_loss": [
    0.12392593175172806,
    0.0847049355506897,
    0.07376769185066223,
    0.06912342458963394,
    0.06671127676963806,
    0.06466544419527054,
    0.06159795820713043,
    0.060722339898347855,
    0.05976181849837303,
    0.05862847715616226,
    0.05798238888382912,
    0.05711361765861511,
    0.056807029992341995,
    0.05627172812819481,
    0.05568166822195053,
    0.055937375873327255,
    0.055606234818696976,
    0.055367790162563324,
    0.05560709908604622,
    0.055258072912693024,
    0.0550960972905159,
    0.055018696933984756,
    0.05501283332705498,
    0.05504957586526871,
    0.055006980895996094,
    0.055118147283792496,
    0.05492326617240906,
    0.05510435625910759,
    0.054801736027002335,
    0.0546870082616806,
    0.0546969398856163,
    0.054932184517383575,
    0.054846297949552536,
    0.05474768579006195,
    0.05475372448563576,
    0.05449463799595833,
    0.054603610187768936,
    0.05471702665090561,
    0.05468621850013733,
    0.05465490743517876,
    0.054742321372032166
  ],
  "val_loss": [
    0.20969021320343018,
    0.07791809737682343,
    0.07202734053134918,
    0.07140122354030609,
    0.07018456608057022,
    0.07003261893987656,
    0.06987929344177246,
    0.06957827508449554,
    0.0694604143500328,
    0.06935200095176697,
    0.06953081488609314,
    0.06928601115942001,
    0.0693160891532898,
    0.06943872570991516,
    0.06931229680776596,
    0.06930354237556458,
    0.06931973248720169,
    0.06923404335975647,
    0.06928441673517227,
    0.0693492591381073,
    0.06912017613649368,
    0.06918200850486755,
    0.06940110772848129,
    0.06911776214838028,
    0.06931005418300629,
    0.06959131360054016,
    0.06911018490791321,
    0.06982892006635666,
    0.06923901289701462,
    0.0691663920879364,
    0.06920138001441956,
    0.06906881183385849,
    0.07004129141569138,
    0.06921859830617905,
    0.06928831338882446,
    0.06948662549257278,
    0.06942282617092133,
    0.069206103682518,
    0.06982855498790741,
    0.06954719871282578,
    0.06920865178108215,
    0.06941884011030197
  ],
  "stopped_epoch": 41
}