{
  "epochs_recorded": [
    0,
    1,
    2,
    3,
    4,
    5,
    6,
    7,
    8,
    9,
    10,
    11,
    12,
    13,
    14,
    15,
    16,
    17,
    18,
    19,
    20,
    21,
    22,
    23,
    24,
    25,
    26,
    27,
    28,
    29,
    30,
    31,
    32,
    33,
    34,
    35,
    36,
    37,
    38,
    39,
    40,
    41,
    42,
    43,
    44,
    45,
    46,
    47,
    48,
    49,
    50,
    51,
    52,
    53,
    54,
    55,
    56,
    57,
    58,
    59,
    60,
    61,
    62,
    63,
    64,
    65,
    66,
    67,
    68,
    69,
    70,
    71,
    72,
    73,
    74,
    75,
    76,
    77,
    78,
    79,
    80,
    81,
    82,
    83,
    84,
    85,
    86,
    87
  ],
  "train_loss": [
    0.20150457322597504,
    0.07700835913419724,
    0.05692946910858154,
    0.05061929672956467,
    0.04691200703382492,
    0.044467903673648834,
    0.041255246847867966,
    0.04009407013654709,
    0.039119280874729156,
    0.03811798244714737,
    0.03707439824938774,
    0.03608191758394241,
    0.03588579595088959,
    0.03437160328030586,
    0.034150511026382446,
    0.03404080867767334,
    0.03309839591383934,
    0.032954875379800797,
    0.03268549591302872,
    0.032579466700553894,
    0.03354169428348541,
    0.031878918409347534,
    0.03154260292649269,
    0.03130103275179863,
    0.03141754865646362,
    0.03053848072886467,
    0.03141988813877106,
    0.03229162469506264,
    0.030655331909656525,
    0.029969478026032448,
    0.030456140637397766,
    0.032350145280361176,
    0.03125235065817833,
    0.029988909140229225,
    0.03038010746240616,
    0.02965010143816471,
    0.029097210615873337,
    0.029627449810504913,
    0.02934965118765831,
    0.030253538861870766,
    0.029008889570832253,
    0.02940216101706028,
    0.029318926855921745,
    0.029907241463661194,
    0.032068487256765366,
    0.029273932799696922,
    0.028232257813215256,
    0.028179552406072617,
    0.02855895832180977,
    0.029484601691365242,
    0.030093051493167877,
    0.02855869010090828,
    0.02879181317985058,
    0.027705134823918343,
    0.028278710320591927,
    0.02840515784919262,
    0.029502039775252342,
    0.02908158116042614,
    0.027994707226753235,
    0.02776791900396347,
    0.028709115460515022,
    0.02655602991580963,
    0.026430685073137283,
    0.02632005885243416,
    0.026146097108721733,
    0.02517167292535305,
    0.024546228349208832,
    0.024623285979032516,
    0.026313867419958115,
    0.02536897175014019,
    0.025281846523284912,
    0.02565005235373974,
    0.026082081720232964,
    0.025935852900147438,
    0.025295743718743324,
    0.02568349614739418,
    0.02510794624686241,
    0.02380203641951084,
    0.024831630289554596,
    0.026872867718338966,
    0.0276788417249918,
    0.027167974039912224,
    0.0258551687002182,
    0.025398042052984238,
    0.02474857307970524,
    0.024851422756910324,
    0.02466539666056633,
    0.02454027719795704
  ],
  "val_loss": [
    0.43236374855041504,
    0.06759600341320038,
    0.04236888885498047,
    0.040134645998477936,
    0.03532223403453827,
    0.034210074692964554,
    0.03190774843096733,
    0.03163500130176544,
    0.033213209360837936,
    0.03027016669511795,
    0.03248925507068634,
    0.031198201701045036,
    0.03170371428132057,
    0.03294429928064346,
    0.030530817806720734,
    0.03202485665678978,
    0.029516268521547318,
    0.03249344974756241,
    0.028008922934532166,
    0.02880200929939747,
    0.0323827750980854,
    0.02839129976928234,
    0.028054524213075638,
    0.02773803286254406,
    0.026042334735393524,
    0.02584519423544407,
    0.02797843888401985,
    0.026729492470622063,
    0.02842230722308159,
    0.025135867297649384,
    0.026605382561683655,
    0.0255430918186903,
    0.027627311646938324,
    0.025787444785237312,
    0.025607209652662277,
    0.026243112981319427,
    0.02577792853116989,
    0.024457445368170738,
    0.02555803768336773,
    0.026069412007927895,
    0.02549208328127861,
    0.02456413209438324,
    0.025186043232679367,
    0.02508404292166233,
    0.03271066024899483,
    0.024773145094513893,
    0.024030737578868866,
    0.02579464204609394,
    0.02407296933233738,
    0.02634221315383911,
    0.024605225771665573,
    0.027642255648970604,
    0.025185905396938324,
    0.02551129087805748,
    0.026093890890479088,
    0.023871704936027527,
    0.026840150356292725,
    0.02779700793325901,
    0.02392452396452427,
    0.024067411199212074,
    0.027180533856153488,
    0.023966096341609955,
    0.02074119634926319,
    0.021472766995429993,
    0.021848812699317932,
    0.02091415412724018,
    0.02006871998310089,
    0.0193265862762928,
    0.021366406232118607,
    0.02017642930150032,
    0.023715609684586525,
    0.02157789282500744,
    0.02222037874162197,
    0.023078635334968567,
    0.021219301968812943,
    0.01913652941584587,
    0.022905757650732994,
    0.020615696907043457,
    0.0188759658485651,
    0.020730672404170036,
    0.024376576766371727,
    0.02559366263449192,
    0.021968401968479156,
    0.021238818764686584,
    0.02151346765458584,
    0.01998305320739746,
    0.021174360066652298,
    0.01978055015206337,
    0.018917765468358994
  ],
  "stopped_epoch": 88
}