{
  "epochs_recorded": [
    0,
    1,
    2,
    3,
    4,
    5,
    6,
    7,
    8,
    9,
    10,
    11,
    12,
    13,
    14,
    15,
    16,
    17,
    18,
    19,
    20,
    21,
    22,
    23
  ],
  "train_loss": [
    0.5709987282752991,
    0.4684986472129822,
    0.4860037565231323,
    0.47008955478668213,
    0.4791661500930786,
    0.6426048874855042,
    0.5264306664466858,
    0.47281938791275024,
    0.5822901725769043,
    0.5051584243774414,
    0.47243037819862366,
    0.456590861082077,
    0.4779399037361145,
    0.4774491786956787,
    0.45518308877944946,
    0.5036067962646484,
    0.476729154586792,
    0.4541833698749542,
    0.47421497106552124,
    0.5029752254486084,
    0.5088317394256592,
    0.4915567636489868,
    0.46975308656692505,
    0.48881304264068604
  ],
  "val_loss": [
    2.166625738143921,
    0.12587611377239227,
    0.07772659510374069,
    0.07168999314308167,
    0.07096691429615021,
    0.07133723050355911,
    0.08952508121728897,
    0.08438841998577118,
    0.08051399141550064,
    0.10934247076511383,
    0.08712109923362732,
    0.08461768925189972,
    0.07354895025491714,
    0.07275977730751038,
    0.07069730013608932,
    0.07229021191596985,
    0.08012981712818146,
    0.07287739217281342,
    0.0713336169719696,
    0.07336196303367615,
    0.07081916928291321,
    0.07725213468074799,
    0.0774625837802887,
    0.07402051985263824,
    0.07206609100103378
  ],
  "stopped_epoch": 24
}