{
  "epochs_recorded": [
    0,
    1,
    2,
    3,
    4,
    5,
    6,
    7,
    8,
    9,
    10,
    11,
    12,
    13,
    14,
    15
  ],
  "train_loss": [
    2.83135986328125,
    0.11976683884859085,
    0.08276519179344177,
    0.07167084515094757,
    0.06442397087812424,
    0.06602706760168076,
    0.06284088641405106,
    0.06432439386844635,
    0.06443338096141815,
    0.06258054077625275,
    0.06298477947711945,
    0.062143124639987946,
    0.06255379319190979,
    0.062024809420108795,
    0.06200509890913963,
    0.06010778993368149
  ],
  "val_loss": [
    0.44657957553863525,
    0.17309726774692535,
    0.10357972979545593,
    0.08379249274730682,
    0.07263162732124329,
    0.07400082796812057,
    0.06936167925596237,
    0.06960956007242203,
    0.06937556713819504,
    0.06982466578483582,
    0.07050272822380066,
    0.07034467905759811,
    0.06980457156896591,
    0.07021471858024597,
    0.07224737852811813,
    0.07075013965368271,
    0.06964170187711716
  ],
  "stopped_epoch": 16
}