{
  "epochs_recorded": [
    0,
    1,
    2,
    3,
    4,
    5,
    6,
    7,
    8,
    9,
    10,
    11,
    12,
    13,
    14,
    15,
    16,
    17,
    18,
    19,
    20,
    21,
    22,
    23,
    24,
    25,
    26,
    27,
    28,
    29,
    30,
    31,
    32,
    33,
    34,
    35,
    36,
    37,
    38,
    39,
    40,
    41,
    42,
    43,
    44,
    45,
    46,
    47,
    48,
    49,
    50,
    51,
    52
  ],
  "train_loss": [
    1.9001944065093994,
    1.4781591892242432,
    1.1622997522354126,
    1.0614259243011475,
    0.9112114310264587,
    0.8586938381195068,
    0.8037683963775635,
    0.8901418447494507,
    0.7521085739135742,
    0.802203893661499,
    0.7449434399604797,
    0.7101554870605469,
    0.7818528413772583,
    0.7621976137161255,
    0.7028034925460815,
    0.711647629737854,
    0.6509158611297607,
    0.7233232259750366,
    0.6779078841209412,
    0.6629077792167664,
    0.6385689377784729,
    0.6583577394485474,
    0.7571495771408081,
    0.7240256071090698,
    0.7194574475288391,
    0.6048102378845215,
    0.6452250480651855,
    0.6405305862426758,
    0.5983861088752747,
    0.690367579460144,
    0.6136963367462158,
    0.629157304763794,
    0.6372743844985962,
    0.61586594581604,
    0.6409691572189331,
    0.6858381032943726,
    0.5903087854385376,
    0.643684983253479,
    0.6279592514038086,
    0.644927442073822,
    0.6147492527961731,
    0.5973473191261292,
    0.6489870548248291,
    0.6266063451766968,
    0.6420677900314331,
    0.6304163932800293,
    0.5921826362609863,
    0.5920280814170837,
    0.6084438562393188,
    0.6016499996185303,
    0.5674165487289429,
    0.6179200410842896,
    0.5841793417930603
  ],
  "val_loss": [
    1.6440415382385254,
    1.2070443630218506,
    0.7741166949272156,
    0.5520200133323669,
    0.402352899312973,
    0.3065866231918335,
    0.282187819480896,
    0.2898407280445099,
    0.27733147144317627,
    0.3416077494621277,
    0.3076794743537903,
    0.23436857759952545,
    0.16418172419071198,
    0.2712220251560211,
    0.18942974507808685,
    0.18072344362735748,
    0.17027126252651215,
    0.14971297979354858,
    0.23138415813446045,
    0.2652694880962372,
    0.26938292384147644,
    0.22457396984100342,
    0.18324880301952362,
    0.2274896204471588,
    0.17027410864830017,
    0.15339665114879608,
    0.17375019192695618,
    0.11843149363994598,
    0.13098804652690887,
    0.13000021874904633,
    0.1423703134059906,
    0.14987535774707794,
    0.1137547567486763,
    0.11614219844341278,
    0.11131483316421509,
    0.11509166657924652,
    0.1151554211974144,
    0.11127808690071106,
    0.12773136794567108,
    0.14589957892894745,
    0.11925769597291946,
    0.11465278267860413,
    0.10894083231687546,
    0.10037952661514282,
    0.1168520525097847,
    0.13051187992095947,
    0.12278155982494354,
    0.1279516965150833,
    0.10914993286132812,
    0.11159267276525497,
    0.11080428957939148,
    0.10530081391334534,
    0.1228189691901207,
    0.1116868332028389
  ],
  "stopped_epoch": 53
}