{
  "epochs_recorded": [
    0,
    1,
    2,
    3,
    4,
    5,
    6,
    7,
    8,
    9,
    10,
    11,
    12,
    13,
    14,
    15,
    16,
    17,
    18,
    19,
    20,
    21,
    22
  ],
  "train_loss": [
    0.717586874961853,
    0.663908839225769,
    0.5628176927566528,
    0.6221754550933838,
    0.5623033046722412,
    0.5918439626693726,
    0.5641579031944275,
    0.5749531984329224,
    0.5429108142852783,
    0.5403540134429932,
    0.5438958406448364,
    0.5059028267860413,
    0.5391172170639038,
    0.49644917249679565,
    0.5081281661987305,
    0.4972772002220154,
    0.5901108384132385,
    0.5518348217010498,
    0.5016161799430847,
    0.5304204821586609,
    0.5323759317398071,
    0.5418325662612915,
    0.527385413646698
  ],
  "val_loss": [
    0.5353304743766785,
    0.1292905956506729,
    0.0749611184000969,
    0.08071058243513107,
    0.11712828278541565,
    0.18155255913734436,
    0.0922255590558052,
    0.10316309332847595,
    0.08075716346502304,
    0.1313076615333557,
    0.07598748058080673,
    0.05462468042969704,
    0.06228337809443474,
    0.050779107958078384,
    0.12219031155109406,
    0.053223565220832825,
    0.13880769908428192,
    0.13279595971107483,
    0.12757161259651184,
    0.08633551746606827,
    0.10369671136140823,
    0.10322145372629166,
    0.07830269634723663,
    0.0816049575805664
  ],
  "stopped_epoch": 23
}