{
  "epochs_recorded": [
    0,
    1,
    2,
    3,
    4,
    5,
    6,
    7,
    8,
    9,
    10,
    11,
    12,
    13,
    14,
    15,
    16,
    17,
    18,
    19,
    20,
    21,
    22,
    23,
    24
  ],
  "train_loss": [
    1.3834949731826782,
    1.2028666734695435,
    1.0749869346618652,
    0.9949400424957275,
    0.9592968821525574,
    0.8963677287101746,
    0.8882781267166138,
    0.8411585092544556,
    0.8670700192451477,
    0.7955836057662964,
    0.8375639319419861,
    0.771120548248291,
    0.7822117209434509,
    0.7995308637619019,
    0.758724570274353,
    0.7303053736686707,
    0.7026355266571045,
    0.7393282055854797,
    0.7869914770126343,
    0.7443760633468628,
    0.7351711988449097,
    0.7485830783843994,
    0.7654608488082886,
    0.7463918328285217,
    0.7142753005027771
  ],
  "val_loss": [
    1.4003210067749023,
    0.6004707217216492,
    0.4577198028564453,
    0.3256889581680298,
    0.2930898368358612,
    0.23018771409988403,
    0.23374375700950623,
    0.15272754430770874,
    0.19245706498622894,
    0.1619488149881363,
    0.16596344113349915,
    0.17639189958572388,
    0.16071373224258423,
    0.16340507566928864,
    0.1479773223400116,
    0.13253384828567505,
    0.14011505246162415,
    0.13738995790481567,
    0.1425027698278427,
    0.14532986283302307,
    0.147648423910141,
    0.14617103338241577,
    0.15045276284217834,
    0.14445137977600098,
    0.1454152762889862,
    0.14498868584632874
  ],
  "stopped_epoch": 25
}