{
  "epochs_recorded": [
    0,
    1,
    2,
    3,
    4,
    5,
    6,
    7,
    8,
    9,
    10,
    11,
    12,
    13,
    14,
    15,
    16,
    17,
    18,
    19,
    20,
    21,
    22,
    23,
    24,
    25,
    26,
    27,
    28,
    29,
    30,
    31,
    32,
    33,
    34,
    35,
    36,
    37,
    38,
    39,
    40,
    41,
    42,
    43,
    44,
    45,
    46,
    47,
    48,
    49,
    50,
    51,
    52,
    53,
    54,
    55,
    56,
    57,
    58,
    59,
    60,
    61,
    62,
    63,
    64,
    65,
    66,
    67,
    68,
    69,
    70,
    71,
    72,
    73,
    74,
    75,
    76,
    77,
    78,
    79,
    80,
    81,
    82,
    83,
    84,
    85,
    86,
    87,
    88,
    89,
    90,
    91,
    92,
    93,
    94,
    95,
    96,
    97,
    98,
    99
  ],
  "train_loss": [
    0.20374268293380737,
    0.08254539221525192,
    0.05542103946208954,
    0.04673570767045021,
    0.041239213198423386,
    0.03870890662074089,
    0.035092297941446304,
    0.032400645315647125,
    0.03060002811253071,
    0.027476368471980095,
    0.025670403614640236,
    0.024183126166462898,
    0.023173034191131592,
    0.02223775163292885,
    0.02141868881881237,
    0.02097523771226406,
    0.021604768931865692,
    0.020198702812194824,
    0.018828295171260834,
    0.01831059157848358,
    0.0175031591206789,
    0.01738765649497509,
    0.016681084409356117,
    0.015856018289923668,
    0.015776459127664566,
    0.015331871807575226,
    0.015504080802202225,
    0.015750959515571594,
    0.015097341500222683,
    0.014722108840942383,
    0.014348719269037247,
    0.013951808214187622,
    0.013287953101098537,
    0.013126458041369915,
    0.013216291554272175,
    0.01288311742246151,
    0.012817983515560627,
    0.013305791653692722,
    0.012879668734967709,
    0.012639163993299007,
    0.01209276169538498,
    0.012505012564361095,
    0.011908676475286484,
    0.012049976736307144,
    0.011624128557741642,
    0.012118940241634846,
    0.011515557765960693,
    0.011433165520429611,
    0.011457597836852074,
    0.011781138367950916,
    0.011668154038488865,
    0.0110747329890728,
    0.011558158323168755,
    0.01102946326136589,
    0.011126616969704628,
    0.01127773616462946,
    0.010994147509336472,
    0.010179958306252956,
    0.010757028125226498,
    0.010848705656826496,
    0.010458085685968399,
    0.010432392358779907,
    0.010776310227811337,
    0.010208903811872005,
    0.010193330235779285,
    0.010063263587653637,
    0.009955613873898983,
    0.009943876415491104,
    0.010339575819671154,
    0.009691712446510792,
    0.009790169075131416,
    0.009281137026846409,
    0.00965367816388607,
    0.009368399158120155,
    0.009852197952568531,
    0.009527560323476791,
    0.009245441295206547,
    0.009645889513194561,
    0.009345617145299911,
    0.009442025795578957,
    0.009096413850784302,
    0.008854960091412067,
    0.009025001898407936,
    0.009332300163805485,
    0.009878487326204777,
    0.008911934681236744,
    0.009054717607796192,
    0.00910120364278555,
    0.008563860319554806,
    0.00857058446854353,
    0.009150248020887375,
    0.009137886576354504,
    0.008781320415437222,
    0.008583148941397667,
    0.008718953467905521,
    0.008853906765580177,
    0.008571835234761238,
    0.00829944759607315,
    0.008516442961990833,
    0.008639384992420673
  ],
  "val_loss": [
    0.47149917483329773,
    0.08426302671432495,
    0.046093329787254333,
    0.037444472312927246,
    0.03443828970193863,
    0.0324312224984169,
    0.028977103531360626,
    0.028147822245955467,
    0.024454496800899506,
    0.021264411509037018,
    0.01904551312327385,
    0.019529804587364197,
    0.01752442494034767,
    0.015413093380630016,
    0.015319590456783772,
    0.014807838946580887,
    0.014841032214462757,
    0.014186267741024494,
    0.013480830006301403,
    0.012359264306724072,
    0.011673398315906525,
    0.01214000303298235,
    0.013241316191852093,
    0.009969783015549183,
    0.01006327848881483,
    0.010843136347830296,
    0.009851754643023014,
    0.01015754695981741,
    0.010600876063108444,
    0.00981882307678461,
    0.009695785120129585,
    0.009244083426892757,
    0.009316708892583847,
    0.008466890081763268,
    0.008540174923837185,
    0.008627313189208508,
    0.008243977092206478,
    0.010023670271039009,
    0.0075569855980575085,
    0.007186765782535076,
    0.006828468292951584,
    0.007044978905469179,
    0.007915866561233997,
    0.0075521706603467464,
    0.006758132018148899,
    0.008122715167701244,
    0.006869194563478231,
    0.007102304138243198,
    0.006909727584570646,
    0.007659734692424536,
    0.007547639776021242,
    0.0065999506041407585,
    0.01052932720631361,
    0.00736705306917429,
    0.00577998161315918,
    0.007319620810449123,
    0.006513866130262613,
    0.006072217132896185,
    0.005784091539680958,
    0.005335340276360512,
    0.005762383341789246,
    0.006018168292939663,
    0.006868269294500351,
    0.0061958227306604385,
    0.006223833654075861,
    0.005876314826309681,
    0.005926190409809351,
    0.00594039261341095,
    0.006707722321152687,
    0.005288945976644754,
    0.005811123643070459,
    0.005463147070258856,
    0.004985755775123835,
    0.004707269836217165,
    0.005880925804376602,
    0.00489953625947237,
    0.004719853401184082,
    0.005402094218879938,
    0.005301210097968578,
    0.0046396092511713505,
    0.004812432918697596,
    0.00433077709749341,
    0.004549764562398195,
    0.005052157212048769,
    0.005291427485644817,
    0.004381939303129911,
    0.004323634319007397,
    0.004391947761178017,
    0.004342252388596535,
    0.004385766107589006,
    0.004267191514372826,
    0.004933035001158714,
    0.004410177934914827,
    0.005067239981144667,
    0.004475998226553202,
    0.0047303009778261185,
    0.004776510875672102,
    0.004171913489699364,
    0.0040265703573822975,
    0.004629253875464201,
    0.00433116452768445
  ],
  "stopped_epoch": 100
}