{
  "epochs_recorded": [
    0,
    1,
    2,
    3,
    4,
    5,
    6,
    7,
    8,
    9,
    10,
    11,
    12,
    13,
    14,
    15,
    16,
    17,
    18,
    19,
    20,
    21,
    22,
    23,
    24,
    25,
    26,
    27,
    28,
    29,
    30,
    31,
    32,
    33,
    34,
    35,
    36,
    37,
    38,
    39,
    40,
    41,
    42,
    43,
    44,
    45,
    46,
    47,
    48,
    49,
    50,
    51,
    52,
    53,
    54,
    55,
    56,
    57,
    58,
    59,
    60,
    61,
    62,
    63,
    64,
    65,
    66,
    67,
    68,
    69,
    70,
    71,
    72,
    73,
    74,
    75,
    76,
    77,
    78,
    79,
    80,
    81,
    82,
    83,
    84,
    85,
    86,
    87
  ],
  "train_loss": [
    1.1175880432128906,
    1.0009642839431763,
    0.8983567953109741,
    0.8367027044296265,
    0.8457983732223511,
    0.7468677759170532,
    0.7583816647529602,
    0.6952741146087646,
    0.6649960279464722,
    0.638887345790863,
    0.5922930240631104,
    0.6156509518623352,
    0.5903807282447815,
    0.5913489460945129,
    0.6089596152305603,
    0.5966195464134216,
    0.623026430606842,
    0.6286863088607788,
    0.5883643627166748,
    0.5994941592216492,
    0.5641108751296997,
    0.5879405736923218,
    0.5737506151199341,
    0.5825355648994446,
    0.5596986413002014,
    0.5631803870201111,
    0.5465539693832397,
    0.5590379238128662,
    0.558312177658081,
    0.5293692946434021,
    0.5577399134635925,
    0.5544602274894714,
    0.5278709530830383,
    0.5440387725830078,
    0.5239103436470032,
    0.5240594148635864,
    0.5279744863510132,
    0.5278834104537964,
    0.5511693358421326,
    0.548517107963562,
    0.5325237512588501,
    0.5455898642539978,
    0.5543158650398254,
    0.5232089757919312,
    0.5346428751945496,
    0.5119973421096802,
    0.5243944525718689,
    0.5077235102653503,
    0.5642077922821045,
    0.5226712226867676,
    0.5473698377609253,
    0.5152095556259155,
    0.5355245471000671,
    0.5106843709945679,
    0.522152304649353,
    0.519309401512146,
    0.5148953795433044,
    0.5252104997634888,
    0.5190532803535461,
    0.5409995913505554,
    0.49544447660446167,
    0.5001659989356995,
    0.5105363130569458,
    0.5015756487846375,
    0.5022740364074707,
    0.5131639242172241,
    0.5244213342666626,
    0.5050156712532043,
    0.519985556602478,
    0.5381624698638916,
    0.49534741044044495,
    0.520781397819519,
    0.5446279048919678,
    0.5172930359840393,
    0.4893873929977417,
    0.4958561956882477,
    0.5004483461380005,
    0.5176960229873657,
    0.5083726644515991,
    0.5079013705253601,
    0.4994843304157257,
    0.5057312846183777,
    0.5128345489501953,
    0.49481406807899475,
    0.5115802884101868,
    0.5129228234291077,
    0.5137430429458618,
    0.5161454081535339
  ],
  "val_loss": [
    0.5359625816345215,
    0.46605074405670166,
    0.31878870725631714,
    0.20402345061302185,
    0.19818474352359772,
    0.15018002688884735,
    0.08982841670513153,
    0.08253604918718338,
    0.09382237493991852,
    0.07602030783891678,
    0.08938725292682648,
    0.07596447318792343,
    0.07619813084602356,
    0.08396083116531372,
    0.07067189365625381,
    0.06967860460281372,
    0.06886069476604462,
    0.07040616869926453,
    0.06894941627979279,
    0.0712352991104126,
    0.07566887885332108,
    0.07470065355300903,
    0.0643589049577713,
    0.06659281253814697,
    0.07098674029111862,
    0.06637228280305862,
    0.06964197009801865,
    0.06967231631278992,
    0.0639323815703392,
    0.06656059622764587,
    0.06619642674922943,
    0.06286150962114334,
    0.061998385936021805,
    0.06169663742184639,
    0.060821283608675,
    0.06296781450510025,
    0.06211375072598457,
    0.058276113122701645,
    0.06261897087097168,
    0.06485853344202042,
    0.05761139467358589,
    0.05580195412039757,
    0.05356696993112564,
    0.05444657802581787,
    0.06497777253389359,
    0.055936913937330246,
    0.05278601497411728,
    0.05599289759993553,
    0.0566047802567482,
    0.05381210148334503,
    0.054796453565359116,
    0.061728835105895996,
    0.05148656666278839,
    0.05104268714785576,
    0.052934158593416214,
    0.0507555715739727,
    0.05331502482295036,
    0.05692235007882118,
    0.052481040358543396,
    0.05116855725646019,
    0.05058886483311653,
    0.0532032810151577,
    0.04832611232995987,
    0.051037926226854324,
    0.051816634833812714,
    0.04935990273952484,
    0.0492536798119545,
    0.051439687609672546,
    0.04854452237486839,
    0.04951375350356102,
    0.04848296567797661,
    0.04753893241286278,
    0.047108374536037445,
    0.04810529202222824,
    0.04726218804717064,
    0.04683186858892441,
    0.04937127232551575,
    0.04630359634757042,
    0.04509387165307999,
    0.046277210116386414,
    0.04768724367022514,
    0.04573534429073334,
    0.046268314123153687,
    0.04859469085931778,
    0.048918336629867554,
    0.0470002181828022,
    0.047621965408325195,
    0.047450002282857895,
    0.04785432294011116
  ],
  "stopped_epoch": 88
}