{
  "epochs_recorded": [
    0,
    1,
    2,
    3,
    4,
    5,
    6,
    7,
    8,
    9,
    10,
    11,
    12,
    13,
    14,
    15,
    16,
    17,
    18,
    19,
    20,
    21,
    22,
    23,
    24,
    25,
    26,
    27,
    28,
    29,
    30,
    31,
    32,
    33,
    34,
    35,
    36,
    37,
    38,
    39,
    40,
    41,
    42,
    43,
    44,
    45,
    46,
    47,
    48,
    49,
    50,
    51,
    52,
    53,
    54,
    55,
    56,
    57,
    58,
    59,
    60,
    61,
    62,
    63,
    64,
    65,
    66,
    67,
    68,
    69,
    70,
    71,
    72,
    73,
    74,
    75,
    76,
    77,
    78,
    79,
    80,
    81,
    82,
    83,
    84,
    85,
    86,
    87,
    88,
    89,
    90,
    91,
    92,
    93,
    94,
    95,
    96,
    97,
    98,
    99
  ],
  "train_loss": [
    1.9678955078125,
    1.6386160850524902,
    1.393929123878479,
    1.1656818389892578,
    1.0806266069412231,
    0.9378698468208313,
    0.9644409418106079,
    0.8403568863868713,
    0.8096339702606201,
    0.7645406723022461,
    0.745532214641571,
    0.7238129377365112,
    0.672648549079895,
    0.7181434631347656,
    0.7050541639328003,
    0.7028074264526367,
    0.6560235619544983,
    0.7100570201873779,
    0.6849466562271118,
    0.6705949306488037,
    0.6286263465881348,
    0.6552174091339111,
    0.6382648944854736,
    0.6501922011375427,
    0.6133615970611572,
    0.597719669342041,
    0.608919620513916,
    0.5883519649505615,
    0.6436918377876282,
    0.5581431984901428,
    0.6630563735961914,
    0.6111595034599304,
    0.5968114137649536,
    0.5847710371017456,
    0.5955489873886108,
    0.5831958651542664,
    0.5649160146713257,
    0.602331817150116,
    0.5699425339698792,
    0.5921636819839478,
    0.5901151895523071,
    0.5735317468643188,
    0.5749930143356323,
    0.5452840328216553,
    0.591392993927002,
    0.5854060053825378,
    0.5509616136550903,
    0.5940304398536682,
    0.56709885597229,
    0.5638868808746338,
    0.621181309223175,
    0.5795260071754456,
    0.5726494193077087,
    0.5976505875587463,
    0.5547378659248352,
    0.5562655925750732,
    0.5537943243980408,
    0.5731951594352722,
    0.6108541488647461,
    0.5514113306999207,
    0.5513654351234436,
    0.5325329899787903,
    0.5581990480422974,
    0.5515366792678833,
    0.565919041633606,
    0.5637663006782532,
    0.5665432810783386,
    0.5690245032310486,
    0.5426160097122192,
    0.5651874542236328,
    0.5425568222999573,
    0.5646634101867676,
    0.5411378741264343,
    0.5800217390060425,
    0.5364270806312561,
    0.5457233190536499,
    0.5715479850769043,
    0.554318904876709,
    0.5388239026069641,
    0.5392564535140991,
    0.5536485314369202,
    0.5482052564620972,
    0.5869292616844177,
    0.5441845059394836,
    0.5631099939346313,
    0.5308573246002197,
    0.5311000347137451,
    0.5393262505531311,
    0.5483986735343933,
    0.5433527231216431,
    0.5974199175834656,
    0.5594115257263184,
    0.5428733229637146,
    0.5492871999740601,
    0.5452978610992432,
    0.5271162986755371,
    0.548401415348053,
    0.5638917088508606,
    0.5315213799476624,
    0.5343088507652283
  ],
  "val_loss": [
    1.5438916683197021,
    1.3859038352966309,
    1.134250283241272,
    0.809113621711731,
    0.49523594975471497,
    0.4177963137626648,
    0.36500823497772217,
    0.37249115109443665,
    0.2869828939437866,
    0.2730509638786316,
    0.2886531949043274,
    0.2613777816295624,
    0.2487550973892212,
    0.20615006983280182,
    0.20611920952796936,
    0.19998127222061157,
    0.18164300918579102,
    0.16915540397167206,
    0.1842777281999588,
    0.148517444729805,
    0.138675257563591,
    0.14162348210811615,
    0.13969682157039642,
    0.1413598358631134,
    0.1397515833377838,
    0.11754758656024933,
    0.13017608225345612,
    0.128840371966362,
    0.1167699545621872,
    0.12007495015859604,
    0.1271081566810608,
    0.13327765464782715,
    0.12955377995967865,
    0.11726491898298264,
    0.10837606340646744,
    0.11260197311639786,
    0.11462536454200745,
    0.12346482276916504,
    0.10867369920015335,
    0.11146543174982071,
    0.10754559189081192,
    0.11607152223587036,
    0.10530158877372742,
    0.10541228204965591,
    0.10233285278081894,
    0.11001408845186234,
    0.11075758188962936,
    0.10519344359636307,
    0.11169002205133438,
    0.11754032969474792,
    0.10919021815061569,
    0.10155119001865387,
    0.10568369925022125,
    0.09939426183700562,
    0.09868525713682175,
    0.1001712903380394,
    0.10506626963615417,
    0.10611530393362045,
    0.10361579805612564,
    0.11354484409093857,
    0.10066314786672592,
    0.09989593178033829,
    0.10000629723072052,
    0.09427111595869064,
    0.09902390837669373,
    0.09741297364234924,
    0.10027282685041428,
    0.09694340080022812,
    0.094411700963974,
    0.09229838103055954,
    0.09936771541833878,
    0.096220962703228,
    0.10178869217634201,
    0.09593261033296585,
    0.09306304156780243,
    0.09624511748552322,
    0.09770103543996811,
    0.0994727611541748,
    0.0977262333035469,
    0.09187448769807816,
    0.09852501004934311,
    0.09840692579746246,
    0.09191158413887024,
    0.09146260470151901,
    0.09226176887750626,
    0.09416842460632324,
    0.09382306039333344,
    0.09709388762712479,
    0.09480411559343338,
    0.09191165864467621,
    0.09637520462274551,
    0.0930929183959961,
    0.09308318048715591,
    0.09041138738393784,
    0.0971863642334938,
    0.09780792891979218,
    0.09249857068061829,
    0.09562744945287704,
    0.09310052543878555,
    0.09308308362960815,
    0.09208556264638901
  ],
  "stopped_epoch": 100
}