{
  "epochs_recorded": [
    0,
    1,
    2,
    3,
    4,
    5,
    6,
    7,
    8,
    9,
    10,
    11,
    12,
    13,
    14,
    15,
    16,
    17,
    18,
    19,
    20,
    21,
    22,
    23,
    24,
    25,
    26,
    27,
    28,
    29,
    30,
    31,
    32,
    33,
    34,
    35,
    36,
    37,
    38,
    39,
    40,
    41,
    42,
    43,
    44,
    45,
    46,
    47,
    48,
    49,
    50,
    51,
    52,
    53,
    54,
    55,
    56,
    57,
    58,
    59,
    60,
    61,
    62,
    63,
    64,
    65,
    66,
    67,
    68,
    69,
    70,
    71,
    72,
    73,
    74,
    75,
    76,
    77,
    78,
    79,
    80,
    81,
    82,
    83,
    84,
    85,
    86,
    87,
    88,
    89,
    90,
    91,
    92,
    93,
    94,
    95,
    96,
    97,
    98,
    99
  ],
  "train_loss": [
    0.7645028829574585,
    0.13541312515735626,
    0.07883691787719727,
    0.06843765079975128,
    0.06682971864938736,
    0.06568177044391632,
    0.06432203948497772,
    0.06493783742189407,
    0.06380454450845718,
    0.06374449282884598,
    0.06401102989912033,
    0.06166115775704384,
    0.0633850023150444,
    0.0611502081155777,
    0.06166345253586769,
    0.06129569187760353,
    0.0608234703540802,
    0.06105973571538925,
    0.06065687537193298,
    0.06078152731060982,
    0.05920637026429176,
    0.0590713769197464,
    0.05880670249462128,
    0.056903451681137085,
    0.05603846535086632,
    0.05577259883284569,
    0.05655942112207413,
    0.0540110245347023,
    0.05402851104736328,
    0.054202012717723846,
    0.05271543562412262,
    0.05203261226415634,
    0.052166648209095,
    0.05347660556435585,
    0.051641758531332016,
    0.050958141684532166,
    0.04787255823612213,
    0.04948757588863373,
    0.04774300754070282,
    0.04668506234884262,
    0.046051010489463806,
    0.044291991740465164,
    0.04218341410160065,
    0.04003830999135971,
    0.039773207157850266,
    0.03763778507709503,
    0.03589233383536339,
    0.03416121378540993,
    0.03223841264843941,
    0.035739198327064514,
    0.033000603318214417,
    0.031218910589814186,
    0.03644099086523056,
    0.031638726592063904,
    0.02994539961218834,
    0.02809252217411995,
    0.02634333074092865,
    0.027144698426127434,
    0.02777632512152195,
    0.027522392570972443,
    0.024152450263500214,
    0.025268055498600006,
    0.0261377040296793,
    0.022035403177142143,
    0.02062300592660904,
    0.02180391736328602,
    0.021601082757115364,
    0.02097342163324356,
    0.021185263991355896,
    0.020834749564528465,
    0.01860075071454048,
    0.019924188032746315,
    0.021480366587638855,
    0.023259654641151428,
    0.02487308531999588,
    0.018151957541704178,
    0.01666082628071308,
    0.01722267083823681,
    0.019407428801059723,
    0.02087482251226902,
    0.01737721636891365,
    0.016813358291983604,
    0.019113484770059586,
    0.015198862180113792,
    0.017228765413165092,
    0.01741880364716053,
    0.01747121661901474,
    0.016037065535783768,
    0.01753864251077175,
    0.014830461703240871,
    0.01667465642094612,
    0.016761088743805885,
    0.017811957746744156,
    0.01450920570641756,
    0.01686546951532364,
    0.015636751428246498,
    0.014650208875536919,
    0.016939766705036163,
    0.01611383818089962,
    0.013852224685251713
  ],
  "val_loss": [
    0.17936748266220093,
    0.12130288034677505,
    0.08366646617650986,
    0.07989399880170822,
    0.07241608947515488,
    0.07093892246484756,
    0.06998924911022186,
    0.068891741335392,
    0.06888256967067719,
    0.06977669894695282,
    0.0693843811750412,
    0.06881112605333328,
    0.06973856687545776,
    0.06924473494291306,
    0.0692177563905716,
    0.06893596798181534,
    0.06847181916236877,
    0.0706242024898529,
    0.0735635906457901,
    0.06799904257059097,
    0.0678362175822258,
    0.06710848212242126,
    0.06894177198410034,
    0.06500235199928284,
    0.06316698342561722,
    0.062480974942445755,
    0.06536399573087692,
    0.06165856495499611,
    0.059957798570394516,
    0.06336133927106857,
    0.05899576097726822,
    0.05887885019183159,
    0.058819666504859924,
    0.05718003213405609,
    0.05627303943037987,
    0.05576084926724434,
    0.05870932713150978,
    0.05524107813835144,
    0.054956912994384766,
    0.05530694127082825,
    0.049866147339344025,
    0.048470638692379,
    0.04682537540793419,
    0.04378192126750946,
    0.03998475894331932,
    0.03919543698430061,
    0.03565441444516182,
    0.03198392316699028,
    0.030420906841754913,
    0.027490640059113503,
    0.02969253994524479,
    0.028751926496624947,
    0.02203037217259407,
    0.034439150243997574,
    0.025389347225427628,
    0.02405669540166855,
    0.020088069140911102,
    0.024412980303168297,
    0.017998719587922096,
    0.015219589695334435,
    0.01615121215581894,
    0.014016480185091496,
    0.014994175173342228,
    0.016597911715507507,
    0.013968107290565968,
    0.013669183477759361,
    0.02035883627831936,
    0.01274826005101204,
    0.013894644565880299,
    0.013075079768896103,
    0.013956601731479168,
    0.010907101444900036,
    0.013165360316634178,
    0.01556787732988596,
    0.012644252739846706,
    0.013376032002270222,
    0.009716769680380821,
    0.01159378420561552,
    0.020035576075315475,
    0.019644273445010185,
    0.009610587731003761,
    0.011495983228087425,
    0.01027972623705864,
    0.011583305895328522,
    0.011022139340639114,
    0.015321481041610241,
    0.009094062261283398,
    0.011762949638068676,
    0.016403354704380035,
    0.010669789277017117,
    0.009973241947591305,
    0.028471963480114937,
    0.018220329657197,
    0.00953869428485632,
    0.0089803421869874,
    0.01040424220263958,
    0.013473118655383587,
    0.009484007023274899,
    0.015804488211870193,
    0.009690243750810623,
    0.00939006544649601
  ],
  "stopped_epoch": 100
}