{
  "epochs_recorded": [
    0,
    1,
    2,
    3,
    4,
    5,
    6,
    7,
    8,
    9,
    10,
    11,
    12,
    13,
    14,
    15,
    16,
    17,
    18,
    19,
    20,
    21
  ],
  "train_loss": [
    0.7872865796089172,
    0.6472994089126587,
    0.5879231691360474,
    0.5654144287109375,
    0.5440360903739929,
    0.5355144739151001,
    0.5503395199775696,
    0.5555563569068909,
    0.5349836945533752,
    0.5500854253768921,
    0.523678183555603,
    0.5426624417304993,
    0.529549777507782,
    0.5552800297737122,
    0.5410698056221008,
    0.5499430894851685,
    0.5255181789398193,
    0.5412061810493469,
    0.5391445755958557,
    0.5543799996376038,
    0.6705821752548218,
    0.5743032097816467
  ],
  "val_loss": [
    1.4655215740203857,
    0.5107513666152954,
    0.17189712822437286,
    0.3275238871574402,
    0.18054191768169403,
    0.13593579828739166,
    0.17873014509677887,
    0.2830899953842163,
    0.18127384781837463,
    0.22443966567516327,
    0.18945899605751038,
    0.13983626663684845,
    0.12949009239673615,
    0.148880273103714,
    0.21043558418750763,
    0.2423684000968933,
    2.0141797065734863,
    1.0972940921783447,
    0.7353093028068542,
    0.7708175182342529,
    472.4100646972656,
    0.3074783980846405,
    3.11613130569458
  ],
  "stopped_epoch": 22
}