{
  "epochs_recorded": [
    0,
    1,
    2,
    3,
    4,
    5,
    6,
    7,
    8,
    9,
    10,
    11,
    12,
    13,
    14,
    15,
    16,
    17,
    18,
    19,
    20,
    21,
    22,
    23,
    24,
    25,
    26,
    27,
    28,
    29,
    30,
    31,
    32,
    33,
    34,
    35,
    36,
    37,
    38,
    39,
    40,
    41,
    42,
    43,
    44,
    45,
    46,
    47,
    48,
    49,
    50,
    51,
    52,
    53,
    54,
    55,
    56,
    57,
    58,
    59
  ],
  "train_loss": [
    0.8436442613601685,
    0.7237263917922974,
    0.6297652721405029,
    0.5793383121490479,
    0.5688776969909668,
    0.574233889579773,
    0.5532786846160889,
    0.5341401100158691,
    0.5360896587371826,
    0.5144962072372437,
    0.5330109596252441,
    0.5110616087913513,
    0.5150668025016785,
    0.4975167512893677,
    0.5055814385414124,
    0.4873819351196289,
    0.5050655007362366,
    0.5069664716720581,
    0.5034096240997314,
    0.5036348104476929,
    0.48819035291671753,
    0.5088534951210022,
    0.5054481625556946,
    0.5258763432502747,
    0.4958662688732147,
    0.5024077892303467,
    0.49509185552597046,
    0.49061381816864014,
    0.5007347464561462,
    0.4928685426712036,
    0.49642813205718994,
    0.5149215459823608,
    0.49415597319602966,
    0.4858616888523102,
    0.49587368965148926,
    0.48510903120040894,
    0.48582667112350464,
    0.4707654118537903,
    0.48375841975212097,
    0.48443537950515747,
    0.4961719512939453,
    0.48710617423057556,
    0.5207446217536926,
    0.47604677081108093,
    0.48552465438842773,
    0.4984509348869324,
    0.48189088702201843,
    0.47285163402557373,
    0.5134029388427734,
    0.4777696430683136,
    0.48596104979515076,
    0.47500231862068176,
    0.4788305163383484,
    0.48967957496643066,
    0.47494518756866455,
    0.4894186854362488,
    0.4933263659477234,
    0.46543142199516296,
    0.4855155944824219,
    0.5061565041542053
  ],
  "val_loss": [
    0.4543696939945221,
    0.1580011397600174,
    0.09685587137937546,
    0.06693841516971588,
    0.12290260940790176,
    0.1265915483236313,
    0.3426055908203125,
    0.11551140993833542,
    0.12353349477052689,
    0.06271705776453018,
    0.10864613205194473,
    0.06548120826482773,
    0.07339990139007568,
    0.0716143324971199,
    0.053568486124277115,
    0.0759696364402771,
    0.0489165224134922,
    0.07240831851959229,
    0.062083009630441666,
    0.043834052979946136,
    0.06590888649225235,
    0.1052452102303505,
    0.04778137803077698,
    0.054338034242391586,
    0.04621083289384842,
    0.046039339154958725,
    0.042742811143398285,
    0.045961715281009674,
    0.05388076603412628,
    0.05107010528445244,
    0.04641062766313553,
    0.04615941643714905,
    0.05592329055070877,
    0.043351732194423676,
    0.042228080332279205,
    0.04435195028781891,
    0.044158488512039185,
    0.04808266460895538,
    0.06606882810592651,
    0.051040783524513245,
    0.05100678279995918,
    0.04256727546453476,
    0.040815114974975586,
    0.04025709629058838,
    0.05830317363142967,
    0.047933999449014664,
    0.08171962946653366,
    0.05371557176113129,
    0.04173718020319939,
    0.04034166410565376,
    0.040204450488090515,
    0.042683906853199005,
    0.04864675551652908,
    0.04228658974170685,
    0.044226180762052536,
    0.050994206219911575,
    0.04240034520626068,
    0.07250616699457169,
    0.08187711983919144,
    0.05273959040641785,
    0.07687220722436905
  ],
  "stopped_epoch": 60
}