{
  "epochs_recorded": [
    0,
    1,
    2,
    3,
    4,
    5,
    6,
    7,
    8,
    9,
    10,
    11,
    12,
    13,
    14,
    15,
    16,
    17,
    18,
    19,
    20,
    21,
    22,
    23,
    24,
    25,
    26,
    27,
    28,
    29,
    30,
    31,
    32,
    33,
    34,
    35,
    36,
    37,
    38,
    39,
    40,
    41,
    42,
    43,
    44,
    45,
    46,
    47,
    48,
    49,
    50,
    51,
    52,
    53,
    54,
    55,
    56,
    57,
    58,
    59,
    60,
    61,
    62,
    63,
    64,
    65,
    66,
    67,
    68,
    69,
    70,
    71,
    72,
    73,
    74,
    75,
    76,
    77,
    78,
    79,
    80
  ],
  "train_loss": [
    1.2296537160873413,
    1.0363028049468994,
    0.963443398475647,
    0.8105534911155701,
    0.7878565192222595,
    0.8111580014228821,
    0.7279760837554932,
    0.6530844569206238,
    0.6744569540023804,
    0.6933444738388062,
    0.6440733075141907,
    0.5962115526199341,
    0.5769352912902832,
    0.5849697589874268,
    0.531964123249054,
    0.5610439777374268,
    0.8276848196983337,
    0.5662853121757507,
    0.5308212637901306,
    0.521156370639801,
    0.507222056388855,
    0.5138903856277466,
    0.5321308374404907,
    0.5076050758361816,
    0.51559978723526,
    0.5077323913574219,
    0.4988372325897217,
    0.5008125901222229,
    0.4801742732524872,
    0.4948648512363434,
    0.4791315793991089,
    0.6174987554550171,
    0.48445165157318115,
    0.4945439100265503,
    0.48202261328697205,
    0.4727386236190796,
    0.4665308892726898,
    0.493097186088562,
    0.5032743811607361,
    0.4733956456184387,
    0.49155887961387634,
    0.4859386682510376,
    0.4712129533290863,
    0.5006812810897827,
    0.48286688327789307,
    0.46573927998542786,
    0.47676825523376465,
    0.47868046164512634,
    0.49201399087905884,
    0.47394049167633057,
    0.46681299805641174,
    0.5017849206924438,
    0.4721452593803406,
    0.47606560587882996,
    0.47023895382881165,
    0.4677264988422394,
    0.4840337634086609,
    0.46905916929244995,
    0.48770344257354736,
    0.4728277623653412,
    0.46690770983695984,
    0.46669554710388184,
    0.4695928692817688,
    0.4747934341430664,
    0.48340997099876404,
    0.4714217185974121,
    0.46978113055229187,
    0.4749567210674286,
    0.4820520281791687,
    0.48000138998031616,
    0.48286116123199463,
    0.5047082901000977,
    0.4825633466243744,
    0.4761682152748108,
    0.47482210397720337,
    0.4930186867713928,
    0.46727731823921204,
    0.5329830646514893,
    0.48132437467575073,
    0.48326972126960754,
    0.4920584261417389
  ],
  "val_loss": [
    0.45138123631477356,
    0.22123661637306213,
    0.17217811942100525,
    0.1809360831975937,
    0.1687346249818802,
    0.1333276778459549,
    0.15308421850204468,
    0.14930391311645508,
    0.13882137835025787,
    0.12063945829868317,
    0.1114809513092041,
    0.10878388583660126,
    0.10846634954214096,
    0.09312707930803299,
    0.09426992386579514,
    0.10417672246694565,
    0.10667192190885544,
    0.0894036740064621,
    0.0901210755109787,
    0.09074445813894272,
    0.0808185413479805,
    0.07572715729475021,
    0.08557186275720596,
    0.07448025047779083,
    0.07215064764022827,
    0.06692168116569519,
    0.0638551265001297,
    0.058383759111166,
    0.05922301113605499,
    0.055571556091308594,
    0.053050946444272995,
    0.04944338649511337,
    0.04958920553326607,
    0.04969172552227974,
    0.047691963613033295,
    0.04605487361550331,
    0.04649633914232254,
    0.04469326138496399,
    0.04465607553720474,
    0.04437366873025894,
    0.0429854691028595,
    0.04341120645403862,
    0.041732169687747955,
    0.04252957925200462,
    0.041871942579746246,
    0.040222980082035065,
    0.04159325733780861,
    0.040770892053842545,
    0.043798577040433884,
    0.03954717516899109,
    0.03991200029850006,
    0.04014022648334503,
    0.03878548741340637,
    0.039445362985134125,
    0.0395381934940815,
    0.03899991512298584,
    0.03975705802440643,
    0.03972495347261429,
    0.040011920034885406,
    0.04001652076840401,
    0.039303116500377655,
    0.038911644369363785,
    0.03843061625957489,
    0.0387219674885273,
    0.03980204463005066,
    0.03859616816043854,
    0.03854691982269287,
    0.03880809620022774,
    0.03781135380268097,
    0.040018901228904724,
    0.03823436424136162,
    0.03722593933343887,
    0.04043667018413544,
    0.039062388241291046,
    0.0408686064183712,
    0.038242682814598083,
    0.03841827064752579,
    0.03851603344082832,
    0.0391741544008255,
    0.0504281148314476,
    0.04060054197907448,
    0.04178992286324501
  ],
  "stopped_epoch": 81
}