{
  "epochs_recorded": [
    0,
    1,
    2,
    3,
    4,
    5,
    6,
    7,
    8,
    9,
    10,
    11,
    12,
    13,
    14,
    15,
    16,
    17,
    18,
    19,
    20,
    21,
    22
  ],
  "train_loss": [
    1.1572444438934326,
    0.6826856136322021,
    0.5795238018035889,
    0.5396597981452942,
    0.5488003492355347,
    0.5253612399101257,
    0.5402268171310425,
    0.5386263728141785,
    0.5327793955802917,
    0.5265024900436401,
    0.5190079808235168,
    0.5201445817947388,
    0.5210312008857727,
    0.5231383442878723,
    0.507131814956665,
    0.513810396194458,
    0.5055259466171265,
    0.549626350402832,
    0.5261595249176025,
    0.5194819569587708,
    0.5183189511299133,
    0.5180149674415588,
    0.507603108882904
  ],
  "val_loss": [
    1.4833019971847534,
    13.038344383239746,
    3.8519482612609863,
    0.2752727270126343,
    0.08707902580499649,
    0.09846687316894531,
    0.08824531733989716,
    0.08404824882745743,
    0.08544281125068665,
    0.09220554679632187,
    0.08354434370994568,
    0.08358848839998245,
    0.08524541556835175,
    0.08255790919065475,
    0.08357256650924683,
    0.08401651680469513,
    0.08336565643548965,
    0.08550255000591278,
    0.08828935027122498,
    0.08550310134887695,
    0.08283903449773788,
    0.08631150424480438,
    0.08429359644651413,
    0.08698119223117828
  ],
  "stopped_epoch": 23
}