{
  "epochs_recorded": [
    0,
    1,
    2,
    3,
    4,
    5,
    6,
    7,
    8,
    9,
    10,
    11,
    12,
    13,
    14,
    15,
    16,
    17,
    18,
    19,
    20,
    21,
    22,
    23,
    24,
    25,
    26,
    27,
    28,
    29,
    30,
    31,
    32,
    33,
    34,
    35,
    36,
    37,
    38,
    39
  ],
  "train_loss": [
    1.3627105951309204,
    0.7181869745254517,
    0.5944420695304871,
    0.5355971455574036,
    1.0467705726623535,
    0.5980454683303833,
    0.5496552586555481,
    0.515113353729248,
    0.5013359189033508,
    0.521463930606842,
    0.5232547521591187,
    0.4968537390232086,
    0.4890948534011841,
    0.49051594734191895,
    0.4790419340133667,
    0.475137323141098,
    0.47596514225006104,
    0.5088558197021484,
    0.49074220657348633,
    0.4846581816673279,
    0.4767836332321167,
    0.4865228533744812,
    0.5083839893341064,
    0.48097604513168335,
    0.482766330242157,
    0.48062941431999207,
    0.4823194146156311,
    0.48752784729003906,
    0.4743392765522003,
    0.47621428966522217,
    0.4845445156097412,
    0.47844815254211426,
    0.4685537815093994,
    0.4975237250328064,
    0.4695965051651001,
    0.46663516759872437,
    0.5073021054267883,
    0.4867185056209564,
    0.5026066303253174,
    0.4712878167629242
  ],
  "val_loss": [
    0.6418154835700989,
    7.270520210266113,
    0.6559268832206726,
    0.20872776210308075,
    0.13937388360500336,
    0.1555948257446289,
    0.11691581457853317,
    0.1918482929468155,
    0.09909908473491669,
    0.07542025297880173,
    0.10792732238769531,
    0.0749744102358818,
    0.09348886460065842,
    0.06598040461540222,
    0.0469742976129055,
    0.04616861790418625,
    0.045498933643102646,
    0.04401663690805435,
    0.04370984062552452,
    0.04984021186828613,
    0.04461837187409401,
    0.04601672291755676,
    0.04335162043571472,
    0.042985621839761734,
    0.042048364877700806,
    0.04477290064096451,
    0.04579153656959534,
    0.0434080995619297,
    0.04134206473827362,
    0.040957871824502945,
    0.0397583544254303,
    0.04431222751736641,
    0.0423738956451416,
    0.041078515350818634,
    0.039779890328645706,
    0.04658325016498566,
    0.041553810238838196,
    0.053652774542570114,
    0.04961485415697098,
    0.04245784133672714,
    0.04595121741294861
  ],
  "stopped_epoch": 40
}