{
  "epochs_recorded": [
    0,
    1,
    2,
    3,
    4,
    5,
    6,
    7,
    8,
    9,
    10,
    11,
    12,
    13,
    14,
    15,
    16,
    17,
    18,
    19,
    20,
    21,
    22,
    23,
    24,
    25,
    26,
    27,
    28,
    29,
    30,
    31,
    32,
    33,
    34,
    35,
    36,
    37,
    38,
    39,
    40,
    41,
    42,
    43,
    44,
    45,
    46,
    47,
    48,
    49,
    50
  ],
  "train_loss": [
    0.9230622053146362,
    0.7475327253341675,
    0.7008124589920044,
    0.6339412927627563,
    0.635057806968689,
    0.6238296031951904,
    0.585109531879425,
    0.569617748260498,
    0.5651946663856506,
    0.5316231846809387,
    0.5217899680137634,
    0.5125373601913452,
    0.5338671803474426,
    0.5047054290771484,
    0.5058133602142334,
    0.5102691650390625,
    0.4959227740764618,
    0.5164957642555237,
    0.5011149048805237,
    0.5004812479019165,
    0.5118411779403687,
    0.5065436959266663,
    0.5222486257553101,
    0.5002182126045227,
    0.4995831847190857,
    0.4889998435974121,
    0.4888404905796051,
    0.496793270111084,
    0.48267003893852234,
    0.4882914423942566,
    0.48462188243865967,
    0.49026426672935486,
    0.511661946773529,
    0.4974161386489868,
    0.4859606921672821,
    0.4818681478500366,
    0.48480334877967834,
    0.4915779232978821,
    0.5195498466491699,
    0.484701931476593,
    0.49668583273887634,
    0.49435344338417053,
    0.5247350931167603,
    0.5057821273803711,
    0.4766215980052948,
    0.4844023287296295,
    0.4856686592102051,
    0.49380648136138916,
    0.49525851011276245,
    0.48596805334091187,
    0.4671626091003418
  ],
  "val_loss": [
    0.4991413354873657,
    0.25473371148109436,
    0.11233221739530563,
    0.10672292858362198,
    0.11694151163101196,
    0.10381364077329636,
    0.06811819225549698,
    0.06529170274734497,
    0.06858882308006287,
    0.10758896917104721,
    0.06426648795604706,
    0.05660531669855118,
    0.06160379573702812,
    0.05590367317199707,
    0.05503491312265396,
    0.05459320917725563,
    0.054270390421152115,
    0.05582878738641739,
    0.05427991971373558,
    0.053422555327415466,
    0.05229481682181358,
    0.05531464144587517,
    0.053293533623218536,
    0.05246744304895401,
    0.05382732301950455,
    0.06221901252865791,
    0.053172413259744644,
    0.04880321025848389,
    0.06297873705625534,
    0.05237935855984688,
    0.05096479505300522,
    0.05036573484539986,
    0.04954081401228905,
    0.05083005875349045,
    0.05113765224814415,
    0.04818887636065483,
    0.052497148513793945,
    0.05706501007080078,
    0.05842067673802376,
    0.11627745628356934,
    0.04883316159248352,
    0.0461389534175396,
    0.050810955464839935,
    0.07942903786897659,
    0.06830209493637085,
    0.08835338801145554,
    0.052480727434158325,
    0.049766119569540024,
    0.05196918547153473,
    0.053944941610097885,
    0.05406804382801056,
    0.061235394328832626
  ],
  "stopped_epoch": 51
}