{
  "epochs_recorded": [
    0,
    1,
    2,
    3,
    4,
    5,
    6,
    7,
    8,
    9,
    10,
    11,
    12,
    13,
    14,
    15,
    16,
    17,
    18,
    19,
    20,
    21,
    22,
    23,
    24,
    25,
    26,
    27,
    28,
    29,
    30,
    31,
    32,
    33,
    34,
    35,
    36,
    37,
    38,
    39,
    40,
    41,
    42,
    43,
    44,
    45,
    46,
    47,
    48,
    49,
    50,
    51,
    52,
    53,
    54,
    55,
    56,
    57,
    58,
    59,
    60,
    61,
    62,
    63,
    64,
    65,
    66,
    67,
    68,
    69
  ],
  "train_loss": [
    0.7489782571792603,
    0.8408703804016113,
    0.7052286863327026,
    0.7156809568405151,
    0.7412260174751282,
    0.6099880933761597,
    0.6799787282943726,
    0.6701977849006653,
    0.6156108975410461,
    0.6267675161361694,
    0.6615705490112305,
    0.6844965815544128,
    0.6444668769836426,
    0.979953944683075,
    0.6502904891967773,
    0.6792310476303101,
    0.6377134323120117,
    0.6141123175621033,
    0.5891219973564148,
    0.6164001226425171,
    0.6764243841171265,
    0.5802912712097168,
    0.6544152498245239,
    0.6454485058784485,
    0.6057582497596741,
    0.6283857226371765,
    0.6082596778869629,
    0.5985095500946045,
    0.6006202101707458,
    0.6051247715950012,
    0.5594761967658997,
    0.6218488216400146,
    0.5311657190322876,
    0.5584034323692322,
    0.553334653377533,
    0.7996534705162048,
    0.5516575574874878,
    0.6148633360862732,
    0.5404224395751953,
    0.5719112753868103,
    0.6304874420166016,
    0.5205561518669128,
    0.5340680480003357,
    0.5876462459564209,
    0.5892528891563416,
    0.6259684562683105,
    0.5770111083984375,
    0.5544981956481934,
    0.5317968130111694,
    0.4950568377971649,
    0.5154473781585693,
    0.856467068195343,
    0.5366004705429077,
    0.5130927562713623,
    0.6489269137382507,
    0.5876815915107727,
    0.5328170657157898,
    0.6235955357551575,
    0.805267870426178,
    0.5458798408508301,
    0.8897526264190674,
    0.553909957408905,
    0.5330897569656372,
    0.6365679502487183,
    0.5967859029769897,
    0.5091540217399597,
    0.5216678380966187,
    0.5266050100326538,
    0.5467724800109863,
    0.5751553177833557
  ],
  "val_loss": [
    1.5353590250015259,
    0.11639759689569473,
    0.10203218460083008,
    0.09296399354934692,
    0.08593296259641647,
    0.08671334385871887,
    0.07898135483264923,
    0.0742034986615181,
    0.10462009161710739,
    0.08055946230888367,
    0.07246564328670502,
    0.08389195799827576,
    0.37606480717658997,
    0.14562048017978668,
    0.1735718846321106,
    0.37643012404441833,
    0.3147140443325043,
    0.11624979227781296,
    0.06235768273472786,
    0.06354386359453201,
    0.06370192766189575,
    0.0717807188630104,
    0.063594289124012,
    0.06685254722833633,
    0.06594059616327286,
    0.0600670762360096,
    0.062197912484407425,
    0.055348169058561325,
    0.05991174653172493,
    0.12935863435268402,
    0.047997161746025085,
    0.07774366438388824,
    0.06101159006357193,
    0.06385099142789841,
    0.05165823921561241,
    0.06968819350004196,
    0.07803469151258469,
    0.06828246265649796,
    0.040952734649181366,
    0.049527883529663086,
    0.06355250626802444,
    0.04471598193049431,
    0.06197173893451691,
    0.07335937768220901,
    0.03860917687416077,
    0.041372619569301605,
    0.03195284679532051,
    0.05031175538897514,
    0.08751638233661652,
    0.05958161503076553,
    0.04042110592126846,
    0.07597693800926208,
    0.04306092858314514,
    0.05855277553200722,
    0.04608353599905968,
    0.0289801936596632,
    0.030206337571144104,
    0.03483377769589424,
    0.05442759394645691,
    0.03771718591451645,
    0.02738129533827305,
    0.04601811245083809,
    0.0377429723739624,
    0.04070640727877617,
    0.07402492314577103,
    0.028625456616282463,
    0.06900013983249664,
    0.04874034970998764,
    0.05599042400717735,
    0.08221074938774109,
    0.03394762799143791
  ],
  "stopped_epoch": 70
}