{
  "epochs_recorded": [
    0,
    1,
    2,
    3,
    4,
    5,
    6,
    7,
    8,
    9,
    10,
    11,
    12,
    13,
    14,
    15,
    16,
    17,
    18,
    19,
    20,
    21,
    22,
    23,
    24,
    25,
    26,
    27,
    28,
    29,
    30,
    31,
    32,
    33,
    34,
    35,
    36,
    37,
    38,
    39,
    40,
    41,
    42,
    43,
    44,
    45,
    46,
    47,
    48,
    49,
    50,
    51,
    52,
    53,
    54,
    55,
    56,
    57,
    58,
    59,
    60,
    61
  ],
  "train_loss": [
    0.5824882984161377,
    0.664081335067749,
    0.5883868932723999,
    0.5211561918258667,
    0.5264616012573242,
    0.5247049331665039,
    0.5244853496551514,
    0.548250138759613,
    0.4796086251735687,
    0.5317617058753967,
    0.522826611995697,
    0.5082818865776062,
    0.5908412933349609,
    0.5931056141853333,
    0.49171707034111023,
    0.5021390914916992,
    0.4861777126789093,
    0.5396829843521118,
    0.49184852838516235,
    0.49378353357315063,
    0.4886894226074219,
    0.519106388092041,
    0.5997248888015747,
    0.5099096894264221,
    0.5261210799217224,
    0.4827216863632202,
    0.4795118570327759,
    0.472137451171875,
    0.47033679485321045,
    0.5186886787414551,
    0.4739956259727478,
    0.4709762632846832,
    0.46955153346061707,
    0.47413837909698486,
    0.47190260887145996,
    0.5078423619270325,
    0.47104519605636597,
    0.4933626651763916,
    0.48392918705940247,
    0.4998123347759247,
    0.49564146995544434,
    0.4800509214401245,
    0.46580445766448975,
    0.48637762665748596,
    0.4838829040527344,
    0.4824754595756531,
    0.4728648066520691,
    0.4760136902332306,
    0.48658987879753113,
    0.4757465422153473,
    0.4620911180973053,
    0.5182536244392395,
    0.4659307897090912,
    0.4717417359352112,
    0.5214484333992004,
    0.47352689504623413,
    0.47415322065353394,
    0.4748125672340393,
    0.489336222410202,
    0.47068241238594055,
    0.4736875593662262,
    0.47121763229370117
  ],
  "val_loss": [
    0.46669769287109375,
    0.2999926507472992,
    0.1693112999200821,
    0.08916328102350235,
    0.069556824862957,
    0.06880304217338562,
    0.06480242311954498,
    0.08693132549524307,
    0.1824982613325119,
    0.1391388177871704,
    0.09125718474388123,
    0.09115424752235413,
    0.07264160364866257,
    0.07429252564907074,
    0.06514058262109756,
    0.05486483499407768,
    0.05814800411462784,
    0.05249640345573425,
    0.06594797968864441,
    0.053531426936388016,
    0.052658434957265854,
    0.25386860966682434,
    0.06228316202759743,
    0.05687890201807022,
    0.04718555137515068,
    0.05314724147319794,
    0.05284897983074188,
    0.04743652418255806,
    0.04922470077872276,
    0.04819050431251526,
    0.046857938170433044,
    0.04566261172294617,
    0.05891653895378113,
    0.06329252570867538,
    0.048387955874204636,
    0.05117069184780121,
    0.04608188197016716,
    0.04527552053332329,
    0.05101976543664932,
    0.05750800669193268,
    0.05440052971243858,
    0.04677721485495567,
    0.04453354328870773,
    0.04638470709323883,
    0.04543011635541916,
    0.04487242549657822,
    0.05056408792734146,
    0.05071622505784035,
    0.06418871134519577,
    0.049580011516809464,
    0.05274353548884392,
    0.04635393247008324,
    0.04288514703512192,
    0.04645894095301628,
    0.050317324697971344,
    0.09607693552970886,
    0.10736604779958725,
    0.04400709643959999,
    0.04668107628822327,
    0.04371275380253792,
    0.045571468770504,
    0.043634284287691116,
    0.044752296060323715
  ],
  "stopped_epoch": 62
}