{
  "epochs_recorded": [
    0,
    1,
    2,
    3,
    4,
    5,
    6,
    7,
    8,
    9,
    10,
    11,
    12,
    13,
    14,
    15,
    16,
    17,
    18,
    19,
    20,
    21,
    22,
    23,
    24,
    25,
    26,
    27,
    28,
    29,
    30,
    31,
    32,
    33,
    34,
    35,
    36,
    37,
    38,
    39,
    40,
    41,
    42,
    43,
    44,
    45,
    46
  ],
  "train_loss": [
    0.7532012462615967,
    0.5453815460205078,
    0.5093802213668823,
    0.4758235514163971,
    0.4700736403465271,
    0.4738570749759674,
    0.45813998579978943,
    0.4754059910774231,
    0.47070661187171936,
    0.4737849235534668,
    0.4633481204509735,
    0.5090165734291077,
    0.45493823289871216,
    0.4454389214515686,
    0.4692493677139282,
    0.4545586109161377,
    0.4377889931201935,
    0.4308406114578247,
    0.45571979880332947,
    0.4443211257457733,
    0.4416733980178833,
    0.4588063955307007,
    0.45430856943130493,
    0.43607351183891296,
    0.4317134916782379,
    0.448767751455307,
    0.43419918417930603,
    0.44387778639793396,
    0.4485875964164734,
    0.43303364515304565,
    0.4328630566596985,
    0.4355180859565735,
    0.43635833263397217,
    0.43799835443496704,
    0.43775832653045654,
    0.43002355098724365,
    0.43737679719924927,
    0.44745466113090515,
    0.4342774450778961,
    0.43143901228904724,
    0.43600544333457947,
    0.42559075355529785,
    0.4276432394981384,
    0.44640299677848816,
    0.43268680572509766,
    0.4289623498916626,
    0.4429808259010315
  ],
  "val_loss": [
    1.8217028379440308,
    1.1276761293411255,
    0.10739970952272415,
    0.07287247478961945,
    0.07232793420553207,
    0.07019428163766861,
    0.07056677341461182,
    0.07063106447458267,
    0.06981176137924194,
    0.06993665546178818,
    0.06982516497373581,
    0.06971132010221481,
    0.06967180222272873,
    0.07208801060914993,
    0.07090509682893753,
    0.07081829011440277,
    0.06593841314315796,
    0.2552512288093567,
    0.022433722391724586,
    0.020970001816749573,
    0.07256169617176056,
    0.05672772228717804,
    0.03901723772287369,
    0.09940331429243088,
    0.019033288583159447,
    0.02682693488895893,
    0.028860054910182953,
    0.026811905205249786,
    0.053996678441762924,
    0.03059418871998787,
    0.025791196152567863,
    0.01582448184490204,
    0.02261378988623619,
    0.025222403928637505,
    0.037938978523015976,
    0.01774315908551216,
    0.015738219022750854,
    0.015327456407248974,
    0.021552743390202522,
    0.02404513768851757,
    0.1414116621017456,
    0.019259760156273842,
    0.018771149218082428,
    0.02078414522111416,
    0.030468333512544632,
    0.020002808421850204,
    0.027325214818120003,
    0.1143765076994896
  ],
  "stopped_epoch": 47
}