{
  "epochs_recorded": [
    0,
    1,
    2,
    3,
    4,
    5,
    6,
    7,
    8,
    9,
    10,
    11,
    12,
    13,
    14,
    15,
    16,
    17,
    18,
    19,
    20,
    21,
    22
  ],
  "train_loss": [
    1.3753429651260376,
    0.08536287397146225,
    0.06217746436595917,
    0.05845537781715393,
    0.05757619068026543,
    0.05664750933647156,
    0.05607802793383598,
    0.057294294238090515,
    0.05731867253780365,
    0.05728424713015556,
    0.05731288343667984,
    0.057389840483665466,
    0.056366585195064545,
    0.05701526254415512,
    0.05993778631091118,
    0.05725664272904396,
    0.056901656091213226,
    0.05712616443634033,
    0.05625423789024353,
    0.05697973817586899,
    0.055519916117191315,
    0.055543649941682816,
    0.05546850338578224
  ],
  "val_loss": [
    0.5254836082458496,
    0.07145819067955017,
    0.08784877508878708,
    0.06938407570123672,
    0.06914994865655899,
    0.0696488693356514,
    0.06934714317321777,
    0.0703454241156578,
    0.07128366082906723,
    0.06856357306241989,
    0.06858664751052856,
    0.06869488954544067,
    0.06933741271495819,
    0.06851832568645477,
    0.0775630995631218,
    0.07672207057476044,
    0.06880240887403488,
    0.06864182651042938,
    0.06998005509376526,
    0.07007959485054016,
    0.06905541568994522,
    0.07084104418754578,
    0.0727761834859848,
    0.0694143995642662
  ],
  "stopped_epoch": 23
}