{
  "epochs_recorded": [
    0,
    1,
    2,
    3,
    4,
    5,
    6,
    7,
    8,
    9,
    10,
    11,
    12,
    13,
    14,
    15,
    16,
    17,
    18,
    19,
    20,
    21,
    22,
    23,
    24,
    25,
    26
  ],
  "train_loss": [
    0.7404248714447021,
    0.5670995116233826,
    0.5112209320068359,
    0.4870397448539734,
    0.4936267137527466,
    0.45739394426345825,
    0.4770825505256653,
    0.46788790822029114,
    0.48513805866241455,
    0.477317214012146,
    0.4574548602104187,
    0.458973228931427,
    0.5288795828819275,
    0.48553115129470825,
    0.4597959518432617,
    0.49867212772369385,
    0.4740438461303711,
    0.4583966135978699,
    0.484973281621933,
    0.5092341899871826,
    0.5028824806213379,
    0.5111901164054871,
    0.4748155474662781,
    0.4976036548614502,
    0.45559632778167725,
    0.4791257381439209,
    0.465911328792572
  ],
  "val_loss": [
    2.409520387649536,
    0.11166732013225555,
    0.081067755818367,
    0.08284091204404831,
    0.07539631426334381,
    0.07132039219141006,
    0.07089019566774368,
    0.07007455080747604,
    0.07069119065999985,
    0.07054677605628967,
    0.06992980092763901,
    0.07104898244142532,
    0.07008609175682068,
    0.08742950111627579,
    0.07005689293146133,
    0.07108868658542633,
    0.07086896896362305,
    0.06934570521116257,
    0.07002381980419159,
    0.07235413789749146,
    0.07043224573135376,
    0.071481853723526,
    0.07051527500152588,
    0.0731019601225853,
    0.07411307096481323,
    0.07093606889247894,
    0.07020184397697449,
    0.07016338407993317
  ],
  "stopped_epoch": 27
}