{
  "epochs_recorded": [
    0,
    1,
    2,
    3,
    4,
    5,
    6,
    7,
    8,
    9,
    10,
    11,
    12,
    13,
    14,
    15,
    16,
    17,
    18,
    19,
    20,
    21,
    22,
    23,
    24,
    25,
    26,
    27,
    28,
    29,
    30,
    31,
    32,
    33,
    34,
    35,
    36,
    37,
    38,
    39,
    40,
    41,
    42
  ],
  "train_loss": [
    1.4466339349746704,
    0.21873006224632263,
    0.16628959774971008,
    0.13377565145492554,
    0.11130008846521378,
    0.10441466420888901,
    0.10174881666898727,
    0.101234570145607,
    0.0991726815700531,
    0.09738750755786896,
    0.0964190885424614,
    0.09565383195877075,
    0.0935240387916565,
    0.09374159574508667,
    0.09165003895759583,
    0.09298330545425415,
    0.09123951941728592,
    0.0925200954079628,
    0.0896315947175026,
    0.09182848036289215,
    0.09010297805070877,
    0.09064256399869919,
    0.08922884613275528,
    0.09089906513690948,
    0.0948847085237503,
    0.09340611100196838,
    0.09940345585346222,
    0.09441208094358444,
    0.09440704435110092,
    0.09073357284069061,
    0.09207674115896225,
    0.09324748069047928,
    0.0903993621468544,
    0.09532274305820465,
    0.09164122492074966,
    0.09104741364717484,
    0.09307598322629929,
    0.09066165238618851,
    0.09630488604307175,
    0.09326836466789246,
    0.09269104152917862,
    0.0960819348692894,
    0.09110613167285919
  ],
  "val_loss": [
    0.9703402519226074,
    0.2050331085920334,
    0.1771693378686905,
    0.14184340834617615,
    0.11423546075820923,
    0.10093744099140167,
    0.09800346195697784,
    0.0995255559682846,
    0.09549147635698318,
    0.09423377364873886,
    0.09240985661745071,
    0.09190627932548523,
    0.09098053723573685,
    0.09082188457250595,
    0.08968530595302582,
    0.08874604851007462,
    0.0881703644990921,
    0.08905486762523651,
    0.09063513576984406,
    0.08829645067453384,
    0.09301121532917023,
    0.09174701571464539,
    0.09191665798425674,
    0.09091290831565857,
    0.09214088320732117,
    0.08757267147302628,
    0.08979610353708267,
    0.0874299705028534,
    0.09839710593223572,
    0.08649314939975739,
    0.0874100849032402,
    0.09526872634887695,
    0.08853543549776077,
    0.08595052361488342,
    0.10130419582128525,
    0.08697707206010818,
    0.11384821683168411,
    0.08867841958999634,
    0.09004883468151093,
    0.08876433223485947,
    0.09111752361059189,
    0.09104281663894653,
    0.09626667201519012,
    0.08967780321836472
  ],
  "stopped_epoch": 43
}