{
  "epochs_recorded": [
    0,
    1,
    2,
    3,
    4,
    5,
    6,
    7,
    8,
    9,
    10,
    11,
    12,
    13,
    14,
    15,
    16,
    17,
    18,
    19,
    20,
    21,
    22,
    23,
    24,
    25,
    26,
    27,
    28,
    29,
    30,
    31,
    32,
    33,
    34,
    35,
    36,
    37,
    38,
    39,
    40,
    41,
    42,
    43,
    44
  ],
  "train_loss": [
    0.299019992351532,
    0.07148062437772751,
    0.06271020323038101,
    0.0624273382127285,
    0.060986947268247604,
    0.05930428206920624,
    0.05793067067861557,
    0.05856558680534363,
    0.05777547508478165,
    0.057165101170539856,
    0.057097505778074265,
    0.05653606727719307,
    0.05708754435181618,
    0.057106148451566696,
    0.05681188404560089,
    0.0567353256046772,
    0.05666148662567139,
    0.05799688398838043,
    0.05617562681436539,
    0.05845660716295242,
    0.0578668937087059,
    0.05691938102245331,
    0.05588990077376366,
    0.055380310863256454,
    0.05462970584630966,
    0.054059743881225586,
    0.05621356517076492,
    0.05386751517653465,
    0.05546669661998749,
    0.05381432920694351,
    0.053224533796310425,
    0.053294043987989426,
    0.05347398668527603,
    0.056634899228811264,
    0.05365387350320816,
    0.054424948990345,
    0.05435224995017052,
    0.05487921088933945,
    0.05523824691772461,
    0.05373913422226906,
    0.0530020110309124,
    0.053121671080589294,
    0.05307101085782051,
    0.05223150551319122,
    0.052457667887210846
  ],
  "val_loss": [
    0.25734618306159973,
    0.09511227905750275,
    0.07809900492429733,
    0.07086460292339325,
    0.06977090239524841,
    0.07473675906658173,
    0.06974129378795624,
    0.06940266489982605,
    0.07374808192253113,
    0.0738542303442955,
    0.07037046551704407,
    0.06993380188941956,
    0.06946459412574768,
    0.07017243653535843,
    0.06976529210805893,
    0.07085412740707397,
    0.06918395310640335,
    0.0770394578576088,
    0.07072306424379349,
    0.06884676218032837,
    0.07392366230487823,
    0.06852107495069504,
    0.0710984393954277,
    0.06804613023996353,
    0.06705185770988464,
    0.06700697541236877,
    0.06759022176265717,
    0.0680452436208725,
    0.06418652832508087,
    0.0710117444396019,
    0.06362595409154892,
    0.06440186500549316,
    0.0639805868268013,
    0.06400109082460403,
    0.06574239581823349,
    0.0627032145857811,
    0.06628544628620148,
    0.0675208792090416,
    0.06417951732873917,
    0.06418288499116898,
    0.06389323621988297,
    0.06558313965797424,
    0.06715415418148041,
    0.06676168739795685,
    0.06299995630979538,
    0.06359919160604477
  ],
  "stopped_epoch": 45
}