{
  "epochs_recorded": [
    0,
    1,
    2,
    3,
    4,
    5,
    6,
    7,
    8,
    9,
    10,
    11,
    12,
    13,
    14,
    15,
    16,
    17,
    18,
    19,
    20,
    21,
    22,
    23,
    24,
    25,
    26,
    27,
    28,
    29,
    30,
    31,
    32,
    33,
    34,
    35,
    36,
    37,
    38,
    39,
    40,
    41,
    42,
    43,
    44,
    45,
    46,
    47,
    48,
    49,
    50,
    51,
    52,
    53,
    54,
    55,
    56,
    57,
    58,
    59,
    60,
    61,
    62,
    63,
    64,
    65,
    66,
    67,
    68,
    69,
    70,
    71,
    72,
    73,
    74,
    75,
    76,
    77,
    78,
    79,
    80,
    81,
    82,
    83,
    84,
    85,
    86,
    87,
    88,
    89,
    90,
    91,
    92,
    93
  ],
  "train_loss": [
    1.2916276454925537,
    0.27469053864479065,
    0.24884046614170074,
    0.24432361125946045,
    0.24369391798973083,
    0.2409103512763977,
    0.23605559766292572,
    0.2283293604850769,
    0.2035905122756958,
    0.16269536316394806,
    0.13227087259292603,
    0.12089956551790237,
    0.11379491537809372,
    0.1075730249285698,
    0.09983004629611969,
    0.09112946689128876,
    0.08709713071584702,
    0.08457496762275696,
    0.08239823579788208,
    0.07591144740581512,
    0.07661157101392746,
    0.07238714396953583,
    0.07059973478317261,
    0.06828989833593369,
    0.06571212410926819,
    0.0658922865986824,
    0.06290599703788757,
    0.05886165052652359,
    0.060474053025245667,
    0.05577684938907623,
    0.053908172994852066,
    0.049012452363967896,
    0.04883827269077301,
    0.047322243452072144,
    0.047161396592855453,
    0.04307126626372337,
    0.04004218056797981,
    0.04011450707912445,
    0.038028933107852936,
    0.035848189145326614,
    0.034336529672145844,
    0.03519078344106674,
    0.03328809514641762,
    0.031847208738327026,
    0.030380692332983017,
    0.029365746304392815,
    0.028787575662136078,
    0.02829630859196186,
    0.027530474588274956,
    0.026633435860276222,
    0.025966189801692963,
    0.025736575946211815,
    0.026782140135765076,
    0.024746492505073547,
    0.024533698335289955,
    0.024572117254137993,
    0.025755740702152252,
    0.023503515869379044,
    0.022812629118561745,
    0.02272801846265793,
    0.023457815870642662,
    0.02288348227739334,
    0.02154781110584736,
    0.021125100553035736,
    0.02013377659022808,
    0.020608635619282722,
    0.02253901958465576,
    0.021069353446364403,
    0.02034466341137886,
    0.02000991627573967,
    0.01966683752834797,
    0.018134629353880882,
    0.01889478974044323,
    0.01879994198679924,
    0.019699174910783768,
    0.018556376919150352,
    0.018075669184327126,
    0.019204705953598022,
    0.017988909035921097,
    0.01756312884390354,
    0.017701681703329086,
    0.01743745058774948,
    0.016637783497571945,
    0.01662476547062397,
    0.016465311869978905,
    0.01788165047764778,
    0.017491959035396576,
    0.018599698320031166,
    0.016126055270433426,
    0.016189878806471825,
    0.01570775918662548,
    0.016274316236376762,
    0.016406642273068428,
    0.016025327146053314
  ],
  "val_loss": [
    1.307633399963379,
    0.26566827297210693,
    0.24332527816295624,
    0.23437638580799103,
    0.22798889875411987,
    0.2298988699913025,
    0.22486837208271027,
    0.21930056810379028,
    0.20797359943389893,
    0.15986411273479462,
    0.12475549429655075,
    0.11284080147743225,
    0.11065129935741425,
    0.09715732932090759,
    0.09657753258943558,
    0.08317289501428604,
    0.0758921355009079,
    0.07607443630695343,
    0.07354249060153961,
    0.07072672247886658,
    0.06908522546291351,
    0.06940849125385284,
    0.06277667731046677,
    0.06441009789705276,
    0.06304663419723511,
    0.05872887745499611,
    0.06404335796833038,
    0.05637841299176216,
    0.057357579469680786,
    0.050355829298496246,
    0.048774175345897675,
    0.04674571380019188,
    0.0437837652862072,
    0.0418437235057354,
    0.041309963911771774,
    0.034931205213069916,
    0.03328796848654747,
    0.03218560293316841,
    0.030770836398005486,
    0.029101599007844925,
    0.03194434568285942,
    0.027655644342303276,
    0.027180826291441917,
    0.02627027966082096,
    0.02534070424735546,
    0.023987682536244392,
    0.02373327687382698,
    0.02139510214328766,
    0.021489208564162254,
    0.021320410072803497,
    0.02048344351351261,
    0.021652862429618835,
    0.019199736416339874,
    0.0220398660749197,
    0.019912654533982277,
    0.02240426279604435,
    0.01843075081706047,
    0.0175150316208601,
    0.016910944133996964,
    0.01626984402537346,
    0.0206486526876688,
    0.017955318093299866,
    0.016937512904405594,
    0.015563292428851128,
    0.015204953961074352,
    0.015636520460247993,
    0.021118855103850365,
    0.015911757946014404,
    0.016613874584436417,
    0.014061767607927322,
    0.01704687438905239,
    0.01348330732434988,
    0.013130033388733864,
    0.013945367187261581,
    0.01450006291270256,
    0.014553556218743324,
    0.012476002797484398,
    0.015852391719818115,
    0.016372298821806908,
    0.013264372013509274,
    0.01343989372253418,
    0.01309338677674532,
    0.012041587382555008,
    0.013399767689406872,
    0.011957723647356033,
    0.012843468226492405,
    0.016237877309322357,
    0.01507694274187088,
    0.01540395338088274,
    0.01268501952290535,
    0.012376027181744576,
    0.01304784044623375,
    0.014467210508883,
    0.014029629528522491,
    0.012711825780570507
  ],
  "stopped_epoch": 94
}