{
  "epochs_recorded": [
    0,
    1,
    2,
    3,
    4,
    5,
    6,
    7,
    8,
    9,
    10,
    11,
    12,
    13,
    14,
    15,
    16,
    17,
    18,
    19,
    20,
    21,
    22,
    23,
    24,
    25,
    26,
    27,
    28,
    29
  ],
  "train_loss": [
    0.9095808267593384,
    0.736152172088623,
    0.6165022850036621,
    0.5081721544265747,
    0.48736703395843506,
    0.48346298933029175,
    0.46809157729148865,
    0.48012733459472656,
    0.47316494584083557,
    0.4782904386520386,
    0.46819597482681274,
    0.5135618448257446,
    0.45704665780067444,
    0.4489000141620636,
    0.47710853815078735,
    0.4667119085788727,
    0.45513051748275757,
    0.4528156518936157,
    0.49391311407089233,
    0.4612085819244385,
    0.47907474637031555,
    0.5108814835548401,
    0.48497211933135986,
    0.4765983521938324,
    0.4641127586364746,
    0.4761200547218323,
    0.4666759967803955,
    0.495716392993927,
    0.4952714145183563,
    0.4756801724433899
  ],
  "val_loss": [
    2.593796491622925,
    3.730957269668579,
    0.8096792697906494,
    0.1313340961933136,
    0.09441102296113968,
    0.0797380656003952,
    0.07445454597473145,
    0.07228159159421921,
    0.07135230302810669,
    0.07053796201944351,
    0.07048030197620392,
    0.07048159837722778,
    0.07047112286090851,
    0.07008548825979233,
    0.07170531898736954,
    0.0708211362361908,
    0.07048901170492172,
    0.07114212960004807,
    0.0729556679725647,
    0.07120702415704727,
    0.07003054022789001,
    0.08622255176305771,
    0.08229027688503265,
    0.07505550980567932,
    0.07312966138124466,
    0.07081089168787003,
    0.07118380814790726,
    0.07488945871591568,
    0.07483921200037003,
    0.07229199260473251,
    0.08354555815458298
  ],
  "stopped_epoch": 30
}