{
  "epochs_recorded": [
    0,
    1,
    2,
    3,
    4,
    5,
    6,
    7,
    8,
    9,
    10,
    11,
    12,
    13,
    14,
    15,
    16,
    17,
    18,
    19,
    20,
    21,
    22,
    23,
    24,
    25,
    26,
    27,
    28,
    29,
    30,
    31,
    32
  ],
  "train_loss": [
    0.3364628851413727,
    0.1792561411857605,
    0.14964604377746582,
    0.12516485154628754,
    0.10675127059221268,
    0.08998410403728485,
    0.07928158342838287,
    0.07327722012996674,
    0.06976344436407089,
    0.06673521548509598,
    0.06450740993022919,
    0.0625130832195282,
    0.06237754225730896,
    0.05909241363406181,
    0.0583101361989975,
    0.05764879658818245,
    0.057008396834135056,
    0.05711894482374191,
    0.056632693856954575,
    0.05532044917345047,
    0.054874271154403687,
    0.05447263643145561,
    0.05404052138328552,
    0.05525197088718414,
    0.05610800161957741,
    0.05616719648241997,
    0.054116178303956985,
    0.05346507206559181,
    0.053096622228622437,
    0.05293993651866913,
    0.05321353301405907,
    0.05238104239106178,
    0.0516972690820694
  ],
  "val_loss": [
    1.1961970329284668,
    0.1406853049993515,
    0.1124088391661644,
    0.09281459450721741,
    0.07686741650104523,
    0.06255046278238297,
    0.05342254787683487,
    0.05237739905714989,
    0.047276001423597336,
    0.049129147082567215,
    0.049719277769327164,
    0.04710835590958595,
    0.04697433486580849,
    0.05072196573019028,
    0.04687274619936943,
    0.04662926495075226,
    0.04764227941632271,
    0.04723832756280899,
    0.04761579632759094,
    0.048264890909194946,
    0.049511946737766266,
    0.05241530388593674,
    0.0570138655602932,
    0.04636429622769356,
    0.05272235721349716,
    0.054156094789505005,
    0.0489933118224144,
    0.05651063844561577,
    0.04985640570521355,
    0.050176650285720825,
    0.05690791457891464,
    0.05121836066246033,
    0.0584915429353714,
    0.05808402597904205
  ],
  "stopped_epoch": 33
}