{
  "epochs_recorded": [
    0,
    1,
    2,
    3,
    4,
    5,
    6,
    7,
    8,
    9,
    10,
    11,
    12,
    13,
    14,
    15,
    16,
    17,
    18,
    19,
    20,
    21,
    22,
    23,
    24,
    25,
    26,
    27,
    28,
    29,
    30,
    31,
    32,
    33,
    34,
    35,
    36,
    37,
    38,
    39,
    40,
    41,
    42,
    43,
    44,
    45,
    46,
    47,
    48,
    49,
    50,
    51,
    52,
    53,
    54,
    55,
    56,
    57,
    58,
    59,
    60,
    61,
    62,
    63,
    64,
    65,
    66,
    67,
    68,
    69,
    70,
    71,
    72,
    73,
    74,
    75,
    76,
    77,
    78,
    79,
    80,
    81,
    82,
    83,
    84,
    85,
    86,
    87,
    88,
    89,
    90,
    91,
    92,
    93,
    94,
    95,
    96,
    97,
    98,
    99
  ],
  "train_loss": [
    2.6608102321624756,
    0.3470327854156494,
    0.2951812446117401,
    0.26644209027290344,
    0.239924356341362,
    0.2290012538433075,
    0.2294086068868637,
    0.22441399097442627,
    0.22463089227676392,
    0.201338991522789,
    0.15149083733558655,
    0.09329216927289963,
    0.07633795589208603,
    0.07048767805099487,
    0.06721526384353638,
    0.0669722855091095,
    0.06505084782838821,
    0.05808641389012337,
    0.06025541201233864,
    0.05857614427804947,
    0.05577433481812477,
    0.0542544461786747,
    0.0522264689207077,
    0.049750298261642456,
    0.04902634769678116,
    0.04940450191497803,
    0.05023222044110298,
    0.05253154784440994,
    0.047978583723306656,
    0.046856947243213654,
    0.04459502547979355,
    0.043382421135902405,
    0.04335177317261696,
    0.044594746083021164,
    0.04268592968583107,
    0.042084503918886185,
    0.04235522449016571,
    0.039040014147758484,
    0.03927752375602722,
    0.040744028985500336,
    0.03953249379992485,
    0.03902215510606766,
    0.04242947697639465,
    0.04672510176897049,
    0.04030334949493408,
    0.0395360104739666,
    0.03760901838541031,
    0.036105189472436905,
    0.03596873581409454,
    0.037610918283462524,
    0.03649303689599037,
    0.03460876643657684,
    0.03483016788959503,
    0.03301528841257095,
    0.03252518177032471,
    0.031946636736392975,
    0.03172628954052925,
    0.03191246837377548,
    0.03166846185922623,
    0.03179870918393135,
    0.03263729065656662,
    0.03067122772336006,
    0.03354337811470032,
    0.03486580029129982,
    0.032646387815475464,
    0.02893807366490364,
    0.02960776537656784,
    0.028854720294475555,
    0.029008908197283745,
    0.02839857153594494,
    0.02646874636411667,
    0.026572799310088158,
    0.028610646724700928,
    0.027983786538243294,
    0.0279976986348629,
    0.026403123512864113,
    0.02606133371591568,
    0.026745030656456947,
    0.025470368564128876,
    0.027042090892791748,
    0.025502385571599007,
    0.02457975409924984,
    0.02525421790778637,
    0.027329353615641594,
    0.02833370491862297,
    0.02728256955742836,
    0.02554943598806858,
    0.025773407891392708,
    0.02721961960196495,
    0.027570262551307678,
    0.02665558084845543,
    0.025125982239842415,
    0.023177310824394226,
    0.024240273982286453,
    0.024919524788856506,
    0.023798516020178795,
    0.02427975833415985,
    0.024784207344055176,
    0.022833025082945824,
    0.026237400248646736
  ],
  "val_loss": [
    1.003809928894043,
    0.2065057009458542,
    0.18069210648536682,
    0.18346630036830902,
    0.183847576379776,
    0.17737358808517456,
    0.18658454716205597,
    0.2146100550889969,
    0.17411315441131592,
    0.16627536714076996,
    0.12516137957572937,
    0.061863213777542114,
    0.05573074519634247,
    0.05079973116517067,
    0.04798051714897156,
    0.051842980086803436,
    0.05374377593398094,
    0.041798535734415054,
    0.04331852123141289,
    0.039910558611154556,
    0.04417397454380989,
    0.04338305443525314,
    0.03986011818051338,
    0.03711981698870659,
    0.03741982579231262,
    0.04902386665344238,
    0.03828558325767517,
    0.03657108172774315,
    0.03629080578684807,
    0.04272327572107315,
    0.03382226824760437,
    0.03476569801568985,
    0.0354352630674839,
    0.048600032925605774,
    0.03585975989699364,
    0.03445509821176529,
    0.03707604482769966,
    0.03077141009271145,
    0.03201885148882866,
    0.036672335118055344,
    0.03289790078997612,
    0.031010417267680168,
    0.03471505269408226,
    0.06203781068325043,
    0.035045962780714035,
    0.030397184193134308,
    0.030812658369541168,
    0.030623897910118103,
    0.03745119273662567,
    0.03141117841005325,
    0.03515126556158066,
    0.02979114092886448,
    0.03302733600139618,
    0.02702324092388153,
    0.029399147257208824,
    0.028249453753232956,
    0.027866341173648834,
    0.02760152332484722,
    0.0305019598454237,
    0.02907518297433853,
    0.03035532869398594,
    0.02621166780591011,
    0.023394884541630745,
    0.03835812583565712,
    0.027355963364243507,
    0.029836149886250496,
    0.02461531013250351,
    0.02401903085410595,
    0.025883937254548073,
    0.023544782772660255,
    0.024166302755475044,
    0.021674174815416336,
    0.02649904228746891,
    0.024471741169691086,
    0.022220367565751076,
    0.020988350734114647,
    0.02056114189326763,
    0.02629365772008896,
    0.02462056837975979,
    0.025414757430553436,
    0.0204458050429821,
    0.020706187933683395,
    0.019979577511548996,
    0.025433821603655815,
    0.02348259463906288,
    0.026972347870469093,
    0.022168435156345367,
    0.021278278902173042,
    0.023914361372590065,
    0.018836969509720802,
    0.02429872192442417,
    0.022275762632489204,
    0.020149173215031624,
    0.01948409713804722,
    0.020446496084332466,
    0.021225718781352043,
    0.019104767590761185,
    0.023513248190283775,
    0.01806967332959175,
    0.023094946518540382,
    0.022518964484333992
  ],
  "stopped_epoch": 100
}