{
  "epochs_recorded": [
    0,
    1,
    2,
    3,
    4,
    5,
    6,
    7,
    8,
    9,
    10,
    11,
    12,
    13,
    14,
    15,
    16,
    17,
    18,
    19,
    20,
    21,
    22,
    23,
    24,
    25,
    26,
    27,
    28,
    29,
    30,
    31,
    32,
    33,
    34,
    35,
    36,
    37,
    38,
    39,
    40,
    41,
    42,
    43,
    44,
    45,
    46
  ],
  "train_loss": [
    1.4251723289489746,
    0.9983822703361511,
    0.7251374125480652,
    0.5712928771972656,
    0.9418861269950867,
    0.5786507725715637,
    0.5497790575027466,
    0.5304258465766907,
    0.5206449627876282,
    0.6093944907188416,
    0.5221673846244812,
    0.5284739136695862,
    0.5180699825286865,
    0.4993041753768921,
    0.4927175045013428,
    0.4951406717300415,
    0.48847493529319763,
    0.5273021459579468,
    0.5002051591873169,
    0.49907344579696655,
    0.49081018567085266,
    0.49646249413490295,
    0.5189376473426819,
    0.48590898513793945,
    0.48918604850769043,
    0.49000313878059387,
    0.47634294629096985,
    0.48512065410614014,
    0.47091373801231384,
    0.4741893708705902,
    0.48499733209609985,
    0.48119670152664185,
    0.48329633474349976,
    0.49843478202819824,
    0.473337322473526,
    0.47404012084007263,
    0.46971192955970764,
    0.4769033193588257,
    0.6008339524269104,
    0.49073517322540283,
    0.4941444993019104,
    0.4904117286205292,
    0.7690155506134033,
    0.5310847759246826,
    0.4891870319843292,
    0.49248623847961426,
    0.5020292401313782
  ],
  "val_loss": [
    0.53767991065979,
    0.2104398012161255,
    3.277395009994507,
    1.2884929180145264,
    0.43982237577438354,
    0.16182254254817963,
    0.10182725638151169,
    0.11219221353530884,
    0.09081095457077026,
    0.08420732617378235,
    0.12300845980644226,
    0.07638952881097794,
    0.07362064719200134,
    0.07210120558738708,
    0.0656333789229393,
    0.06976674497127533,
    0.06137009710073471,
    0.05951179936528206,
    0.049019161611795425,
    0.05033128708600998,
    0.05225608870387077,
    0.05507171154022217,
    0.048954278230667114,
    0.04628055542707443,
    0.048399198800325394,
    0.04651274532079697,
    0.042939525097608566,
    0.0414700023829937,
    0.044415153563022614,
    0.04199649393558502,
    0.049218855798244476,
    0.04317145794630051,
    0.04161436855792999,
    0.041932832449674606,
    0.04128064960241318,
    0.039444610476493835,
    0.041607990860939026,
    0.03918876498937607,
    0.04815058782696724,
    0.10773853957653046,
    0.07588931918144226,
    0.05093289539217949,
    0.04309029504656792,
    0.10696117579936981,
    0.11896545439958572,
    0.05143394321203232,
    0.04943244159221649,
    0.04418577253818512
  ],
  "stopped_epoch": 47
}