{
  "epochs_recorded": [
    0,
    1,
    2,
    3,
    4,
    5,
    6,
    7,
    8,
    9,
    10,
    11,
    12,
    13,
    14,
    15,
    16,
    17,
    18,
    19,
    20,
    21,
    22,
    23,
    24,
    25,
    26,
    27,
    28,
    29,
    30,
    31,
    32,
    33,
    34,
    35,
    36,
    37,
    38,
    39,
    40,
    41,
    42,
    43,
    44,
    45,
    46,
    47,
    48,
    49,
    50,
    51,
    52,
    53,
    54,
    55,
    56,
    57,
    58,
    59,
    60,
    61,
    62,
    63,
    64,
    65,
    66,
    67,
    68,
    69,
    70,
    71,
    72,
    73,
    74,
    75,
    76,
    77,
    78,
    79,
    80,
    81,
    82,
    83,
    84,
    85,
    86,
    87,
    88
  ],
  "train_loss": [
    0.264888197183609,
    0.14656583964824677,
    0.07120760530233383,
    0.05360403656959534,
    0.04413708299398422,
    0.03985872492194176,
    0.036762841045856476,
    0.03419448435306549,
    0.032536543905735016,
    0.031078673899173737,
    0.03008837252855301,
    0.02948467992246151,
    0.028525125235319138,
    0.02561500482261181,
    0.02434856817126274,
    0.023034268990159035,
    0.02155403606593609,
    0.021412013098597527,
    0.021001115441322327,
    0.019258646294474602,
    0.018823789432644844,
    0.017750071361660957,
    0.018331853672862053,
    0.016872448846697807,
    0.01695743203163147,
    0.0161234550178051,
    0.01563386619091034,
    0.015635469928383827,
    0.014961272478103638,
    0.014506870880723,
    0.014139293693006039,
    0.013989602215588093,
    0.014125177636742592,
    0.013242482207715511,
    0.013071302324533463,
    0.013297507539391518,
    0.012553635984659195,
    0.012218432500958443,
    0.01219263207167387,
    0.012171481736004353,
    0.012640764936804771,
    0.012169240973889828,
    0.011460424400866032,
    0.011399094015359879,
    0.010707586072385311,
    0.010337501764297485,
    0.010827814228832722,
    0.010425914078950882,
    0.01024574600160122,
    0.010526391677558422,
    0.010374803096055984,
    0.009931521490216255,
    0.00995215680450201,
    0.009586519561707973,
    0.009254923090338707,
    0.00903522688895464,
    0.009507115930318832,
    0.009135349653661251,
    0.009050535969436169,
    0.008876227773725986,
    0.009016848169267178,
    0.008582543581724167,
    0.008622604422271252,
    0.008584141731262207,
    0.008441009558737278,
    0.00843969825655222,
    0.008484047837555408,
    0.008715272881090641,
    0.00802565086632967,
    0.00827452726662159,
    0.008118540979921818,
    0.008097287267446518,
    0.007947133854031563,
    0.007853740826249123,
    0.007641613017767668,
    0.008300816640257835,
    0.007983949035406113,
    0.007459444459527731,
    0.007739620748907328,
    0.007409440353512764,
    0.007704074494540691,
    0.007369214668869972,
    0.007310162298381329,
    0.00744995241984725,
    0.007511864881962538,
    0.007581687998026609,
    0.006948710884898901,
    0.0072247921489179134,
    0.007611903361976147
  ],
  "val_loss": [
    0.79325270652771,
    0.15487757325172424,
    0.0657748281955719,
    0.0448843389749527,
    0.03818386420607567,
    0.03333423286676407,
    0.030741820111870766,
    0.02998224087059498,
    0.026595167815685272,
    0.027004994451999664,
    0.02560458891093731,
    0.024137413129210472,
    0.024195553734898567,
    0.021883845329284668,
    0.02183779515326023,
    0.018938269466161728,
    0.018104972317814827,
    0.017400162294507027,
    0.01895713433623314,
    0.015284541063010693,
    0.014848863705992699,
    0.013944120146334171,
    0.013503252528607845,
    0.012829011306166649,
    0.012213844805955887,
    0.011899787932634354,
    0.011572117917239666,
    0.011141040362417698,
    0.010763104073703289,
    0.00981814693659544,
    0.010133705101907253,
    0.00951396394520998,
    0.009629773907363415,
    0.009071748703718185,
    0.00881941057741642,
    0.008466091938316822,
    0.008402244187891483,
    0.008202728815376759,
    0.008044029586017132,
    0.007200014777481556,
    0.008171338587999344,
    0.0077629112638533115,
    0.007766370661556721,
    0.007115479558706284,
    0.006765448953956366,
    0.006164814345538616,
    0.00643050204962492,
    0.006181755568832159,
    0.005722125992178917,
    0.006206183228641748,
    0.0065574669279158115,
    0.006494954694062471,
    0.0068603940308094025,
    0.0055651580914855,
    0.005780896637588739,
    0.005427897442132235,
    0.005592757370322943,
    0.005226766690611839,
    0.005119347013533115,
    0.005465134512633085,
    0.004818357061594725,
    0.004693929105997086,
    0.0050358278676867485,
    0.004798242822289467,
    0.005610184744000435,
    0.0054988134652376175,
    0.004961302503943443,
    0.004848227370530367,
    0.00524181080982089,
    0.0043843574821949005,
    0.004510101862251759,
    0.004569562152028084,
    0.004407540429383516,
    0.0041649178601801395,
    0.004658782389014959,
    0.005047565326094627,
    0.0047794366255402565,
    0.004115964751690626,
    0.004078437574207783,
    0.003960719332098961,
    0.004380609840154648,
    0.004211363382637501,
    0.004153136163949966,
    0.004065975546836853,
    0.004544716328382492,
    0.004357242025434971,
    0.004196237772703171,
    0.004051391500979662,
    0.004155627451837063,
    0.0042313989251852036
  ],
  "stopped_epoch": 89
}