{
  "epochs_recorded": [
    0,
    1,
    2,
    3,
    4,
    5,
    6,
    7,
    8,
    9,
    10,
    11,
    12,
    13
  ],
  "train_loss": [
    0.5911272764205933,
    0.547317624092102,
    0.5098665952682495,
    0.4906086027622223,
    0.47939831018447876,
    0.4931730628013611,
    0.4906090497970581,
    0.485441118478775,
    0.4700738489627838,
    0.4765803813934326,
    0.4786450266838074,
    0.48105648159980774,
    0.477347731590271,
    0.4736694097518921
  ],
  "val_loss": [
    0.4641757607460022,
    0.12908422946929932,
    0.10238780826330185,
    0.103262759745121,
    0.09317466616630554,
    0.10430102050304413,
    0.10841447114944458,
    0.34038466215133667,
    0.8060285449028015,
    0.2946203947067261,
    0.2044154703617096,
    2.3126044273376465,
    0.4533439874649048,
    0.1259857714176178,
    1.0785373449325562
  ],
  "stopped_epoch": 14
}