{
  "epochs_recorded": [
    0,
    1,
    2,
    3,
    4,
    5,
    6,
    7,
    8,
    9,
    10,
    11,
    12,
    13,
    14,
    15,
    16,
    17,
    18,
    19,
    20,
    21,
    22,
    23,
    24,
    25,
    26,
    27,
    28,
    29,
    30,
    31,
    32,
    33,
    34,
    35,
    36,
    37,
    38,
    39,
    40
  ],
  "train_loss": [
    0.6872522830963135,
    0.5444651246070862,
    0.5380604863166809,
    0.4851432740688324,
    0.48116376996040344,
    0.4816867709159851,
    0.46587321162223816,
    0.4831889867782593,
    0.47584182024002075,
    0.48350077867507935,
    0.4736620783805847,
    0.5186986923217773,
    0.4609717130661011,
    0.452999085187912,
    0.48104172945022583,
    0.47147297859191895,
    0.4610153138637543,
    0.4586392641067505,
    0.4982202649116516,
    0.4658239781856537,
    0.47006478905677795,
    0.5026968717575073,
    0.4836041331291199,
    0.47799021005630493,
    0.46651867032051086,
    0.47818678617477417,
    0.46573320031166077,
    0.49397706985473633,
    0.4978277385234833,
    0.46707698702812195,
    0.5010949969291687,
    0.4855765998363495,
    0.46339091658592224,
    0.48160693049430847,
    0.4919551610946655,
    0.4888885021209717,
    0.48135799169540405,
    0.505638837814331,
    0.4924027621746063,
    0.4734252989292145,
    0.4752950072288513
  ],
  "val_loss": [
    2.5457286834716797,
    0.2626080811023712,
    0.09908149391412735,
    0.08619802445173264,
    0.07417590171098709,
    0.07251393049955368,
    0.0714523121714592,
    0.07106499373912811,
    0.07057561725378036,
    0.07045737653970718,
    0.07015818357467651,
    0.07000064104795456,
    0.06987286359071732,
    0.07194408029317856,
    0.07207459211349487,
    0.07013174891471863,
    0.06965300440788269,
    0.07031572610139847,
    0.07128948718309402,
    0.07075751572847366,
    0.07079440355300903,
    0.07010416686534882,
    0.07070493698120117,
    0.06945983320474625,
    0.06973858177661896,
    0.07143405079841614,
    0.07076837122440338,
    0.07147302478551865,
    0.07001011818647385,
    0.07047342509031296,
    0.07008807361125946,
    0.06930619478225708,
    0.07036338001489639,
    0.0694342851638794,
    0.06954512000083923,
    0.06949280947446823,
    0.06942545622587204,
    0.06963756680488586,
    0.06978786736726761,
    0.07004614919424057,
    0.06936563551425934,
    0.06938156485557556
  ],
  "stopped_epoch": 41
}