{
  "epochs_recorded": [
    0,
    1,
    2,
    3,
    4,
    5,
    6,
    7,
    8,
    9,
    10,
    11,
    12,
    13,
    14,
    15,
    16,
    17,
    18,
    19,
    20,
    21,
    22,
    23,
    24,
    25,
    26,
    27,
    28,
    29
  ],
  "train_loss": [
    0.9388628005981445,
    0.6955229043960571,
    0.6137055158615112,
    0.5497485399246216,
    0.7767320871353149,
    0.5242254734039307,
    0.4931231439113617,
    0.5006254315376282,
    0.48748791217803955,
    0.5141533017158508,
    0.4874380826950073,
    0.523280918598175,
    0.4743989408016205,
    0.4519994556903839,
    0.48197293281555176,
    0.47137191891670227,
    0.45888420939445496,
    0.4524829685688019,
    0.4920048713684082,
    0.45959731936454773,
    0.46417704224586487,
    0.5016078948974609,
    0.48270776867866516,
    0.47328123450279236,
    0.46165189146995544,
    0.4719935953617096,
    0.4592655301094055,
    0.4891048073768616,
    0.4905037581920624,
    0.4586161673069
  ],
  "val_loss": [
    1.0829380750656128,
    2.1424901485443115,
    0.6662890911102295,
    0.1856086105108261,
    0.10434719920158386,
    0.08669454604387283,
    0.08354755491018295,
    0.077153280377388,
    0.07346725463867188,
    0.0725317895412445,
    0.07831526547670364,
    0.07480225712060928,
    0.07097330689430237,
    0.06984200328588486,
    0.06976699084043503,
    0.06971362233161926,
    0.06960906088352203,
    0.06944309920072556,
    0.06965401023626328,
    0.06970516592264175,
    0.06937249004840851,
    0.06949132680892944,
    0.06953021883964539,
    0.06991800665855408,
    0.0697903037071228,
    0.069601871073246,
    0.06985244154930115,
    0.06964560598134995,
    0.06998148560523987,
    0.06947967410087585,
    0.06964123994112015
  ],
  "stopped_epoch": 30
}