{
  "epochs_recorded": [
    0,
    1,
    2,
    3,
    4,
    5,
    6,
    7,
    8,
    9,
    10,
    11,
    12,
    13,
    14,
    15,
    16,
    17,
    18,
    19,
    20,
    21,
    22,
    23,
    24,
    25,
    26,
    27,
    28,
    29,
    30,
    31,
    32,
    33,
    34,
    35,
    36,
    37,
    38,
    39,
    40,
    41,
    42,
    43,
    44,
    45,
    46,
    47,
    48,
    49,
    50,
    51,
    52
  ],
  "train_loss": [
    1.022505760192871,
    0.712185263633728,
    0.6687237024307251,
    0.628139853477478,
    0.5208027362823486,
    0.5155507326126099,
    0.48804935812950134,
    0.4966738224029541,
    0.4979816675186157,
    0.49074411392211914,
    0.4795506000518799,
    0.5094997882843018,
    0.47505566477775574,
    0.45000946521759033,
    0.47320878505706787,
    0.4702344536781311,
    0.45259755849838257,
    0.4545614719390869,
    0.49935007095336914,
    0.45939159393310547,
    0.46532511711120605,
    0.46755507588386536,
    0.45371556282043457,
    0.446985125541687,
    0.4383956789970398,
    0.4574083089828491,
    0.4425886571407318,
    0.44745486974716187,
    0.45305967330932617,
    0.4362853765487671,
    0.4477320611476898,
    0.44373613595962524,
    0.44759446382522583,
    0.4498714506626129,
    0.4402226507663727,
    0.4377979040145874,
    0.44254714250564575,
    0.4506683349609375,
    0.4485531747341156,
    0.43672052025794983,
    0.438258558511734,
    0.4330010712146759,
    0.437777578830719,
    0.4438530504703522,
    0.43939638137817383,
    0.4399030804634094,
    0.44463911652565,
    0.43943968415260315,
    0.4507254958152771,
    0.4319515824317932,
    0.43307918310165405,
    0.433424711227417,
    0.43656274676322937
  ],
  "val_loss": [
    6.649296283721924,
    1.788562297821045,
    1.149562120437622,
    0.3109271824359894,
    0.880297839641571,
    0.9550633430480957,
    0.09167031943798065,
    0.07620318233966827,
    0.0718262642621994,
    0.07425665110349655,
    0.07776520401239395,
    0.07149972766637802,
    0.07032723724842072,
    0.06923327594995499,
    0.06907672435045242,
    0.06892265379428864,
    0.06891505420207977,
    0.07016051560640335,
    0.07107420265674591,
    0.07395994663238525,
    0.07016558945178986,
    0.06657062470912933,
    0.058213043957948685,
    0.08804287016391754,
    0.08522425591945648,
    0.06445323675870895,
    0.046040378510951996,
    0.049546483904123306,
    0.09084630757570267,
    0.0473768375813961,
    0.02517196722328663,
    0.05293944478034973,
    0.032311514019966125,
    0.028377322480082512,
    0.024381117895245552,
    0.03057732805609703,
    0.020894818007946014,
    0.040574315935373306,
    0.023204922676086426,
    0.07210229337215424,
    0.02462952211499214,
    0.023926973342895508,
    0.05155476555228233,
    0.0201613400131464,
    0.04059271514415741,
    0.025795433670282364,
    0.14158159494400024,
    0.055941905826330185,
    0.07030049711465836,
    0.029940323904156685,
    0.024408303201198578,
    0.0264566820114851,
    0.022601928561925888,
    0.03143142908811569
  ],
  "stopped_epoch": 53
}