{
  "epochs_recorded": [
    0,
    1,
    2,
    3,
    4,
    5,
    6,
    7,
    8,
    9,
    10,
    11,
    12,
    13,
    14,
    15,
    16,
    17,
    18,
    19,
    20,
    21,
    22,
    23,
    24,
    25,
    26,
    27,
    28,
    29,
    30,
    31,
    32,
    33,
    34,
    35,
    36,
    37,
    38,
    39,
    40,
    41,
    42,
    43,
    44,
    45,
    46,
    47,
    48,
    49,
    50,
    51,
    52
  ],
  "train_loss": [
    1.0403683185577393,
    0.897276759147644,
    0.7334975600242615,
    0.6978685259819031,
    0.6105424761772156,
    0.5917692184448242,
    0.5236607789993286,
    0.5273100137710571,
    0.5096249580383301,
    0.49794894456863403,
    0.4979342222213745,
    0.5307915210723877,
    0.47557052969932556,
    0.47016093134880066,
    0.49495646357536316,
    0.48892730474472046,
    0.46735280752182007,
    0.4680158495903015,
    0.5118560194969177,
    0.4689675569534302,
    0.4750639498233795,
    0.5077329277992249,
    0.4921843409538269,
    0.48442453145980835,
    0.47323113679885864,
    0.4846244156360626,
    0.4708472788333893,
    0.4999227523803711,
    0.5036546587944031,
    0.4718005955219269,
    0.5073190927505493,
    0.4922446012496948,
    0.4663633704185486,
    0.4855760633945465,
    0.49773716926574707,
    0.4951135218143463,
    0.4882396459579468,
    0.5089883804321289,
    0.49800485372543335,
    0.4761599004268646,
    0.47899311780929565,
    0.4857533276081085,
    0.465567409992218,
    0.4892041087150574,
    0.49341413378715515,
    0.4849275052547455,
    0.49256274104118347,
    0.48485052585601807,
    0.48050713539123535,
    0.46205615997314453,
    0.47694042325019836,
    0.4829981327056885,
    0.4760221838951111
  ],
  "val_loss": [
    2.2457773685455322,
    0.1421598196029663,
    0.12770821154117584,
    0.16591475903987885,
    0.1462593823671341,
    0.12305711954832077,
    0.10898515582084656,
    0.09378857910633087,
    0.11127536743879318,
    0.09695478528738022,
    0.08809862285852432,
    0.08733892440795898,
    0.08658398687839508,
    0.08356604725122452,
    0.07940611988306046,
    0.07885460555553436,
    0.0757426917552948,
    0.07388288527727127,
    0.07357079535722733,
    0.07283534854650497,
    0.07201627641916275,
    0.07159489393234253,
    0.07172805070877075,
    0.0716383159160614,
    0.07125858962535858,
    0.07104784995317459,
    0.07131986320018768,
    0.07106739282608032,
    0.0712132453918457,
    0.07093995064496994,
    0.07080814987421036,
    0.07101579010486603,
    0.07075490057468414,
    0.0710412934422493,
    0.07101044803857803,
    0.07080873847007751,
    0.07081754505634308,
    0.07085335999727249,
    0.07063470780849457,
    0.07082363218069077,
    0.07111833989620209,
    0.07073232531547546,
    0.07082012295722961,
    0.07060946524143219,
    0.07119661569595337,
    0.07063163071870804,
    0.07070760428905487,
    0.07092892378568649,
    0.07065275311470032,
    0.0709308609366417,
    0.07074222713708878,
    0.07082266360521317,
    0.07086310535669327,
    0.07076899707317352
  ],
  "stopped_epoch": 53
}