{
  "epochs_recorded": [
    0,
    1,
    2,
    3,
    4,
    5,
    6,
    7,
    8,
    9,
    10,
    11,
    12,
    13,
    14,
    15,
    16,
    17,
    18,
    19
  ],
  "train_loss": [
    0.08235352486371994,
    0.06506001204252243,
    0.06221998110413551,
    0.05941174551844597,
    0.05819008871912956,
    0.05722292885184288,
    0.056797176599502563,
    0.05694303661584854,
    0.05605276674032211,
    0.05560491234064102,
    0.055902037769556046,
    0.055451955646276474,
    0.05536600574851036,
    0.054803986102342606,
    0.05616592988371849,
    0.05523211136460304,
    0.054709598422050476,
    0.05614412948489189,
    0.054744526743888855,
    0.05514860153198242
  ],
  "val_loss": [
    0.15247023105621338,
    0.07127706706523895,
    0.07038681954145432,
    0.07010622322559357,
    0.06961861252784729,
    0.0695282444357872,
    0.06966562569141388,
    0.07083749026060104,
    0.07115373015403748,
    0.06921035051345825,
    0.06881032139062881,
    0.07151887565851212,
    0.07202441990375519,
    0.06896696984767914,
    0.07138609141111374,
    0.06983360648155212,
    0.07166928052902222,
    0.07011117041110992,
    0.0703686997294426,
    0.07141561806201935,
    0.06946409493684769
  ],
  "stopped_epoch": 20
}