{
  "epochs_recorded": [
    0,
    1,
    2,
    3,
    4,
    5,
    6,
    7,
    8,
    9,
    10,
    11,
    12,
    13,
    14,
    15,
    16,
    17,
    18
  ],
  "train_loss": [
    0.8779285550117493,
    0.7782725691795349,
    0.7723891139030457,
    0.6433906555175781,
    0.7027790546417236,
    0.6545253992080688,
    0.5951040983200073,
    0.602980375289917,
    0.5913638472557068,
    0.5988834500312805,
    0.6142733097076416,
    0.573573112487793,
    0.57667076587677,
    0.5889314413070679,
    0.5569327473640442,
    0.5738465785980225,
    0.5671512484550476,
    0.6106948256492615,
    0.568322479724884
  ],
  "val_loss": [
    1.4745885133743286,
    0.2962903082370758,
    0.24702323973178864,
    0.33324959874153137,
    0.5559561848640442,
    0.31565842032432556,
    0.13414865732192993,
    0.11035238951444626,
    0.13150672614574432,
    0.10362930595874786,
    0.10538019239902496,
    0.10475273430347443,
    0.1095857247710228,
    0.10595464706420898,
    0.11107421666383743,
    0.10943493992090225,
    0.10794466733932495,
    0.10442619025707245,
    0.11245915293693542,
    0.11103290319442749
  ],
  "stopped_epoch": 19
}