{
  "epochs_recorded": [
    0,
    1,
    2,
    3,
    4,
    5,
    6,
    7,
    8,
    9,
    10,
    11,
    12,
    13,
    14,
    15,
    16,
    17,
    18,
    19,
    20,
    21,
    22,
    23,
    24
  ],
  "train_loss": [
    1.9186091423034668,
    0.11724124848842621,
    0.09122583270072937,
    0.08872206509113312,
    0.07494271546602249,
    0.06633509695529938,
    0.06341095268726349,
    0.06671469658613205,
    0.06555001437664032,
    0.06506501138210297,
    0.062134094536304474,
    0.06097664684057236,
    0.06381899118423462,
    0.06699404865503311,
    0.0687188133597374,
    0.06528109312057495,
    0.06365135312080383,
    0.06427016854286194,
    0.0652056485414505,
    0.06295802444219589,
    0.05866047739982605,
    0.06203634664416313,
    0.057395052164793015,
    0.058034878224134445,
    0.059850163757801056
  ],
  "val_loss": [
    0.19816559553146362,
    0.16272090375423431,
    0.08280133455991745,
    0.11486110091209412,
    0.1029815599322319,
    0.07047981023788452,
    0.070958711206913,
    0.07319749146699905,
    0.07455213367938995,
    0.07076627761125565,
    0.07259296625852585,
    0.07036305963993073,
    0.0694408193230629,
    0.08976995199918747,
    0.12168894708156586,
    0.06918033957481384,
    0.0719352513551712,
    0.08011206984519958,
    0.0724889487028122,
    0.07858915627002716,
    0.07011681795120239,
    0.07585330307483673,
    0.07009775936603546,
    0.0705958902835846,
    0.06918425858020782,
    0.07947637885808945
  ],
  "stopped_epoch": 25
}