{
  "epochs_recorded": [
    0,
    1,
    2,
    3,
    4,
    5,
    6,
    7,
    8,
    9,
    10,
    11
  ],
  "train_loss": [
    24.258346557617188,
    0.5304917097091675,
    0.23635780811309814,
    0.1813548058271408,
    0.14875881373882294,
    0.1272226870059967,
    0.12086483091115952,
    0.1139393225312233,
    0.09708420932292938,
    0.0986110121011734,
    0.09658663719892502,
    0.08724474161863327
  ],
  "val_loss": [
    0.1670813262462616,
    1.2739773988723755,
    0.07176679372787476,
    0.2259250283241272,
    0.09620589017868042,
    0.10097378492355347,
    0.08671531826257706,
    0.12537416815757751,
    0.13401760160923004,
    0.09637737274169922,
    0.09075561165809631,
    0.09714099764823914,
    0.16104336082935333
  ],
  "stopped_epoch": 12
}