{
  "epochs_recorded": [
    0,
    1,
    2,
    3,
    4,
    5,
    6,
    7,
    8,
    9,
    10,
    11,
    12,
    13,
    14
  ],
  "train_loss": [
    0.8883705139160156,
    0.7075220942497253,
    0.632668137550354,
    0.5623960494995117,
    0.5527163743972778,
    0.5204533338546753,
    0.5277197360992432,
    0.536361813545227,
    0.5611394047737122,
    0.5249555110931396,
    0.5368737578392029,
    0.5295917987823486,
    0.5218648910522461,
    0.536308765411377,
    0.5160448551177979
  ],
  "val_loss": [
    1.4287207126617432,
    2.078644037246704,
    0.3385782539844513,
    0.11817479878664017,
    0.11962191760540009,
    0.11404598504304886,
    0.24958442151546478,
    62.72323226928711,
    94.15283966064453,
    41.903621673583984,
    5.730086803436279,
    0.6617207527160645,
    0.47012844681739807,
    0.4078092873096466,
    0.3489283323287964,
    0.30902889370918274
  ],
  "stopped_epoch": 15
}