{
  "epochs_recorded": [
    0,
    1,
    2,
    3,
    4,
    5,
    6,
    7,
    8,
    9,
    10,
    11,
    12,
    13,
    14,
    15,
    16,
    17,
    18,
    19,
    20,
    21,
    22,
    23,
    24,
    25,
    26,
    27,
    28,
    29,
    30,
    31,
    32,
    33,
    34,
    35,
    36,
    37,
    38,
    39,
    40,
    41,
    42,
    43,
    44,
    45,
    46,
    47,
    48,
    49,
    50,
    51,
    52,
    53,
    54,
    55,
    56,
    57,
    58,
    59,
    60,
    61,
    62,
    63,
    64,
    65,
    66,
    67,
    68,
    69,
    70,
    71,
    72,
    73
  ],
  "train_loss": [
    0.1445077508687973,
    0.10423088818788528,
    0.09025999158620834,
    0.08452831953763962,
    0.07949689030647278,
    0.0768851488828659,
    0.07268434017896652,
    0.07148949056863785,
    0.07010219991207123,
    0.06769219040870667,
    0.06802169978618622,
    0.0688064694404602,
    0.06488174200057983,
    0.06587020307779312,
    0.06454472243785858,
    0.062175676226615906,
    0.06305346637964249,
    0.06263040751218796,
    0.06215205788612366,
    0.06170523539185524,
    0.05992487818002701,
    0.061316248029470444,
    0.0592007115483284,
    0.05941525474190712,
    0.05886651948094368,
    0.05927222594618797,
    0.058108504861593246,
    0.05766534432768822,
    0.057075776159763336,
    0.05721933767199516,
    0.057018060237169266,
    0.0580219142138958,
    0.05707830935716629,
    0.05699828267097473,
    0.05651460587978363,
    0.05611426755785942,
    0.05617823451757431,
    0.05575481057167053,
    0.05554455891251564,
    0.055260010063648224,
    0.05538422614336014,
    0.05576029419898987,
    0.05486121028661728,
    0.05490865185856819,
    0.05470742657780647,
    0.05367547646164894,
    0.05386105552315712,
    0.05357802286744118,
    0.053773678839206696,
    0.05383763462305069,
    0.05422450602054596,
    0.05379132181406021,
    0.05383903160691261,
    0.05462951585650444,
    0.05333827808499336,
    0.053431227803230286,
    0.05375608056783676,
    0.05333903804421425,
    0.05360756814479828,
    0.05248425155878067,
    0.052056897431612015,
    0.05285368114709854,
    0.05277154594659805,
    0.053341493010520935,
    0.052135370671749115,
    0.0527910515666008,
    0.052262481302022934,
    0.05230744183063507,
    0.05244288593530655,
    0.05226198583841324,
    0.05228292942047119,
    0.05217387527227402,
    0.05189051479101181,
    0.05266818031668663
  ],
  "val_loss": [
    0.29614511132240295,
    0.08124296367168427,
    0.08468770980834961,
    0.07105959951877594,
    0.07160371541976929,
    0.06972230225801468,
    0.06994275003671646,
    0.06842927634716034,
    0.06797554343938828,
    0.06718815118074417,
    0.06929900497198105,
    0.06672447174787521,
    0.06708090007305145,
    0.06851688027381897,
    0.06613799929618835,
    0.0665179044008255,
    0.06667231768369675,
    0.06629718840122223,
    0.06595282256603241,
    0.0653916671872139,
    0.06592678278684616,
    0.06449020653963089,
    0.06632281094789505,
    0.06405206024646759,
    0.06464198231697083,
    0.06632209569215775,
    0.0637388527393341,
    0.06525439769029617,
    0.0640447586774826,
    0.06450445204973221,
    0.06388142704963684,
    0.0635920912027359,
    0.06621818244457245,
    0.06317760795354843,
    0.06416000425815582,
    0.06429392099380493,
    0.06383052468299866,
    0.06403767317533493,
    0.06422692537307739,
    0.06468180567026138,
    0.06320241838693619,
    0.06323089450597763,
    0.0630316510796547,
    0.06481466442346573,
    0.06308697909116745,
    0.06429441273212433,
    0.06304025650024414,
    0.06335435062646866,
    0.06379010528326035,
    0.06282192468643188,
    0.06353595852851868,
    0.06328169256448746,
    0.06300070136785507,
    0.06357990950345993,
    0.06445997953414917,
    0.06268906593322754,
    0.06388643383979797,
    0.06302524358034134,
    0.06279837340116501,
    0.06249737739562988,
    0.06329591572284698,
    0.06319107860326767,
    0.0625830665230751,
    0.06501128524541855,
    0.062308598309755325,
    0.06278359144926071,
    0.06315431743860245,
    0.06316589564085007,
    0.0626898929476738,
    0.06540284305810928,
    0.06310288608074188,
    0.06232265383005142,
    0.0642021968960762,
    0.06442103534936905,
    0.062342319637537
  ],
  "stopped_epoch": 74
}