{
  "epochs_recorded": [
    0,
    1,
    2,
    3,
    4,
    5,
    6,
    7,
    8,
    9,
    10,
    11,
    12,
    13
  ],
  "train_loss": [
    0.14378798007965088,
    0.05839116871356964,
    0.05832545831799507,
    0.05595182999968529,
    0.05680274963378906,
    0.05630943924188614,
    0.057338133454322815,
    0.057125478982925415,
    0.05677345395088196,
    0.056014470756053925,
    0.056678447872400284,
    0.05763870105147362,
    0.05675496160984039,
    0.05643780156970024
  ],
  "val_loss": [
    0.260703444480896,
    0.0793134793639183,
    0.0711095780134201,
    0.06950455904006958,
    0.06908287853002548,
    0.07158158719539642,
    0.06973426789045334,
    0.07975810766220093,
    0.07108621299266815,
    0.07322656363248825,
    0.07025644183158875,
    0.06910893321037292,
    0.07333343476057053,
    0.07061309367418289,
    0.079167440533638
  ],
  "stopped_epoch": 14
}