{
  "epochs_recorded": [
    0,
    1,
    2,
    3,
    4,
    5,
    6,
    7,
    8,
    9,
    10,
    11,
    12
  ],
  "train_loss": [
    100.97030639648438,
    2.3401834964752197,
    1.0137993097305298,
    0.7713342308998108,
    0.6549973487854004,
    0.5858140587806702,
    0.5462381839752197,
    0.5065143704414368,
    0.483062207698822,
    0.4595634341239929,
    0.4402996301651001,
    0.420281320810318,
    0.40764540433883667
  ],
  "val_loss": [
    4.355106353759766,
    6.1639251708984375,
    0.9937421679496765,
    0.23486769199371338,
    0.42971912026405334,
    0.2705111503601074,
    0.3332478702068329,
    0.24986864626407623,
    0.2608398497104645,
    0.2912350594997406,
    0.2658715546131134,
    0.2779097259044647,
    0.39951568841934204,
    0.3293198049068451
  ],
  "stopped_epoch": 13
}