{
  "epochs_recorded": [
    0,
    1,
    2,
    3,
    4,
    5,
    6,
    7,
    8,
    9,
    10,
    11,
    12,
    13,
    14,
    15,
    16,
    17,
    18,
    19,
    20,
    21,
    22,
    23,
    24,
    25,
    26,
    27,
    28,
    29,
    30,
    31,
    32,
    33,
    34,
    35,
    36,
    37,
    38,
    39,
    40,
    41,
    42,
    43,
    44,
    45,
    46,
    47,
    48,
    49,
    50,
    51,
    52,
    53
  ],
  "train_loss": [
    0.9427861571311951,
    0.7706153988838196,
    0.5810354351997375,
    0.5127289295196533,
    0.492645263671875,
    0.4925251305103302,
    0.47803616523742676,
    0.4877591133117676,
    0.4867515563964844,
    0.48719364404678345,
    0.47657865285873413,
    0.5201165080070496,
    0.46022093296051025,
    0.44919776916503906,
    0.47423186898231506,
    0.4646669626235962,
    0.43964624404907227,
    0.43407389521598816,
    0.4655393362045288,
    0.4444417655467987,
    0.4432111978530884,
    0.4482114017009735,
    0.44557589292526245,
    0.43821194767951965,
    0.4360790550708771,
    0.4415338933467865,
    0.44818079471588135,
    0.447293758392334,
    0.4431905150413513,
    0.4424525201320648,
    0.44467926025390625,
    0.44475215673446655,
    0.43689024448394775,
    0.44659048318862915,
    0.4440893232822418,
    0.43971380591392517,
    0.43736255168914795,
    0.4475613534450531,
    0.4464409351348877,
    0.4341714084148407,
    0.433075875043869,
    0.43631407618522644,
    0.43208596110343933,
    0.44232627749443054,
    0.4359326958656311,
    0.4327583611011505,
    0.4363253116607666,
    0.4320356845855713,
    0.4485629200935364,
    0.43259578943252563,
    0.43477028608322144,
    0.4296347498893738,
    0.4280005097389221,
    0.4406190812587738
  ],
  "val_loss": [
    1.2615513801574707,
    0.561392605304718,
    0.1683516502380371,
    0.38975265622138977,
    0.11291740089654922,
    0.07908842712640762,
    0.07521774619817734,
    0.07205221056938171,
    0.07147818058729172,
    0.07218534499406815,
    0.0736544281244278,
    0.0715331882238388,
    0.07170459628105164,
    0.07053165882825851,
    0.07037616521120071,
    0.0697057917714119,
    0.06949984282255173,
    0.06809945404529572,
    0.04941524937748909,
    0.022298818454146385,
    0.16701805591583252,
    0.028502700850367546,
    0.04580729827284813,
    0.02191322296857834,
    0.027754925191402435,
    0.06251184642314911,
    0.01763945259153843,
    0.04666772857308388,
    0.027623234316706657,
    0.018089819699525833,
    0.08149699866771698,
    0.06573140621185303,
    0.042681265622377396,
    0.019336838275194168,
    0.01732788048684597,
    0.04433230310678482,
    0.04531310126185417,
    0.01739800162613392,
    0.019129695370793343,
    0.020088424906134605,
    0.02894771285355091,
    0.025972425937652588,
    0.02399774082005024,
    0.018249299377202988,
    0.01509038545191288,
    0.023721272125840187,
    0.02012987621128559,
    0.019298013299703598,
    0.05204581841826439,
    0.060991428792476654,
    0.05062275752425194,
    0.03747858479619026,
    0.025056583806872368,
    0.016948582604527473,
    0.021082701161503792
  ],
  "stopped_epoch": 54
}