{
  "epochs_recorded": [
    0,
    1,
    2,
    3,
    4,
    5,
    6,
    7,
    8,
    9,
    10,
    11,
    12,
    13,
    14,
    15,
    16,
    17,
    18,
    19,
    20,
    21,
    22,
    23,
    24,
    25,
    26,
    27,
    28,
    29,
    30,
    31,
    32,
    33,
    34,
    35,
    36,
    37,
    38,
    39,
    40,
    41,
    42,
    43,
    44,
    45,
    46,
    47,
    48,
    49,
    50
  ],
  "train_loss": [
    1.1044598817825317,
    0.9150046706199646,
    0.6286144852638245,
    0.5865908861160278,
    0.5794391632080078,
    0.5496705770492554,
    0.5737063884735107,
    0.567054271697998,
    0.5633604526519775,
    0.5541590452194214,
    0.5651634931564331,
    0.5596688985824585,
    0.5511713027954102,
    0.5391271114349365,
    0.5641846060752869,
    0.5390402674674988,
    0.539996325969696,
    0.5587891936302185,
    0.5495752692222595,
    0.5455195903778076,
    0.5581212639808655,
    0.5484107732772827,
    0.5321512222290039,
    0.5555306673049927,
    0.5506411790847778,
    0.5392454862594604,
    0.5479943156242371,
    0.5310486555099487,
    0.5113575458526611,
    0.5414601564407349,
    0.5295319557189941,
    0.5428853034973145,
    0.5291422009468079,
    0.5306432247161865,
    0.5402854681015015,
    0.5389382839202881,
    0.5164543390274048,
    0.5500848889350891,
    0.5415624976158142,
    0.5152981281280518,
    0.5405357480049133,
    0.5391047596931458,
    0.5599321126937866,
    0.5497902035713196,
    0.5332390069961548,
    0.512374997138977,
    0.526475191116333,
    0.5199252963066101,
    0.5434682369232178,
    0.5202692747116089,
    0.5221068263053894
  ],
  "val_loss": [
    1.5598968267440796,
    0.6100583076477051,
    0.25916850566864014,
    0.17897292971611023,
    0.11764714866876602,
    0.1075042337179184,
    0.102955162525177,
    0.10065488517284393,
    0.10272454470396042,
    0.10523274540901184,
    0.09949085861444473,
    0.10361545532941818,
    0.09995532035827637,
    0.1051662415266037,
    0.10271379351615906,
    0.10057859122753143,
    0.10229811072349548,
    0.1019473448395729,
    0.09678629785776138,
    0.10168717056512833,
    0.09769177436828613,
    0.09716878831386566,
    0.09839048981666565,
    0.09910455346107483,
    0.09804694354534149,
    0.0967051312327385,
    0.09706386923789978,
    0.10838456451892853,
    0.09777694940567017,
    0.09678612649440765,
    0.09887487441301346,
    0.09865126013755798,
    0.09610769152641296,
    0.0962245762348175,
    0.09376075863838196,
    0.09599117189645767,
    0.09387210756540298,
    0.09468770772218704,
    0.09393520653247833,
    0.09245054423809052,
    0.09559789299964905,
    0.09149538725614548,
    0.09420952200889587,
    0.09185684472322464,
    0.09847205877304077,
    0.0943848118185997,
    0.09209679812192917,
    0.09363356232643127,
    0.09444961696863174,
    0.093983955681324,
    0.0915694609284401,
    0.09463706612586975
  ],
  "stopped_epoch": 51
}