{
  "epochs_recorded": [
    0,
    1,
    2,
    3,
    4,
    5,
    6,
    7,
    8,
    9,
    10,
    11,
    12,
    13,
    14,
    15,
    16,
    17,
    18,
    19,
    20,
    21,
    22,
    23,
    24,
    25,
    26,
    27,
    28,
    29,
    30,
    31,
    32,
    33,
    34,
    35,
    36,
    37,
    38,
    39,
    40,
    41,
    42,
    43,
    44,
    45,
    46,
    47,
    48,
    49,
    50,
    51,
    52,
    53,
    54,
    55,
    56,
    57,
    58,
    59,
    60,
    61,
    62,
    63,
    64,
    65,
    66,
    67,
    68,
    69,
    70,
    71,
    72,
    73,
    74,
    75,
    76,
    77,
    78,
    79,
    80,
    81,
    82,
    83,
    84,
    85,
    86,
    87,
    88,
    89,
    90,
    91
  ],
  "train_loss": [
    0.7325394153594971,
    0.25041958689689636,
    0.21477960050106049,
    0.15766282379627228,
    0.11356258392333984,
    0.09664373099803925,
    0.08669096231460571,
    0.07935068011283875,
    0.0742100179195404,
    0.06895909458398819,
    0.06332562118768692,
    0.061201710253953934,
    0.0589417889714241,
    0.05589955672621727,
    0.05366145446896553,
    0.050488006323575974,
    0.0471220463514328,
    0.046905193477869034,
    0.04538075625896454,
    0.04477476701140404,
    0.04203295335173607,
    0.041526492685079575,
    0.040307335555553436,
    0.04029911383986473,
    0.03860457241535187,
    0.03645428270101547,
    0.036243751645088196,
    0.034653887152671814,
    0.03339388594031334,
    0.03197045624256134,
    0.031617313623428345,
    0.0301398616284132,
    0.030176645144820213,
    0.029197432100772858,
    0.028763705864548683,
    0.02815099246799946,
    0.02761649340391159,
    0.027858350425958633,
    0.026154775172472,
    0.026328541338443756,
    0.025570804253220558,
    0.02538962848484516,
    0.025661049410700798,
    0.02381751500070095,
    0.023926835507154465,
    0.023992545902729034,
    0.023626914247870445,
    0.023295724764466286,
    0.023253653198480606,
    0.022717349231243134,
    0.02161293663084507,
    0.02204381674528122,
    0.021243076771497726,
    0.02044825069606304,
    0.020378340035676956,
    0.02046067640185356,
    0.019550705328583717,
    0.020512999966740608,
    0.019641179591417313,
    0.020391548052430153,
    0.01886162906885147,
    0.018453160300850868,
    0.018288128077983856,
    0.01797947846353054,
    0.017578057944774628,
    0.01795009896159172,
    0.018200648948550224,
    0.017400862649083138,
    0.01702151447534561,
    0.017015796154737473,
    0.016496993601322174,
    0.016545157879590988,
    0.016328370198607445,
    0.016514061018824577,
    0.01586512289941311,
    0.016184158623218536,
    0.01581437699496746,
    0.015888171270489693,
    0.01604025810956955,
    0.01542704924941063,
    0.014934646897017956,
    0.014813588000833988,
    0.01533458475023508,
    0.015576740726828575,
    0.015120851807296276,
    0.015113207511603832,
    0.014437197707593441,
    0.014807474799454212,
    0.014567985199391842,
    0.01466511469334364,
    0.01405930146574974,
    0.014063374139368534
  ],
  "val_loss": [
    0.8079627752304077,
    0.2786485552787781,
    0.21506008505821228,
    0.1743691861629486,
    0.10203240066766739,
    0.09259049594402313,
    0.07781821489334106,
    0.07504782825708389,
    0.0686550885438919,
    0.06319497525691986,
    0.05782346427440643,
    0.056465670466423035,
    0.05349026247859001,
    0.05257514491677284,
    0.05041666328907013,
    0.047171689569950104,
    0.04335276782512665,
    0.041971322149038315,
    0.040811728686094284,
    0.03833289444446564,
    0.037163954228162766,
    0.037729568779468536,
    0.035418540239334106,
    0.032725706696510315,
    0.03384009748697281,
    0.03307119756937027,
    0.03179614990949631,
    0.029909638687968254,
    0.02756589651107788,
    0.025701751932501793,
    0.02539018914103508,
    0.02786874771118164,
    0.02327135019004345,
    0.02248697355389595,
    0.023378226906061172,
    0.02183549664914608,
    0.019847217947244644,
    0.020404210314154625,
    0.02014627866446972,
    0.018170302733778954,
    0.020434286445379257,
    0.01865096017718315,
    0.01792772300541401,
    0.017040923237800598,
    0.017520558089017868,
    0.01676671952009201,
    0.01716630905866623,
    0.016167588531970978,
    0.015524604357779026,
    0.01458664145320654,
    0.014119395986199379,
    0.01597299799323082,
    0.015734102576971054,
    0.013847078196704388,
    0.013203732669353485,
    0.013073685579001904,
    0.01276354119181633,
    0.015070013701915741,
    0.013126895762979984,
    0.012332051061093807,
    0.012057943269610405,
    0.012619037181138992,
    0.011085939593613148,
    0.012685621157288551,
    0.01120662409812212,
    0.012121686711907387,
    0.015341349877417088,
    0.010856669396162033,
    0.010421466082334518,
    0.01060577854514122,
    0.011134536005556583,
    0.010043454356491566,
    0.010799928568303585,
    0.011505969800055027,
    0.0100270239636302,
    0.01073434203863144,
    0.009160996414721012,
    0.009105347096920013,
    0.012117672711610794,
    0.008815759792923927,
    0.008795546367764473,
    0.009127531200647354,
    0.007943476550281048,
    0.009224737994372845,
    0.009325185790657997,
    0.009220647625625134,
    0.0091397101059556,
    0.008591012097895145,
    0.009794674813747406,
    0.008860858157277107,
    0.008822999894618988,
    0.008438987657427788,
    0.008745886385440826
  ],
  "stopped_epoch": 92
}