{
  "epochs_recorded": [
    0,
    1,
    2,
    3,
    4,
    5,
    6,
    7,
    8,
    9,
    10,
    11,
    12,
    13,
    14,
    15,
    16,
    17,
    18,
    19,
    20,
    21,
    22,
    23,
    24,
    25,
    26,
    27,
    28,
    29,
    30,
    31,
    32,
    33,
    34,
    35,
    36,
    37,
    38,
    39,
    40,
    41,
    42
  ],
  "train_loss": [
    0.42319953441619873,
    0.15424713492393494,
    0.11981391161680222,
    0.11057265102863312,
    0.10650575906038284,
    0.10403615236282349,
    0.10176219791173935,
    0.10100474208593369,
    0.09831991791725159,
    0.09761197119951248,
    0.09634971618652344,
    0.0946052297949791,
    0.09698486328125,
    0.09760935604572296,
    0.09451400488615036,
    0.09235348552465439,
    0.09336235374212265,
    0.09333870559930801,
    0.09469986706972122,
    0.0955565869808197,
    0.09234385192394257,
    0.09514940530061722,
    0.09535598009824753,
    0.09369585663080215,
    0.09252974390983582,
    0.09871023893356323,
    0.09841888397932053,
    0.09317218512296677,
    0.09342644363641739,
    0.09669756144285202,
    0.101866714656353,
    0.09348715096712112,
    0.09485241770744324,
    0.0947849377989769,
    0.09529642760753632,
    0.09421633929014206,
    0.09701289236545563,
    0.10070531070232391,
    0.09824900329113007,
    0.09745005518198013,
    0.09443873167037964,
    0.09618309885263443,
    0.09964829683303833
  ],
  "val_loss": [
    1.760311245918274,
    0.1568642109632492,
    0.11753418296575546,
    0.10806617140769958,
    0.10302213579416275,
    0.10325928777456284,
    0.102753184735775,
    0.10322669893503189,
    0.10057523101568222,
    0.10523778200149536,
    0.10734230279922485,
    0.10689686983823776,
    0.1036025807261467,
    0.1061149314045906,
    0.1165170893073082,
    0.09841880202293396,
    0.10943146795034409,
    0.10816093534231186,
    0.10538391023874283,
    0.09541055560112,
    0.09522055834531784,
    0.10050353407859802,
    0.10516050457954407,
    0.09107986092567444,
    0.09567581117153168,
    0.10280060768127441,
    0.09888317435979843,
    0.09291809797286987,
    0.09407442063093185,
    0.09101802855730057,
    0.10736117511987686,
    0.09311111271381378,
    0.09319476783275604,
    0.08924514800310135,
    0.08950591832399368,
    0.09077905863523483,
    0.09409560263156891,
    0.1037592887878418,
    0.09521699696779251,
    0.08980905264616013,
    0.09215452522039413,
    0.09008266776800156,
    0.09556863456964493,
    0.08961313217878342
  ],
  "stopped_epoch": 43
}