{
  "epochs_recorded": [
    0,
    1,
    2,
    3,
    4,
    5,
    6,
    7,
    8,
    9,
    10,
    11,
    12,
    13,
    14,
    15,
    16,
    17,
    18,
    19,
    20,
    21,
    22,
    23,
    24,
    25,
    26,
    27,
    28,
    29,
    30,
    31,
    32,
    33,
    34,
    35,
    36,
    37,
    38,
    39,
    40,
    41,
    42,
    43,
    44,
    45,
    46,
    47,
    48,
    49,
    50,
    51,
    52,
    53,
    54,
    55,
    56,
    57,
    58,
    59,
    60,
    61,
    62,
    63,
    64,
    65,
    66,
    67,
    68,
    69,
    70,
    71,
    72,
    73,
    74,
    75,
    76,
    77,
    78,
    79,
    80,
    81,
    82,
    83,
    84,
    85,
    86,
    87
  ],
  "train_loss": [
    0.5604563355445862,
    0.21102163195610046,
    0.1990213841199875,
    0.19179277122020721,
    0.14181673526763916,
    0.08852452039718628,
    0.0630750060081482,
    0.05865125358104706,
    0.05649634450674057,
    0.05461304634809494,
    0.05143650993704796,
    0.049637097865343094,
    0.047748345881700516,
    0.04675407335162163,
    0.04628773033618927,
    0.04616370052099228,
    0.04504014551639557,
    0.04507259279489517,
    0.044624943286180496,
    0.043939009308815,
    0.039895426481962204,
    0.03792032599449158,
    0.03413373604416847,
    0.031934671103954315,
    0.03140198066830635,
    0.030607275664806366,
    0.02984268218278885,
    0.0283645149320364,
    0.02639482170343399,
    0.02522142417728901,
    0.024748608469963074,
    0.023807894438505173,
    0.0207698792219162,
    0.021005230024456978,
    0.021866686642169952,
    0.023010892793536186,
    0.020013410598039627,
    0.017588524147868156,
    0.01570269651710987,
    0.01539605762809515,
    0.01457231119275093,
    0.01405109092593193,
    0.013897434808313847,
    0.013042761944234371,
    0.013419650495052338,
    0.013304450549185276,
    0.012976307421922684,
    0.012295104563236237,
    0.012423034757375717,
    0.012549392879009247,
    0.011880281381309032,
    0.012211810797452927,
    0.011391503736376762,
    0.011016465723514557,
    0.011304156854748726,
    0.010982565581798553,
    0.01086668111383915,
    0.010934203863143921,
    0.011613558977842331,
    0.011443792842328548,
    0.011202335357666016,
    0.01092387456446886,
    0.01029734592884779,
    0.009658079594373703,
    0.010522730648517609,
    0.010204608552157879,
    0.009441929869353771,
    0.009563213214278221,
    0.009738950990140438,
    0.008909275755286217,
    0.009278236888349056,
    0.009225074201822281,
    0.009907040745019913,
    0.009251740761101246,
    0.00877353921532631,
    0.008961482904851437,
    0.008648098446428776,
    0.009072053246200085,
    0.009165102615952492,
    0.008465098217129707,
    0.008344649337232113,
    0.008349238894879818,
    0.009447536431252956,
    0.00927030947059393,
    0.00823730044066906,
    0.008203713223338127,
    0.008877512067556381,
    0.008632100187242031
  ],
  "val_loss": [
    0.8784312605857849,
    0.20450855791568756,
    0.17544615268707275,
    0.17495359480381012,
    0.15174049139022827,
    0.16454029083251953,
    0.054632171988487244,
    0.05023583397269249,
    0.05024978518486023,
    0.04748663306236267,
    0.04441959783434868,
    0.041923027485609055,
    0.039471667259931564,
    0.03834310173988342,
    0.03922366723418236,
    0.03939853981137276,
    0.03755554184317589,
    0.03748907893896103,
    0.03713250532746315,
    0.03763268142938614,
    0.034104641526937485,
    0.034945689141750336,
    0.02949387952685356,
    0.026646608486771584,
    0.025987658649683,
    0.026382029056549072,
    0.028791768476366997,
    0.023894308134913445,
    0.0242356825619936,
    0.022778267040848732,
    0.01996016502380371,
    0.018250279128551483,
    0.016581237316131592,
    0.015383254736661911,
    0.01679564081132412,
    0.022569607943296432,
    0.019329054281115532,
    0.012771585956215858,
    0.011591588146984577,
    0.01079627312719822,
    0.014437993988394737,
    0.00927132647484541,
    0.010832345113158226,
    0.009328193962574005,
    0.00945996679365635,
    0.009207618422806263,
    0.007969510741531849,
    0.00928339920938015,
    0.008390980772674084,
    0.008238278329372406,
    0.008435233496129513,
    0.007919395342469215,
    0.00871807336807251,
    0.006930624134838581,
    0.007126638665795326,
    0.009353263303637505,
    0.007782663218677044,
    0.006496021058410406,
    0.00787351094186306,
    0.009203627705574036,
    0.008018041029572487,
    0.00686547439545393,
    0.006555670872330666,
    0.006841902155429125,
    0.005831318907439709,
    0.008253068663179874,
    0.006056723650544882,
    0.005683309864252806,
    0.005613008514046669,
    0.0090055325999856,
    0.006538191810250282,
    0.005769913084805012,
    0.00485150795429945,
    0.005515438504517078,
    0.005504814442247152,
    0.005716810002923012,
    0.005730782635509968,
    0.005144418682903051,
    0.0045207287184894085,
    0.004709149710834026,
    0.005020502023398876,
    0.004772992338985205,
    0.0052155256271362305,
    0.006456604693084955,
    0.006171118002384901,
    0.0068746767938137054,
    0.0054992311634123325,
    0.005653934553265572,
    0.005255835130810738
  ],
  "stopped_epoch": 88
}