{
  "epochs_recorded": [
    0,
    1,
    2,
    3,
    4,
    5,
    6,
    7,
    8,
    9,
    10,
    11,
    12,
    13,
    14,
    15,
    16,
    17,
    18,
    19,
    20,
    21,
    22,
    23,
    24,
    25,
    26,
    27,
    28
  ],
  "train_loss": [
    19.508468627929688,
    0.5943308472633362,
    0.5042780041694641,
    0.5604363083839417,
    0.3922717571258545,
    0.35968974232673645,
    0.31932249665260315,
    0.32288098335266113,
    0.3090258836746216,
    0.31365418434143066,
    0.2928905785083771,
    0.37492406368255615,
    0.3185650110244751,
    0.28846633434295654,
    0.3202083706855774,
    0.27652060985565186,
    0.2752591073513031,
    0.26731401681900024,
    0.2650894820690155,
    0.2998831868171692,
    0.2655513882637024,
    0.3064366579055786,
    0.286903440952301,
    0.2577664256095886,
    0.2588272988796234,
    0.26817312836647034,
    0.29399269819259644,
    0.28442931175231934,
    0.26565849781036377
  ],
  "val_loss": [
    2.8157780170440674,
    1.0836551189422607,
    0.7854278683662415,
    0.2709616720676422,
    0.45693787932395935,
    0.518552839756012,
    0.34726282954216003,
    0.34527987241744995,
    0.45242995023727417,
    0.5984592437744141,
    0.27978089451789856,
    0.48995164036750793,
    0.25369158387184143,
    0.2949947714805603,
    0.6857237219810486,
    0.3351866900920868,
    0.34011462330818176,
    0.26617175340652466,
    0.38910481333732605,
    0.2275116890668869,
    0.34712615609169006,
    0.23402556777000427,
    0.3656739890575409,
    0.33447739481925964,
    0.3059159517288208,
    0.2553933262825012,
    0.31742116808891296,
    0.2338813841342926,
    0.30191949009895325,
    0.2873694896697998
  ],
  "stopped_epoch": 29
}