{
  "epochs_recorded": [
    0,
    1,
    2,
    3,
    4,
    5,
    6,
    7,
    8,
    9,
    10,
    11
  ],
  "train_loss": [
    75.31449127197266,
    2.092592239379883,
    0.30181947350502014,
    0.18940326571464539,
    0.17769363522529602,
    0.1715642362833023,
    0.15675504505634308,
    0.15200072526931763,
    0.14369721710681915,
    0.13468243181705475,
    0.12847115099430084,
    0.12129805237054825
  ],
  "val_loss": [
    1.1264017820358276,
    0.21860286593437195,
    0.07084289193153381,
    0.16212992370128632,
    0.16893775761127472,
    0.18854127824306488,
    0.18948669731616974,
    0.2254672646522522,
    0.23015528917312622,
    0.196031391620636,
    0.24239124357700348,
    0.16823850572109222,
    0.28215575218200684
  ],
  "stopped_epoch": 12
}