{
  "epochs_recorded": [
    0,
    1,
    2,
    3,
    4,
    5,
    6,
    7,
    8,
    9,
    10,
    11,
    12,
    13,
    14,
    15,
    16,
    17,
    18,
    19,
    20,
    21,
    22,
    23,
    24,
    25,
    26,
    27,
    28,
    29,
    30,
    31,
    32,
    33,
    34,
    35,
    36,
    37,
    38,
    39,
    40,
    41,
    42,
    43,
    44,
    45,
    46,
    47,
    48,
    49,
    50,
    51,
    52,
    53,
    54,
    55,
    56,
    57,
    58,
    59,
    60,
    61,
    62,
    63,
    64,
    65,
    66,
    67,
    68,
    69,
    70,
    71,
    72,
    73,
    74,
    75,
    76,
    77
  ],
  "train_loss": [
    1.297289490699768,
    0.9396600723266602,
    1.0510703325271606,
    0.814995288848877,
    0.8828675150871277,
    0.8094180822372437,
    0.8173003196716309,
    0.7375393509864807,
    0.7645992040634155,
    0.7041237354278564,
    0.6738026142120361,
    0.70323246717453,
    0.6529777646064758,
    0.6313583254814148,
    0.6111209392547607,
    1.1631966829299927,
    0.6521798968315125,
    0.5729277729988098,
    0.6115056872367859,
    0.5790528059005737,
    0.58148193359375,
    0.5676825642585754,
    0.5970364809036255,
    0.5698535442352295,
    0.5497902035713196,
    0.5617094039916992,
    0.5747737288475037,
    0.5472160577774048,
    0.5412043333053589,
    0.524843156337738,
    0.6420981884002686,
    0.5605284571647644,
    0.5350673794746399,
    0.5367288589477539,
    0.5273333787918091,
    0.513210654258728,
    0.5350356698036194,
    0.5137585997581482,
    0.5154961347579956,
    0.5231831073760986,
    0.5211253762245178,
    0.5160962343215942,
    0.5237085223197937,
    0.5102061033248901,
    0.5171127319335938,
    0.5111056566238403,
    0.5184551477432251,
    0.4981922209262848,
    0.5406529903411865,
    0.5245189070701599,
    0.5050954818725586,
    0.500647783279419,
    0.5130630731582642,
    0.5145724415779114,
    0.5102320909500122,
    0.5172495245933533,
    0.5038950443267822,
    0.5147064328193665,
    0.5052874088287354,
    0.5368549823760986,
    0.4904652237892151,
    0.5177783370018005,
    0.5108720660209656,
    0.5069068074226379,
    0.5001900792121887,
    0.5250406861305237,
    0.4985620975494385,
    0.4907923936843872,
    0.542122483253479,
    0.518437922000885,
    0.4952518939971924,
    0.49668586254119873,
    0.512251079082489,
    0.49660414457321167,
    0.48652318120002747,
    0.4895768165588379,
    0.5041571855545044,
    0.49367231130599976
  ],
  "val_loss": [
    0.4889001250267029,
    0.31713202595710754,
    0.14345772564411163,
    0.15102346241474152,
    0.1326318234205246,
    0.10953710228204727,
    0.11792397499084473,
    0.11029050499200821,
    0.1120312288403511,
    0.10525893419981003,
    0.10476338118314743,
    0.11334501951932907,
    0.10239750146865845,
    0.102924644947052,
    0.08629342168569565,
    0.07600519806146622,
    0.07822058349847794,
    0.07191018015146255,
    0.07950645685195923,
    0.07453814893960953,
    0.07788006961345673,
    0.07321970164775848,
    0.07408449053764343,
    0.07632744312286377,
    0.07262162864208221,
    0.06290794163942337,
    0.06320682913064957,
    0.07110437005758286,
    0.0652676448225975,
    0.06602313369512558,
    0.06587059795856476,
    0.06644327938556671,
    0.06446219235658646,
    0.06250543892383575,
    0.06323999166488647,
    0.05751262232661247,
    0.06128353625535965,
    0.059116266667842865,
    0.05909321829676628,
    0.059545427560806274,
    0.057643577456474304,
    0.05649876967072487,
    0.05738624557852745,
    0.05692501366138458,
    0.05549535155296326,
    0.056481290608644485,
    0.055424049496650696,
    0.05771427974104881,
    0.056012872606515884,
    0.055577173829078674,
    0.06307164579629898,
    0.05871875584125519,
    0.05856338515877724,
    0.05486924573779106,
    0.05532001331448555,
    0.05521067976951599,
    0.054541587829589844,
    0.05480099841952324,
    0.05353797972202301,
    0.053559690713882446,
    0.05150375887751579,
    0.05369400978088379,
    0.05788489431142807,
    0.055863358080387115,
    0.05586731806397438,
    0.053797051310539246,
    0.05279603973031044,
    0.052064333111047745,
    0.05005675181746483,
    0.05892818421125412,
    0.05386095866560936,
    0.05420500785112381,
    0.053994957357645035,
    0.05240005627274513,
    0.053416237235069275,
    0.05117247253656387,
    0.05311805382370949,
    0.050065718591213226,
    0.051535867154598236
  ],
  "stopped_epoch": 78
}