{
  "epochs_recorded": [
    0,
    1,
    2,
    3,
    4,
    5,
    6,
    7,
    8,
    9,
    10,
    11,
    12,
    13,
    14,
    15,
    16,
    17,
    18,
    19,
    20,
    21,
    22,
    23,
    24,
    25,
    26,
    27,
    28,
    29,
    30,
    31,
    32,
    33,
    34,
    35,
    36,
    37,
    38,
    39,
    40,
    41,
    42,
    43,
    44,
    45,
    46,
    47,
    48,
    49,
    50,
    51,
    52,
    53,
    54,
    55,
    56,
    57,
    58,
    59,
    60,
    61,
    62,
    63,
    64,
    65,
    66,
    67,
    68,
    69,
    70,
    71,
    72,
    73,
    74,
    75,
    76,
    77,
    78,
    79,
    80,
    81,
    82,
    83,
    84,
    85,
    86,
    87,
    88,
    89,
    90,
    91,
    92,
    93,
    94,
    95,
    96,
    97,
    98,
    99
  ],
  "train_loss": [
    0.6552813649177551,
    0.23584644496440887,
    0.2147495299577713,
    0.20455120503902435,
    0.15350008010864258,
    0.08398068696260452,
    0.06200091540813446,
    0.05755322799086571,
    0.05363951250910759,
    0.049343761056661606,
    0.04737343266606331,
    0.04472174122929573,
    0.04170675575733185,
    0.04270773380994797,
    0.03911299630999565,
    0.038234125822782516,
    0.03733978420495987,
    0.03629888594150543,
    0.03682032972574234,
    0.03677811473608017,
    0.03664586693048477,
    0.03722527623176575,
    0.037340063601732254,
    0.03651612624526024,
    0.03367519751191139,
    0.0339273177087307,
    0.0317048653960228,
    0.03140881285071373,
    0.02997351810336113,
    0.027365023270249367,
    0.026051217690110207,
    0.02594907581806183,
    0.026243872940540314,
    0.02569105476140976,
    0.023154182359576225,
    0.023423898965120316,
    0.02346772886812687,
    0.021440494805574417,
    0.02201034128665924,
    0.022245915606617928,
    0.020652586594223976,
    0.019304243847727776,
    0.01861804537475109,
    0.017175279557704926,
    0.017691366374492645,
    0.01691533252596855,
    0.016565995290875435,
    0.016488395631313324,
    0.01572384685277939,
    0.016400732100009918,
    0.015714846551418304,
    0.015337474644184113,
    0.0167132169008255,
    0.014148724265396595,
    0.012432804331183434,
    0.012219153344631195,
    0.012826698832213879,
    0.011846888810396194,
    0.011752192862331867,
    0.011472990736365318,
    0.012264426797628403,
    0.012377597391605377,
    0.012751727364957333,
    0.013295973651111126,
    0.011381339281797409,
    0.010945945978164673,
    0.010977616533637047,
    0.012844189070165157,
    0.011932534165680408,
    0.010997403413057327,
    0.009986612014472485,
    0.009955907240509987,
    0.010133462026715279,
    0.01037142239511013,
    0.009893211536109447,
    0.008692817762494087,
    0.009805699810385704,
    0.009744555689394474,
    0.01104426383972168,
    0.010156483389437199,
    0.008744470775127411,
    0.00904790312051773,
    0.008345071226358414,
    0.008066043257713318,
    0.007995991967618465,
    0.008536159060895443,
    0.008179405704140663,
    0.008365496061742306,
    0.009632392786443233,
    0.008464837446808815,
    0.00828441884368658,
    0.007478265557438135,
    0.008267318829894066,
    0.007163441274315119,
    0.007923831231892109,
    0.008976089768111706,
    0.008334293030202389,
    0.012334026396274567,
    0.009305685758590698,
    0.008791114203631878
  ],
  "val_loss": [
    0.7091876864433289,
    0.23522338271141052,
    0.18729248642921448,
    0.19081087410449982,
    0.16372619569301605,
    0.1050824448466301,
    0.053872041404247284,
    0.04773610457777977,
    0.04702761769294739,
    0.04590543732047081,
    0.04514685645699501,
    0.040658462792634964,
    0.036129679530858994,
    0.03450410068035126,
    0.03632090985774994,
    0.030759017914533615,
    0.03433632105588913,
    0.03259649872779846,
    0.031077101826667786,
    0.029019519686698914,
    0.030722862109541893,
    0.03894597664475441,
    0.030875399708747864,
    0.03112388215959072,
    0.030259892344474792,
    0.028019623830914497,
    0.02831655740737915,
    0.029199844226241112,
    0.024876033887267113,
    0.02406929060816765,
    0.02196737751364708,
    0.02181038074195385,
    0.02759421430528164,
    0.021647851914167404,
    0.021132057532668114,
    0.019922170788049698,
    0.022514583542943,
    0.019083688035607338,
    0.01933564431965351,
    0.016958409920334816,
    0.01921028643846512,
    0.015462672337889671,
    0.01574532501399517,
    0.013473489321768284,
    0.013634209521114826,
    0.015700746327638626,
    0.013844161294400692,
    0.014974423684179783,
    0.011289816349744797,
    0.013135362416505814,
    0.01198772806674242,
    0.013335149735212326,
    0.011265251785516739,
    0.012882614508271217,
    0.008835867047309875,
    0.00979618076235056,
    0.007856570184230804,
    0.009805819019675255,
    0.008210413157939911,
    0.007946386002004147,
    0.00965363159775734,
    0.009365306235849857,
    0.009972525760531425,
    0.009869533590972424,
    0.009393400512635708,
    0.007671362720429897,
    0.007547259330749512,
    0.008439767174422741,
    0.007423361763358116,
    0.00929306261241436,
    0.007348769810050726,
    0.007783256936818361,
    0.005769440438598394,
    0.007681598886847496,
    0.007141580805182457,
    0.006843177601695061,
    0.005551076959818602,
    0.008164613507688046,
    0.007791163865476847,
    0.009333822876214981,
    0.005761701613664627,
    0.007208961062133312,
    0.005519578233361244,
    0.004921357147395611,
    0.005179187282919884,
    0.005487717222422361,
    0.005462910979986191,
    0.005151922814548016,
    0.005141866859048605,
    0.007316796109080315,
    0.006634061224758625,
    0.004196125082671642,
    0.004192491061985493,
    0.004432571120560169,
    0.0049296156503260136,
    0.007281039841473103,
    0.006677320692688227,
    0.007171371020376682,
    0.006981891579926014,
    0.007532488089054823,
    0.005056468304246664
  ],
  "stopped_epoch": 100
}