{
  "epochs_recorded": [
    0,
    1,
    2,
    3,
    4,
    5,
    6,
    7,
    8,
    9,
    10,
    11,
    12,
    13,
    14,
    15,
    16,
    17,
    18,
    19,
    20,
    21,
    22,
    23,
    24,
    25,
    26,
    27,
    28,
    29,
    30,
    31,
    32,
    33,
    34,
    35,
    36,
    37,
    38,
    39,
    40,
    41,
    42,
    43,
    44,
    45,
    46,
    47,
    48,
    49,
    50,
    51,
    52,
    53,
    54,
    55,
    56,
    57,
    58,
    59,
    60,
    61,
    62,
    63,
    64,
    65,
    66,
    67,
    68,
    69,
    70,
    71,
    72,
    73,
    74,
    75,
    76,
    77,
    78,
    79,
    80
  ],
  "train_loss": [
    1.149003505706787,
    0.9539188146591187,
    0.9351178407669067,
    0.8070657849311829,
    0.9156829714775085,
    0.7135079503059387,
    0.6992106437683105,
    0.6609845161437988,
    0.6041929721832275,
    0.6824852228164673,
    0.6531645655632019,
    0.6495635509490967,
    0.6285771131515503,
    0.5234475135803223,
    0.581214189529419,
    0.5623384714126587,
    0.5443165302276611,
    0.5573015809059143,
    0.5817245244979858,
    0.53336501121521,
    0.570766806602478,
    0.5568667650222778,
    0.5576797723770142,
    0.5307151675224304,
    0.5152275562286377,
    0.5485090017318726,
    0.5267085433006287,
    0.5438913702964783,
    0.5419465899467468,
    0.5010381937026978,
    0.6006302833557129,
    0.5361835956573486,
    0.5683369040489197,
    0.5590891242027283,
    0.5094231367111206,
    0.5048636198043823,
    0.49292653799057007,
    0.4952200651168823,
    0.5164535045623779,
    0.4810922145843506,
    0.4787508547306061,
    0.49537917971611023,
    0.4739961326122284,
    0.4995541274547577,
    0.47487881779670715,
    0.4886349141597748,
    0.4911978840827942,
    0.4870116114616394,
    0.49034857749938965,
    0.45817023515701294,
    0.4575476348400116,
    0.46116194128990173,
    0.45832157135009766,
    0.47830930352211,
    0.4669099450111389,
    0.4666326344013214,
    0.45079126954078674,
    0.4483890235424042,
    0.46076616644859314,
    0.4689961373806,
    0.47051990032196045,
    0.4819658100605011,
    0.45485401153564453,
    0.4417249262332916,
    0.45262694358825684,
    0.45329776406288147,
    0.46900925040245056,
    0.45205217599868774,
    0.4617966115474701,
    0.4658893942832947,
    0.4574452042579651,
    0.5321781039237976,
    0.4535273313522339,
    0.45228874683380127,
    0.44927507638931274,
    0.4692416191101074,
    0.4520576000213623,
    0.4554876685142517,
    0.4582664370536804,
    0.44876906275749207,
    0.45808956027030945
  ],
  "val_loss": [
    0.9715803265571594,
    0.212955042719841,
    0.27739959955215454,
    0.24649383127689362,
    0.2010762095451355,
    0.13345472514629364,
    0.12516775727272034,
    0.11957397311925888,
    0.1284356713294983,
    0.1271844506263733,
    0.167403906583786,
    0.1537749469280243,
    0.11288255453109741,
    0.10386467725038528,
    0.10173408687114716,
    0.09788032621145248,
    0.0933036208152771,
    0.08975832164287567,
    0.1110830307006836,
    0.11244512349367142,
    0.10447525233030319,
    0.09629616886377335,
    0.10027267783880234,
    0.09204056113958359,
    0.08967895805835724,
    0.08959989249706268,
    0.09203502535820007,
    0.09293489158153534,
    0.09207727760076523,
    0.09222770482301712,
    0.09526994824409485,
    0.09046827256679535,
    0.08019460737705231,
    0.07803957164287567,
    0.08973149955272675,
    0.07877476513385773,
    0.05236915498971939,
    0.053816016763448715,
    0.0643254816532135,
    0.04746932163834572,
    0.039961546659469604,
    0.045559342950582504,
    0.05482158064842224,
    0.05388186499476433,
    0.0624019131064415,
    0.04643553867936134,
    0.04583576321601868,
    0.03711126744747162,
    0.038648821413517,
    0.03270412236452103,
    0.03220149874687195,
    0.03527422249317169,
    0.03430521860718727,
    0.04060530290007591,
    0.025716951116919518,
    0.03931689262390137,
    0.02829928696155548,
    0.024919316172599792,
    0.04027128592133522,
    0.030928757041692734,
    0.025846155360341072,
    0.033234480768442154,
    0.04693569988012314,
    0.04085614159703255,
    0.020966220647096634,
    0.026901040226221085,
    0.02163315936923027,
    0.049766749143600464,
    0.029092097654938698,
    0.04857836663722992,
    0.021403277292847633,
    0.019682815298438072,
    0.048894066363573074,
    0.025115372613072395,
    0.019855348393321037,
    0.06345187872648239,
    0.036385029554367065,
    0.022860217839479446,
    0.021771632134914398,
    0.0245063453912735,
    0.0537555068731308,
    0.024071156978607178
  ],
  "stopped_epoch": 81
}