{
  "epochs_recorded": [
    0,
    1,
    2,
    3,
    4,
    5,
    6,
    7,
    8,
    9,
    10,
    11,
    12,
    13,
    14,
    15,
    16,
    17,
    18,
    19,
    20,
    21,
    22,
    23,
    24,
    25,
    26,
    27,
    28,
    29,
    30,
    31,
    32,
    33,
    34,
    35,
    36,
    37,
    38,
    39,
    40,
    41,
    42,
    43,
    44,
    45,
    46,
    47,
    48,
    49,
    50
  ],
  "train_loss": [
    1.1961066722869873,
    0.9467976689338684,
    0.8719315528869629,
    0.7509710788726807,
    0.7519140243530273,
    0.7741217613220215,
    0.705356240272522,
    0.6776090264320374,
    0.6253275871276855,
    0.6870062351226807,
    0.7228526473045349,
    0.6481591463088989,
    0.6314371228218079,
    0.6135223507881165,
    0.6230835318565369,
    0.5933873653411865,
    0.6471777558326721,
    0.6172473430633545,
    0.6210999488830566,
    0.6038854718208313,
    0.5865938067436218,
    0.5879456400871277,
    0.5813009142875671,
    0.5851858258247375,
    0.6312848329544067,
    0.6217333078384399,
    0.6056301593780518,
    0.5884517431259155,
    0.5794389843940735,
    0.5834015607833862,
    0.5710005164146423,
    0.5697994232177734,
    0.5443029403686523,
    0.5540033578872681,
    0.5818576812744141,
    0.543908417224884,
    0.5466403365135193,
    0.5417504906654358,
    0.5407900214195251,
    0.5702012777328491,
    0.5853944420814514,
    0.5623624324798584,
    0.5716389417648315,
    0.5357218980789185,
    0.534461498260498,
    0.5663853883743286,
    0.5680654644966125,
    0.5559156537055969,
    0.5412105321884155,
    0.5486680269241333,
    0.5657474398612976
  ],
  "val_loss": [
    1.0684432983398438,
    0.5450260043144226,
    0.31733453273773193,
    0.24117232859134674,
    0.20503096282482147,
    0.16775228083133698,
    0.164458230137825,
    0.17797179520130157,
    0.15581835806369781,
    0.15016096830368042,
    0.14640220999717712,
    0.14731407165527344,
    0.15005603432655334,
    0.13945269584655762,
    0.16543956100940704,
    0.18387651443481445,
    9.840529441833496,
    0.29241329431533813,
    0.11930016428232193,
    0.12205872684717178,
    0.11552794277667999,
    0.13045935332775116,
    0.11529950797557831,
    0.14973783493041992,
    0.1295134574174881,
    0.11118446290493011,
    0.11650640517473221,
    0.10960021615028381,
    0.14523527026176453,
    0.11673036217689514,
    0.11258609592914581,
    0.112657830119133,
    0.15362732112407684,
    0.12641935050487518,
    0.15187779068946838,
    0.1077997013926506,
    0.12571655213832855,
    0.1489061415195465,
    0.14460255205631256,
    0.23350268602371216,
    0.32897502183914185,
    0.09803615510463715,
    0.12196257710456848,
    0.09854587912559509,
    0.10656493902206421,
    0.11550747603178024,
    0.10938289761543274,
    0.09899189323186874,
    0.10015644878149033,
    0.1010800376534462,
    0.1025131344795227,
    0.10369611531496048
  ],
  "stopped_epoch": 51
}