{
  "epochs_recorded": [
    0,
    1,
    2,
    3,
    4,
    5,
    6,
    7,
    8,
    9,
    10,
    11,
    12,
    13,
    14,
    15,
    16,
    17,
    18,
    19,
    20,
    21,
    22,
    23,
    24,
    25,
    26,
    27,
    28,
    29,
    30,
    31,
    32,
    33,
    34,
    35,
    36,
    37,
    38,
    39,
    40,
    41,
    42,
    43,
    44,
    45
  ],
  "train_loss": [
    1.7594274282455444,
    1.53090500831604,
    1.134333848953247,
    0.9838926196098328,
    0.8323177695274353,
    0.6433975696563721,
    0.5787602663040161,
    0.5433873534202576,
    0.5331296920776367,
    0.548054575920105,
    0.522138774394989,
    0.5003389120101929,
    0.5402512550354004,
    0.49431538581848145,
    0.49655914306640625,
    0.503052294254303,
    0.4919857382774353,
    0.5096746683120728,
    0.5045278072357178,
    0.4941696524620056,
    0.4988660514354706,
    0.49905094504356384,
    0.5100082159042358,
    0.4850690960884094,
    0.4972105920314789,
    0.49277639389038086,
    0.48021599650382996,
    0.48454737663269043,
    0.4707663059234619,
    0.4751739203929901,
    0.4721698462963104,
    0.4858531951904297,
    0.4760025441646576,
    0.48773741722106934,
    0.47313907742500305,
    0.4724538326263428,
    0.4654994606971741,
    0.4751756191253662,
    0.6221756339073181,
    0.4863465428352356,
    0.4878591001033783,
    0.4862881600856781,
    0.48005667328834534,
    0.5078542828559875,
    0.4771844446659088,
    0.4687410295009613
  ],
  "val_loss": [
    0.5279396176338196,
    0.32686173915863037,
    0.29814934730529785,
    0.1743624061346054,
    0.33135986328125,
    1.0328106880187988,
    0.41894832253456116,
    0.25719577074050903,
    0.11934046447277069,
    0.09082577377557755,
    0.07376083731651306,
    0.06888927519321442,
    0.06120150536298752,
    0.06027752906084061,
    0.0593721978366375,
    0.059389691799879074,
    0.060109738260507584,
    0.0560552217066288,
    0.05543559044599533,
    0.052867259830236435,
    0.049161396920681,
    0.052401378750801086,
    0.04938647150993347,
    0.04669298231601715,
    0.0446854867041111,
    0.04550022631883621,
    0.04589787870645523,
    0.044340915977954865,
    0.04117279127240181,
    0.0406266488134861,
    0.0425383560359478,
    0.05618477240204811,
    0.041866227984428406,
    0.039252396672964096,
    0.04004600644111633,
    0.04218379408121109,
    0.039220381528139114,
    0.03934922069311142,
    0.04175166040658951,
    0.08923259377479553,
    0.05310075357556343,
    0.04467882215976715,
    0.04149692878127098,
    0.04779337719082832,
    0.055443715304136276,
    0.04225268214941025,
    0.042430438101291656
  ],
  "stopped_epoch": 46
}