{
  "epochs_recorded": [
    0,
    1,
    2,
    3,
    4,
    5,
    6,
    7,
    8,
    9,
    10,
    11,
    12,
    13,
    14,
    15,
    16,
    17,
    18,
    19,
    20,
    21,
    22,
    23,
    24,
    25,
    26,
    27,
    28,
    29,
    30,
    31,
    32
  ],
  "train_loss": [
    0.10666248202323914,
    0.0735379010438919,
    0.06693398207426071,
    0.06633393466472626,
    0.06454852968454361,
    0.06255106627941132,
    0.06081224977970123,
    0.05975453555583954,
    0.05963032692670822,
    0.0578887015581131,
    0.05783865600824356,
    0.05701514333486557,
    0.05739610642194748,
    0.05726393684744835,
    0.055498696863651276,
    0.055157847702503204,
    0.056315116584300995,
    0.05599549785256386,
    0.0566992461681366,
    0.05703224241733551,
    0.054406434297561646,
    0.05462297424674034,
    0.054013922810554504,
    0.05412714183330536,
    0.05245444178581238,
    0.05338276922702789,
    0.054612621665000916,
    0.053308431059122086,
    0.05433594807982445,
    0.05324390530586243,
    0.05193868651986122,
    0.0523625947535038,
    0.05344907194375992
  ],
  "val_loss": [
    0.13944926857948303,
    0.08053209632635117,
    0.07137304544448853,
    0.06745658069849014,
    0.0674780085682869,
    0.06939747184515,
    0.06427662074565887,
    0.06335925310850143,
    0.0678391233086586,
    0.0666634738445282,
    0.06345932930707932,
    0.06320463120937347,
    0.06212902441620827,
    0.062493085861206055,
    0.06438825279474258,
    0.06173427402973175,
    0.06151936203241348,
    0.06579414010047913,
    0.0677294135093689,
    0.06257476657629013,
    0.06222186237573624,
    0.0625220537185669,
    0.06608383357524872,
    0.06097519397735596,
    0.0620487704873085,
    0.06288804858922958,
    0.06806216388940811,
    0.061948906630277634,
    0.060977544635534286,
    0.06871768832206726,
    0.06196903809905052,
    0.06134624034166336,
    0.061400026082992554,
    0.06243111565709114
  ],
  "stopped_epoch": 33
}