{
  "epochs_recorded": [
    0,
    1,
    2,
    3,
    4,
    5,
    6,
    7,
    8,
    9,
    10,
    11,
    12,
    13,
    14,
    15,
    16,
    17,
    18,
    19,
    20,
    21,
    22,
    23,
    24,
    25,
    26,
    27,
    28,
    29,
    30,
    31,
    32,
    33,
    34,
    35,
    36,
    37,
    38,
    39,
    40,
    41,
    42,
    43,
    44,
    45,
    46,
    47,
    48,
    49,
    50,
    51,
    52,
    53,
    54,
    55,
    56,
    57,
    58,
    59,
    60,
    61,
    62,
    63,
    64,
    65,
    66,
    67,
    68,
    69,
    70,
    71,
    72,
    73,
    74,
    75,
    76,
    77,
    78,
    79,
    80,
    81,
    82,
    83,
    84,
    85,
    86,
    87,
    88,
    89,
    90,
    91,
    92,
    93,
    94,
    95,
    96,
    97,
    98,
    99
  ],
  "train_loss": [
    1.1457455158233643,
    0.34916698932647705,
    0.2823772728443146,
    0.2568369209766388,
    0.23726974427700043,
    0.21274732053279877,
    0.18872344493865967,
    0.16404034197330475,
    0.14786183834075928,
    0.14163339138031006,
    0.12676410377025604,
    0.12289474159479141,
    0.11625386029481888,
    0.11279893666505814,
    0.10756876319646835,
    0.10426387935876846,
    0.10223236680030823,
    0.09703384339809418,
    0.09673330932855606,
    0.0965752899646759,
    0.09139854460954666,
    0.0900183767080307,
    0.08600251376628876,
    0.08853897452354431,
    0.08747846633195877,
    0.08485181629657745,
    0.08028337359428406,
    0.08148405700922012,
    0.07799510657787323,
    0.07780906558036804,
    0.07819584012031555,
    0.07664498686790466,
    0.0753004252910614,
    0.07355822622776031,
    0.07358945161104202,
    0.07375355064868927,
    0.07128538936376572,
    0.07034437358379364,
    0.06909263879060745,
    0.06973271071910858,
    0.06946810334920883,
    0.06686792522668839,
    0.06748436391353607,
    0.06795533001422882,
    0.06584364175796509,
    0.06637497246265411,
    0.06434092670679092,
    0.06451091170310974,
    0.06296265125274658,
    0.0642327144742012,
    0.06326388567686081,
    0.06122578680515289,
    0.06130991131067276,
    0.06099267303943634,
    0.05822788178920746,
    0.05855979025363922,
    0.05679089203476906,
    0.057426899671554565,
    0.05762094631791115,
    0.05740497633814812,
    0.055869121104478836,
    0.05468475818634033,
    0.05564950034022331,
    0.05525669455528259,
    0.05591409280896187,
    0.053918275982141495,
    0.053389646112918854,
    0.052810344845056534,
    0.05278947949409485,
    0.05287562683224678,
    0.05230884253978729,
    0.052199091762304306,
    0.051153432577848434,
    0.05220096930861473,
    0.05088059604167938,
    0.050817541778087616,
    0.05114347115159035,
    0.050601162016391754,
    0.049641240388154984,
    0.04900798201560974,
    0.04850171506404877,
    0.04847470298409462,
    0.048646215349435806,
    0.04784269630908966,
    0.0454782210290432,
    0.04719812422990799,
    0.04550294950604439,
    0.04555860534310341,
    0.044560231268405914,
    0.04491430148482323,
    0.046079281717538834,
    0.04411469027400017,
    0.04388149082660675,
    0.04518580809235573,
    0.04352198913693428,
    0.04357462376356125,
    0.04339635372161865,
    0.04268019646406174,
    0.04318984970450401,
    0.04239461570978165
  ],
  "val_loss": [
    5.2594828605651855,
    0.35140305757522583,
    0.24045421183109283,
    0.24309886991977692,
    0.19516517221927643,
    0.17948994040489197,
    0.14830242097377777,
    0.11635799705982208,
    0.12148744612932205,
    0.11464374512434006,
    0.09899383783340454,
    0.09282051026821136,
    0.09562811255455017,
    0.08870118856430054,
    0.08542166650295258,
    0.08527230471372604,
    0.08424939215183258,
    0.08126547187566757,
    0.08312453329563141,
    0.07814166694879532,
    0.07293875515460968,
    0.07482847571372986,
    0.0749892070889473,
    0.0688660740852356,
    0.07131132483482361,
    0.06937867403030396,
    0.07022655755281448,
    0.0699906274676323,
    0.06980033218860626,
    0.06805235892534256,
    0.06715145707130432,
    0.0672510415315628,
    0.06426429003477097,
    0.0650411918759346,
    0.06831473112106323,
    0.06667923927307129,
    0.06340797245502472,
    0.06129192188382149,
    0.059825215488672256,
    0.061503391712903976,
    0.058844685554504395,
    0.060635652393102646,
    0.05816016346216202,
    0.058293286710977554,
    0.059513624757528305,
    0.058214541524648666,
    0.05752892047166824,
    0.057285234332084656,
    0.059402018785476685,
    0.05807376280426979,
    0.05687916651368141,
    0.05435289815068245,
    0.05426665395498276,
    0.05247223377227783,
    0.05274298042058945,
    0.05154429376125336,
    0.052514418959617615,
    0.05680353194475174,
    0.0526057593524456,
    0.04804103448987007,
    0.05404065549373627,
    0.051970548927783966,
    0.04905007779598236,
    0.04768776893615723,
    0.048672471195459366,
    0.04584748297929764,
    0.048968344926834106,
    0.045404281467199326,
    0.04412424564361572,
    0.04441402480006218,
    0.04776468127965927,
    0.043087512254714966,
    0.04366578906774521,
    0.04507911577820778,
    0.04685832932591438,
    0.04195322468876839,
    0.041693877428770065,
    0.04423850029706955,
    0.045386895537376404,
    0.04242025315761566,
    0.042058125138282776,
    0.03906399756669998,
    0.044893912971019745,
    0.039370134472846985,
    0.04188238084316254,
    0.03853331878781319,
    0.03864199295639992,
    0.0429854616522789,
    0.039018236100673676,
    0.03946501761674881,
    0.038648370653390884,
    0.0396256223320961,
    0.038480620831251144,
    0.03616895526647568,
    0.04108807444572449,
    0.035879164934158325,
    0.03903338313102722,
    0.03873351216316223,
    0.03771078214049339,
    0.03969601169228554,
    0.03557604178786278
  ],
  "stopped_epoch": 100
}