{
  "epochs_recorded": [
    0,
    1,
    2,
    3,
    4,
    5,
    6,
    7,
    8,
    9,
    10,
    11,
    12,
    13,
    14,
    15,
    16,
    17,
    18,
    19,
    20,
    21,
    22,
    23,
    24,
    25,
    26,
    27,
    28,
    29,
    30,
    31,
    32,
    33,
    34,
    35,
    36,
    37,
    38,
    39,
    40,
    41,
    42,
    43,
    44,
    45,
    46,
    47,
    48,
    49,
    50,
    51,
    52
  ],
  "train_loss": [
    0.7572896480560303,
    0.5761950016021729,
    0.5537455081939697,
    0.5035854578018188,
    0.9164796471595764,
    0.49158570170402527,
    0.46747326850891113,
    0.4774957597255707,
    0.4754061996936798,
    0.4794023633003235,
    0.4747109115123749,
    0.5136631727218628,
    0.458569198846817,
    0.44979166984558105,
    0.4753716289997101,
    0.4648438096046448,
    0.45285072922706604,
    0.4487735629081726,
    0.47342777252197266,
    0.4470129609107971,
    0.44609683752059937,
    0.45125073194503784,
    0.4519469439983368,
    0.4435504674911499,
    0.4398629665374756,
    0.45542198419570923,
    0.440940260887146,
    0.4457441568374634,
    0.4493737518787384,
    0.43277278542518616,
    0.4483959376811981,
    0.4852120578289032,
    0.43212124705314636,
    0.4444015622138977,
    0.44614043831825256,
    0.44244295358657837,
    0.4378240704536438,
    0.4539635479450226,
    0.5101648569107056,
    0.44636595249176025,
    0.43862226605415344,
    0.44338512420654297,
    0.4468005299568176,
    0.45155683159828186,
    0.4370577037334442,
    0.4401205778121948,
    0.44208717346191406,
    0.43597838282585144,
    0.4458346962928772,
    0.4301615357398987,
    0.43253204226493835,
    0.4333115518093109,
    0.43058037757873535
  ],
  "val_loss": [
    1.0697526931762695,
    2.861907958984375,
    0.31365612149238586,
    0.1207740306854248,
    0.07872629910707474,
    0.07390377670526505,
    0.07884290814399719,
    0.07055888324975967,
    0.0703408271074295,
    0.07032669335603714,
    0.07356346398591995,
    0.07024907320737839,
    0.07046910375356674,
    0.07001324743032455,
    0.06985267996788025,
    0.06977302581071854,
    0.06903175264596939,
    0.06843743473291397,
    0.0680375024676323,
    0.052225932478904724,
    0.07729136198759079,
    0.0332937017083168,
    0.19523300230503082,
    0.02799477055668831,
    0.02549002692103386,
    0.10865309089422226,
    0.08251664787530899,
    0.024618489667773247,
    0.030585460364818573,
    0.030826399102807045,
    0.05402393639087677,
    0.056175775825977325,
    0.028027305379509926,
    0.021769480779767036,
    0.022526053711771965,
    0.04046338051557541,
    0.029020456597208977,
    0.037531036883592606,
    0.03807325288653374,
    0.10882986336946487,
    0.03564837574958801,
    0.03638292849063873,
    0.12055765837430954,
    0.01929040625691414,
    0.028974713757634163,
    0.061963215470314026,
    0.029486767947673798,
    0.029174571856856346,
    0.07084203511476517,
    0.07230689376592636,
    0.06202879920601845,
    0.027012193575501442,
    0.09060413390398026,
    0.029539141803979874
  ],
  "stopped_epoch": 53
}