{
  "epochs_recorded": [
    0,
    1,
    2,
    3,
    4,
    5,
    6,
    7,
    8,
    9,
    10,
    11,
    12,
    13,
    14,
    15,
    16,
    17,
    18,
    19,
    20,
    21,
    22,
    23,
    24,
    25,
    26,
    27,
    28,
    29,
    30,
    31,
    32,
    33
  ],
  "train_loss": [
    0.6868990063667297,
    0.6997324228286743,
    0.5528972744941711,
    1.0214252471923828,
    0.749424397945404,
    0.5206597447395325,
    0.49734315276145935,
    0.48131611943244934,
    0.47147446870803833,
    0.4817078709602356,
    0.4799337387084961,
    0.4750516712665558,
    0.47232553362846375,
    0.469684898853302,
    0.4681147038936615,
    0.4673306345939636,
    0.4621284306049347,
    0.48791301250457764,
    0.468138188123703,
    0.4704163074493408,
    0.464260071516037,
    0.4706493020057678,
    0.488631933927536,
    0.4672577381134033,
    0.485217809677124,
    0.4735076129436493,
    0.46283280849456787,
    0.47111791372299194,
    0.4577620029449463,
    0.4613429307937622,
    0.4648057222366333,
    0.4602057933807373,
    0.46700236201286316,
    0.4859415590763092
  ],
  "val_loss": [
    0.4282536208629608,
    1.4744490385055542,
    0.3618532419204712,
    0.14801622927188873,
    0.09164061397314072,
    0.08647595345973969,
    0.06445438414812088,
    0.07550059258937836,
    0.045530591160058975,
    0.04678303748369217,
    0.07481545209884644,
    0.051687803119421005,
    0.043747734278440475,
    0.04194812476634979,
    0.04202580079436302,
    0.046984706073999405,
    0.04008600115776062,
    0.045473769307136536,
    0.03874451294541359,
    0.052339985966682434,
    0.041829757392406464,
    0.040444906800985336,
    0.03986221179366112,
    0.03883593529462814,
    0.038459427654743195,
    0.040555644780397415,
    0.040161896497011185,
    0.039556730538606644,
    0.0423838347196579,
    0.039604149758815765,
    0.0392700731754303,
    0.039299920201301575,
    0.04548942670226097,
    0.04326082393527031,
    0.044226646423339844
  ],
  "stopped_epoch": 34
}