{
  "epochs_recorded": [
    0,
    1,
    2,
    3,
    4,
    5,
    6,
    7,
    8,
    9,
    10,
    11,
    12,
    13,
    14,
    15,
    16,
    17,
    18,
    19,
    20,
    21,
    22,
    23,
    24,
    25,
    26,
    27,
    28,
    29,
    30,
    31,
    32,
    33,
    34,
    35,
    36,
    37,
    38,
    39,
    40,
    41,
    42,
    43,
    44,
    45,
    46,
    47,
    48,
    49,
    50,
    51,
    52,
    53,
    54,
    55,
    56,
    57,
    58,
    59,
    60,
    61,
    62,
    63,
    64,
    65,
    66,
    67,
    68,
    69,
    70,
    71,
    72,
    73,
    74,
    75,
    76,
    77,
    78,
    79,
    80,
    81,
    82,
    83,
    84,
    85,
    86,
    87,
    88,
    89,
    90,
    91,
    92,
    93,
    94,
    95,
    96,
    97,
    98,
    99
  ],
  "train_loss": [
    1.040908694267273,
    0.25866231322288513,
    0.20085185766220093,
    0.19035929441452026,
    0.1773337572813034,
    0.15843573212623596,
    0.11492310464382172,
    0.06643054634332657,
    0.05116488039493561,
    0.047875382006168365,
    0.046906355768442154,
    0.04530646651983261,
    0.04398028552532196,
    0.04106937721371651,
    0.03842312470078468,
    0.03729107230901718,
    0.036474164575338364,
    0.03612479567527771,
    0.03526334837079048,
    0.03495321050286293,
    0.03414198383688927,
    0.03336165100336075,
    0.032457102090120316,
    0.031222069635987282,
    0.030379731208086014,
    0.03043339028954506,
    0.02955910749733448,
    0.028994517400860786,
    0.028393754735589027,
    0.028123846277594566,
    0.02815718576312065,
    0.027780959382653236,
    0.027545632794499397,
    0.028162335976958275,
    0.030010579153895378,
    0.02832997590303421,
    0.02733956091105938,
    0.0270689744502306,
    0.02668248862028122,
    0.027738675475120544,
    0.02670358121395111,
    0.02682090550661087,
    0.026855645701289177,
    0.026445483788847923,
    0.025815898552536964,
    0.02531600184738636,
    0.02583620697259903,
    0.02649226225912571,
    0.02514360100030899,
    0.02632100321352482,
    0.025224002078175545,
    0.024748902767896652,
    0.025449423119425774,
    0.024463003501296043,
    0.02369675226509571,
    0.022730963304638863,
    0.023012347519397736,
    0.021558823063969612,
    0.021655578166246414,
    0.02114155702292919,
    0.02069292962551117,
    0.019792113453149796,
    0.021678293123841286,
    0.020497722551226616,
    0.019946938380599022,
    0.019406301900744438,
    0.01968451961874962,
    0.020491888746619225,
    0.020463263615965843,
    0.02152193710207939,
    0.020216751843690872,
    0.019111353904008865,
    0.019092727452516556,
    0.018586808815598488,
    0.018484383821487427,
    0.01909738779067993,
    0.020555386319756508,
    0.0190489050000906,
    0.01979614794254303,
    0.018816018477082253,
    0.018605461344122887,
    0.019209450110793114,
    0.020200110971927643,
    0.020838916301727295,
    0.01892322301864624,
    0.018018867820501328,
    0.019116675481200218,
    0.02018642984330654,
    0.018824072554707527,
    0.018563155084848404,
    0.01807774230837822,
    0.0190123338252306,
    0.019743582233786583,
    0.018807031214237213,
    0.018918577581644058,
    0.018328357487916946,
    0.01745694689452648,
    0.018350748345255852,
    0.017513442784547806,
    0.01837688870728016
  ],
  "val_loss": [
    1.0039587020874023,
    0.3316612243652344,
    0.1795090138912201,
    0.18188978731632233,
    0.16144417226314545,
    0.14820553362369537,
    0.12420648336410522,
    0.07094944268465042,
    0.04905363917350769,
    0.04667464271187782,
    0.04382473975419998,
    0.04304694011807442,
    0.041702933609485626,
    0.04018723964691162,
    0.03733021393418312,
    0.036073461174964905,
    0.03608602657914162,
    0.034936677664518356,
    0.0352349579334259,
    0.034005556255578995,
    0.03412128612399101,
    0.03264516219496727,
    0.03257099539041519,
    0.031050052493810654,
    0.030496744439005852,
    0.030358383432030678,
    0.029346566647291183,
    0.02869071252644062,
    0.029035216197371483,
    0.02768510766327381,
    0.02750973030924797,
    0.027848156169056892,
    0.02748377062380314,
    0.026514578610658646,
    0.0319211371243,
    0.02785891480743885,
    0.02763165533542633,
    0.0259146336466074,
    0.026553867384791374,
    0.027718383818864822,
    0.025984957814216614,
    0.026203274726867676,
    0.028159786015748978,
    0.026133675128221512,
    0.025806769728660583,
    0.025028636679053307,
    0.02658715471625328,
    0.025400172919034958,
    0.025626204907894135,
    0.02602142095565796,
    0.024731654673814774,
    0.02475045435130596,
    0.024323605000972748,
    0.025718024000525475,
    0.022876178845763206,
    0.022553935647010803,
    0.025789692997932434,
    0.02183782495558262,
    0.020051954314112663,
    0.024193592369556427,
    0.020205102860927582,
    0.019139228388667107,
    0.019524410367012024,
    0.01937178336083889,
    0.020620636641979218,
    0.0221298485994339,
    0.019429616630077362,
    0.02289562299847603,
    0.022258587181568146,
    0.01870644837617874,
    0.02285512536764145,
    0.020067811012268066,
    0.018292197957634926,
    0.018568130210042,
    0.01838112436234951,
    0.021506428718566895,
    0.021079925820231438,
    0.020250283181667328,
    0.020607145503163338,
    0.018504226580262184,
    0.018392305821180344,
    0.018284497782588005,
    0.020529363304376602,
    0.022731579840183258,
    0.018941298127174377,
    0.01832684315741062,
    0.017816118896007538,
    0.021861018612980843,
    0.017860708758234978,
    0.017648210749030113,
    0.018089979887008667,
    0.018978135660290718,
    0.022132430225610733,
    0.018777232617139816,
    0.01814783364534378,
    0.019756997004151344,
    0.01816982962191105,
    0.017222680151462555,
    0.01777295395731926,
    0.018174730241298676,
    0.018315570428967476
  ],
  "stopped_epoch": 100
}