{
  "epochs_recorded": [
    0,
    1,
    2,
    3,
    4,
    5,
    6,
    7,
    8,
    9,
    10,
    11,
    12,
    13,
    14,
    15,
    16,
    17,
    18,
    19,
    20,
    21,
    22,
    23,
    24,
    25,
    26,
    27,
    28,
    29,
    30,
    31,
    32,
    33,
    34,
    35,
    36,
    37,
    38
  ],
  "train_loss": [
    0.9895855784416199,
    0.7996593117713928,
    0.7481608390808105,
    0.790296196937561,
    0.5788509249687195,
    0.5578292608261108,
    0.5291181206703186,
    0.5179982781410217,
    0.5162965059280396,
    0.5282841920852661,
    0.5057078003883362,
    0.5452302098274231,
    0.4938480257987976,
    0.46456536650657654,
    0.4793125092983246,
    0.4758448600769043,
    0.45957568287849426,
    0.46807509660720825,
    0.4736599624156952,
    0.4609462022781372,
    0.4516313970088959,
    0.46268635988235474,
    0.4556177854537964,
    0.44968652725219727,
    0.4510694742202759,
    0.45867598056793213,
    0.4493108093738556,
    0.4543456435203552,
    0.463091105222702,
    0.4441831409931183,
    0.44536498188972473,
    0.45061391592025757,
    0.44999024271965027,
    0.44819486141204834,
    0.4493969678878784,
    0.44905298948287964,
    0.45351481437683105,
    0.4526561498641968,
    0.46102917194366455
  ],
  "val_loss": [
    2.241323709487915,
    0.2363283485174179,
    0.1856149137020111,
    0.17551372945308685,
    0.3898853361606598,
    0.2009686678647995,
    0.11476930975914001,
    0.09087827801704407,
    0.08704181760549545,
    0.08003797382116318,
    0.10916295647621155,
    0.0843239575624466,
    0.07747623324394226,
    0.08087561279535294,
    0.07536438852548599,
    0.06879802793264389,
    0.06661185622215271,
    0.0745575800538063,
    0.07003908604383469,
    0.0552913174033165,
    0.04115955904126167,
    0.05457266792654991,
    0.049222517758607864,
    0.039023734629154205,
    0.027114510536193848,
    0.040685005486011505,
    0.031786590814590454,
    0.0486617237329483,
    0.04741770774126053,
    0.023240529000759125,
    0.026413893327116966,
    0.025093045085668564,
    0.028977876529097557,
    0.02588362619280815,
    0.02383173629641533,
    0.036622948944568634,
    0.02783026173710823,
    0.023245329037308693,
    0.030576830729842186,
    0.04795035347342491
  ],
  "stopped_epoch": 39
}