{
  "epochs_recorded": [
    0,
    1,
    2,
    3,
    4,
    5,
    6,
    7,
    8,
    9,
    10,
    11,
    12,
    13,
    14,
    15,
    16,
    17,
    18,
    19
  ],
  "train_loss": [
    0.7848175168037415,
    0.7732627391815186,
    0.7106050848960876,
    0.6518959999084473,
    0.6882545351982117,
    0.9143553972244263,
    0.7870771288871765,
    0.5835654735565186,
    0.5496468544006348,
    0.5443881750106812,
    0.5380682349205017,
    0.5267005562782288,
    0.5288533568382263,
    0.6161642074584961,
    0.5572504997253418,
    0.5497599840164185,
    0.5270066261291504,
    0.5437498092651367,
    0.5325993299484253,
    0.5352503061294556
  ],
  "val_loss": [
    1.5458945035934448,
    1.880476951599121,
    0.42355063557624817,
    0.16610687971115112,
    0.12916211783885956,
    0.1454656720161438,
    0.10908354818820953,
    0.12188141793012619,
    0.11193133145570755,
    0.10400693863630295,
    0.10009381920099258,
    0.1053919792175293,
    0.10190952569246292,
    0.10193299502134323,
    0.12626901268959045,
    0.11809062212705612,
    0.11459363251924515,
    0.10886210203170776,
    0.10131177306175232,
    0.10296875238418579,
    0.10070254653692245
  ],
  "stopped_epoch": 20
}