{
  "epochs_recorded": [
    0,
    1,
    2,
    3,
    4,
    5,
    6,
    7,
    8,
    9,
    10,
    11,
    12,
    13,
    14,
    15,
    16,
    17,
    18,
    19,
    20,
    21,
    22,
    23,
    24,
    25,
    26,
    27,
    28,
    29,
    30,
    31,
    32,
    33,
    34,
    35,
    36,
    37,
    38,
    39,
    40,
    41,
    42,
    43,
    44,
    45,
    46,
    47,
    48,
    49,
    50,
    51,
    52,
    53,
    54,
    55,
    56,
    57,
    58,
    59,
    60,
    61,
    62,
    63,
    64,
    65,
    66,
    67,
    68,
    69,
    70,
    71,
    72,
    73,
    74,
    75,
    76,
    77,
    78,
    79,
    80,
    81,
    82,
    83,
    84,
    85,
    86,
    87,
    88,
    89,
    90,
    91,
    92,
    93,
    94,
    95,
    96,
    97,
    98,
    99
  ],
  "train_loss": [
    0.39208984375,
    0.15507690608501434,
    0.11008559912443161,
    0.09205114096403122,
    0.07711651176214218,
    0.06982982903718948,
    0.06548556685447693,
    0.06199497729539871,
    0.05934567004442215,
    0.05623863637447357,
    0.054295916110277176,
    0.05223718285560608,
    0.05143172666430473,
    0.05021820217370987,
    0.04862654209136963,
    0.04672207683324814,
    0.04531761258840561,
    0.04421363025903702,
    0.04175940155982971,
    0.04032164439558983,
    0.03987893834710121,
    0.037627361714839935,
    0.03731920197606087,
    0.03512648120522499,
    0.03292997553944588,
    0.03123171627521515,
    0.03007756732404232,
    0.029523886740207672,
    0.028647897765040398,
    0.028619656339287758,
    0.028344225138425827,
    0.026795683428645134,
    0.025302821770310402,
    0.024658825248479843,
    0.0246590543538332,
    0.02371077612042427,
    0.02369372919201851,
    0.02291594073176384,
    0.02207949012517929,
    0.02175120636820793,
    0.02133374847471714,
    0.02128991112112999,
    0.020904190838336945,
    0.019697438925504684,
    0.019564088433980942,
    0.0192762091755867,
    0.018900273367762566,
    0.019017601385712624,
    0.018303290009498596,
    0.018244635313749313,
    0.01767815835773945,
    0.01738147810101509,
    0.017630048096179962,
    0.017482098191976547,
    0.017267106100916862,
    0.016412749886512756,
    0.016135314479470253,
    0.015772826969623566,
    0.015649747103452682,
    0.015374090522527695,
    0.015201995149254799,
    0.014247933402657509,
    0.015167614445090294,
    0.014455635100603104,
    0.014685559086501598,
    0.014168288558721542,
    0.01436662394553423,
    0.014448157511651516,
    0.014482744969427586,
    0.014278966933488846,
    0.013262257911264896,
    0.013218458741903305,
    0.013520708307623863,
    0.013469794765114784,
    0.013206754811108112,
    0.012688057497143745,
    0.013309650123119354,
    0.01303663570433855,
    0.012221110984683037,
    0.012456783093512058,
    0.012422940693795681,
    0.012044180184602737,
    0.01198391430079937,
    0.011823448352515697,
    0.012051910161972046,
    0.012397658079862595,
    0.012822152115404606,
    0.012152609415352345,
    0.011476092040538788,
    0.011425665579736233,
    0.011497760191559792,
    0.011126368306577206,
    0.011159124784171581,
    0.011258437298238277,
    0.010935748927295208,
    0.010873671621084213,
    0.010981984436511993,
    0.010814405977725983,
    0.010984372347593307,
    0.011296730488538742
  ],
  "val_loss": [
    1.5291721820831299,
    0.1658351868391037,
    0.1096128523349762,
    0.09359245002269745,
    0.0787448137998581,
    0.06827559322118759,
    0.06251409649848938,
    0.06130828708410263,
    0.05749501660466194,
    0.056409645825624466,
    0.0559920072555542,
    0.053648967295885086,
    0.05196019262075424,
    0.050914838910102844,
    0.05037219822406769,
    0.04851983115077019,
    0.04642524570226669,
    0.045376647263765335,
    0.04315028339624405,
    0.04031185805797577,
    0.04032054543495178,
    0.03724168241024017,
    0.0370354950428009,
    0.03245699033141136,
    0.03047541156411171,
    0.02857344225049019,
    0.028330357745289803,
    0.025776457041502,
    0.024330224841833115,
    0.025047602131962776,
    0.026046566665172577,
    0.022746441885828972,
    0.021281324326992035,
    0.02090863697230816,
    0.020601462572813034,
    0.02057124860584736,
    0.01890728995203972,
    0.01830422319471836,
    0.02023516595363617,
    0.01648162491619587,
    0.017765188589692116,
    0.01653418503701687,
    0.015533092431724072,
    0.014867406338453293,
    0.014875127002596855,
    0.01582390069961548,
    0.01659279130399227,
    0.013929133303463459,
    0.013811272569000721,
    0.014208454638719559,
    0.013731547631323338,
    0.013472070917487144,
    0.011827620677649975,
    0.011485240422189236,
    0.013959772884845734,
    0.013162347488105297,
    0.012113500386476517,
    0.010945174843072891,
    0.010341841727495193,
    0.012193236500024796,
    0.011086906306445599,
    0.012407795526087284,
    0.011386169120669365,
    0.010763058438897133,
    0.009857647120952606,
    0.009954052977263927,
    0.01338603813201189,
    0.00961923785507679,
    0.01146913506090641,
    0.012324393726885319,
    0.009510496631264687,
    0.009191252291202545,
    0.00920939538627863,
    0.010012391023337841,
    0.010039780288934708,
    0.00925796665251255,
    0.010601409710943699,
    0.009676125831902027,
    0.008633816614747047,
    0.008308565244078636,
    0.009729449637234211,
    0.008379794657230377,
    0.008714045397937298,
    0.010146540589630604,
    0.00904710404574871,
    0.008216988295316696,
    0.011413016356527805,
    0.008153567090630531,
    0.00925193727016449,
    0.008119468577206135,
    0.007512482348829508,
    0.008174467831850052,
    0.008059765212237835,
    0.007480341009795666,
    0.007711595389991999,
    0.007560991682112217,
    0.008049470372498035,
    0.008276321925222874,
    0.007890674285590649,
    0.008243568241596222,
    0.008468530140817165
  ],
  "stopped_epoch": 100
}