{
  "epochs_recorded": [
    0,
    1,
    2,
    3,
    4,
    5,
    6,
    7,
    8,
    9,
    10,
    11,
    12,
    13,
    14,
    15,
    16,
    17
  ],
  "train_loss": [
    0.590186357498169,
    0.5259246826171875,
    0.492668479681015,
    0.48728302121162415,
    0.4723396301269531,
    0.5375317335128784,
    0.4958497881889343,
    0.5053819417953491,
    0.49250519275665283,
    0.5310372114181519,
    0.513191282749176,
    0.5050073862075806,
    0.5153747200965881,
    0.505644679069519,
    0.5090673565864563,
    0.5222868323326111,
    0.5138344764709473,
    0.5250658392906189
  ],
  "val_loss": [
    0.5067847371101379,
    0.18669019639492035,
    0.19147786498069763,
    0.12657585740089417,
    0.09291485697031021,
    0.21801425516605377,
    0.07049045711755753,
    0.06467835605144501,
    0.057949572801589966,
    0.06602659076452255,
    0.07830742001533508,
    0.06729248911142349,
    0.07397545129060745,
    0.060406263917684555,
    0.06877052038908005,
    0.07696854323148727,
    0.0696280300617218,
    0.07467975467443466,
    0.07535479217767715
  ],
  "stopped_epoch": 18
}