{
  "epochs_recorded": [
    0,
    1,
    2,
    3,
    4,
    5,
    6,
    7,
    8,
    9,
    10,
    11,
    12,
    13,
    14,
    15
  ],
  "train_loss": [
    0.279715359210968,
    0.11941508948802948,
    0.0766182541847229,
    0.06741131097078323,
    0.06535875797271729,
    0.06213301047682762,
    0.06190925091505051,
    0.06066923215985298,
    0.06052123010158539,
    0.058175984770059586,
    0.05501725524663925,
    0.054335661232471466,
    0.05384431034326553,
    0.05487358942627907,
    0.05322400480508804,
    0.05458186939358711
  ],
  "val_loss": [
    0.7546430826187134,
    0.11410921812057495,
    0.06503235548734665,
    0.05822842940688133,
    0.05357714742422104,
    0.05305305868387222,
    0.05256591737270355,
    0.057057179510593414,
    0.06558258831501007,
    0.060190971940755844,
    0.0595284067094326,
    0.05728330463171005,
    0.06151769310235977,
    0.10177943110466003,
    0.06423135846853256,
    0.07682705670595169,
    0.09009929746389389
  ],
  "stopped_epoch": 16
}