{
  "epochs_recorded": [
    0,
    1,
    2,
    3,
    4,
    5,
    6,
    7,
    8,
    9,
    10,
    11,
    12,
    13,
    14,
    15,
    16,
    17,
    18,
    19,
    20,
    21,
    22,
    23,
    24,
    25,
    26,
    27,
    28,
    29,
    30,
    31,
    32,
    33,
    34,
    35,
    36,
    37,
    38,
    39,
    40,
    41,
    42,
    43,
    44,
    45,
    46,
    47,
    48,
    49,
    50,
    51,
    52,
    53,
    54,
    55,
    56,
    57,
    58,
    59,
    60,
    61,
    62,
    63,
    64,
    65,
    66,
    67,
    68,
    69,
    70,
    71,
    72,
    73,
    74,
    75,
    76,
    77
  ],
  "train_loss": [
    0.3918478488922119,
    0.24532783031463623,
    0.2355746626853943,
    0.15383431315422058,
    0.10242237895727158,
    0.07921102643013,
    0.07092607766389847,
    0.06761237233877182,
    0.06791216135025024,
    0.06300126761198044,
    0.062048960477113724,
    0.05719912424683571,
    0.05282168462872505,
    0.051566414535045624,
    0.046244896948337555,
    0.041967082768678665,
    0.04035192355513573,
    0.039623893797397614,
    0.03979112207889557,
    0.037683650851249695,
    0.03799198195338249,
    0.03398437798023224,
    0.030523033812642097,
    0.030972037464380264,
    0.024392325431108475,
    0.02074570208787918,
    0.022233981639146805,
    0.020767876878380775,
    0.02185998111963272,
    0.025844546034932137,
    0.019077755510807037,
    0.016109948977828026,
    0.016021860763430595,
    0.015363508835434914,
    0.014918094500899315,
    0.01542127225548029,
    0.013516510836780071,
    0.013270538300275803,
    0.01438756100833416,
    0.01288425363600254,
    0.012995417229831219,
    0.01415332593023777,
    0.013538227416574955,
    0.013961080461740494,
    0.014033753424882889,
    0.012522352859377861,
    0.010881075635552406,
    0.010798248462378979,
    0.010128959082067013,
    0.010054287500679493,
    0.009407875128090382,
    0.010981930419802666,
    0.00970974937081337,
    0.009466271847486496,
    0.009513846598565578,
    0.009998790919780731,
    0.010359549894928932,
    0.01006915420293808,
    0.00904994085431099,
    0.008366674184799194,
    0.008234263397753239,
    0.008294077590107918,
    0.007593272719532251,
    0.007865038700401783,
    0.008374854922294617,
    0.007595521863549948,
    0.00805992167443037,
    0.006935423705726862,
    0.00797076802700758,
    0.007125265430659056,
    0.007229724433273077,
    0.007810740265995264,
    0.00820351392030716,
    0.008273232728242874,
    0.006814709864556789,
    0.00741106690838933,
    0.006805222015827894,
    0.006497995462268591
  ],
  "val_loss": [
    1.5266685485839844,
    0.23716697096824646,
    0.24337483942508698,
    0.20685100555419922,
    0.13474725186824799,
    0.08545663207769394,
    0.07569317519664764,
    0.06847420334815979,
    0.0732647106051445,
    0.06931159645318985,
    0.06544054299592972,
    0.06814415007829666,
    0.06288471817970276,
    0.0562286339700222,
    0.055024899542331696,
    0.05039720982313156,
    0.04556729272007942,
    0.04239165782928467,
    0.04174826666712761,
    0.04140925034880638,
    0.042706504464149475,
    0.03887496143579483,
    0.037899795919656754,
    0.029370535165071487,
    0.025995351374149323,
    0.021083049476146698,
    0.02160690352320671,
    0.02149510197341442,
    0.021445443853735924,
    0.02554425224661827,
    0.02012886479496956,
    0.019469257444143295,
    0.015506207942962646,
    0.014975580386817455,
    0.016373371705412865,
    0.015822740271687508,
    0.013976178131997585,
    0.014400256797671318,
    0.01577092334628105,
    0.013847004622220993,
    0.012893659994006157,
    0.013446143828332424,
    0.013294062577188015,
    0.015030542388558388,
    0.017264897003769875,
    0.01367566455155611,
    0.010791621170938015,
    0.00945957750082016,
    0.010947317816317081,
    0.009120828472077847,
    0.00985011924058199,
    0.010842974297702312,
    0.010683269239962101,
    0.009643735364079475,
    0.009117892943322659,
    0.01013878546655178,
    0.008641242049634457,
    0.012029388919472694,
    0.008019447326660156,
    0.008946288377046585,
    0.008451265282928944,
    0.007917135022580624,
    0.007634740322828293,
    0.00822892040014267,
    0.009407629258930683,
    0.007693823426961899,
    0.008115183562040329,
    0.007532483898103237,
    0.006587788928300142,
    0.008369619026780128,
    0.00669934693723917,
    0.007353247608989477,
    0.008134108036756516,
    0.008540457114577293,
    0.007159946486353874,
    0.0066512697376310825,
    0.007189024705439806,
    0.00758752878755331,
    0.006800419185310602
  ],
  "stopped_epoch": 78
}