{
  "epochs_recorded": [
    0,
    1,
    2,
    3,
    4,
    5,
    6,
    7,
    8,
    9,
    10,
    11,
    12,
    13,
    14,
    15,
    16,
    17,
    18,
    19,
    20,
    21,
    22,
    23,
    24,
    25,
    26,
    27,
    28,
    29,
    30,
    31,
    32,
    33,
    34
  ],
  "train_loss": [
    1.6179232597351074,
    1.0471917390823364,
    0.7586323022842407,
    0.697206974029541,
    0.6367800235748291,
    0.6338234543800354,
    0.6074588298797607,
    0.5559792518615723,
    0.563549816608429,
    0.6680027842521667,
    0.6090331673622131,
    0.5943669080734253,
    0.5473904013633728,
    0.5972313284873962,
    0.5175580382347107,
    0.4986335039138794,
    0.49728265404701233,
    0.5070722103118896,
    0.5055460929870605,
    0.5048112869262695,
    0.490139365196228,
    0.5188731551170349,
    0.6934760212898254,
    0.49459564685821533,
    0.5010510087013245,
    0.5077250599861145,
    0.4840869903564453,
    0.4934898912906647,
    0.4814755916595459,
    0.48471957445144653,
    0.49255767464637756,
    0.47706419229507446,
    0.47893327474594116,
    0.4930156171321869,
    0.4764234721660614
  ],
  "val_loss": [
    0.686033308506012,
    5.031832218170166,
    5.812870025634766,
    1.5064725875854492,
    0.4051562547683716,
    0.5715611577033997,
    0.6927318572998047,
    1.3001525402069092,
    0.21988414227962494,
    0.29839596152305603,
    0.17414897680282593,
    0.15415897965431213,
    0.11319595575332642,
    0.12271425127983093,
    0.07933426648378372,
    0.10068221390247345,
    0.07515593618154526,
    0.06870920956134796,
    0.061423853039741516,
    0.05312260612845421,
    0.06777889281511307,
    0.057005882263183594,
    0.053678568452596664,
    0.05572675168514252,
    0.05107363685965538,
    0.05044858530163765,
    0.05374493449926376,
    0.050941601395606995,
    0.05135863274335861,
    0.05096929520368576,
    0.05719086527824402,
    0.05573584511876106,
    0.05126870051026344,
    0.05170511081814766,
    0.05248015373945236,
    0.10036130994558334
  ],
  "stopped_epoch": 35
}