{
  "epochs_recorded": [
    0,
    1,
    2,
    3,
    4,
    5,
    6,
    7,
    8,
    9,
    10,
    11,
    12,
    13,
    14,
    15,
    16,
    17,
    18,
    19,
    20,
    21,
    22,
    23,
    24,
    25,
    26,
    27,
    28,
    29,
    30,
    31,
    32,
    33,
    34,
    35,
    36,
    37,
    38,
    39,
    40,
    41,
    42,
    43,
    44,
    45,
    46,
    47,
    48,
    49,
    50,
    51,
    52,
    53,
    54
  ],
  "train_loss": [
    0.779872715473175,
    0.24140025675296783,
    0.22916270792484283,
    0.19486325979232788,
    0.12528729438781738,
    0.10878487676382065,
    0.0866839811205864,
    0.07999476045370102,
    0.07616941630840302,
    0.0720444768667221,
    0.06918902695178986,
    0.06565174460411072,
    0.0650283545255661,
    0.06328795105218887,
    0.05530887097120285,
    0.05276067182421684,
    0.04574458301067352,
    0.04346947744488716,
    0.039468538016080856,
    0.04139922931790352,
    0.04104042425751686,
    0.038900021463632584,
    0.03547186776995659,
    0.034754686057567596,
    0.034255772829055786,
    0.03684459999203682,
    0.034671470522880554,
    0.03438018634915352,
    0.033752501010894775,
    0.03402979299426079,
    0.03306329622864723,
    0.03234531730413437,
    0.031678419560194016,
    0.03130544349551201,
    0.031775232404470444,
    0.033149078488349915,
    0.03155316412448883,
    0.03099740296602249,
    0.03197627142071724,
    0.031005091965198517,
    0.030669359490275383,
    0.03100997395813465,
    0.03135690838098526,
    0.03124760091304779,
    0.030471503734588623,
    0.03076791763305664,
    0.03156478330492973,
    0.031125715002417564,
    0.030053656548261642,
    0.03122381493449211,
    0.03080229088664055,
    0.031315017491579056,
    0.02994806133210659,
    0.029859986156225204,
    0.030447514727711678
  ],
  "val_loss": [
    0.6770488619804382,
    0.2528023421764374,
    0.2211926281452179,
    0.2155303955078125,
    0.13834521174430847,
    0.10872957110404968,
    0.0932052731513977,
    0.08070030808448792,
    0.0781005322933197,
    0.07330156862735748,
    0.07117024064064026,
    0.06502539664506912,
    0.0665888711810112,
    0.07055862247943878,
    0.05906425788998604,
    0.05647805333137512,
    0.052009936422109604,
    0.04415580630302429,
    0.04065527021884918,
    0.03576292097568512,
    0.04025312513113022,
    0.036964692175388336,
    0.04429824277758598,
    0.03351234272122383,
    0.03326006233692169,
    0.03211214393377304,
    0.03273139148950577,
    0.03225059434771538,
    0.031219182536005974,
    0.03504563868045807,
    0.031327057629823685,
    0.031177591532468796,
    0.030647113919258118,
    0.031490180641412735,
    0.029642000794410706,
    0.030900169163942337,
    0.0323650985956192,
    0.029992233961820602,
    0.036095503717660904,
    0.032329704612493515,
    0.02948518469929695,
    0.028114980086684227,
    0.028503835201263428,
    0.030376382172107697,
    0.02849821001291275,
    0.027841603383421898,
    0.029305333271622658,
    0.029199257493019104,
    0.030162600800395012,
    0.02802099473774433,
    0.02918977476656437,
    0.02926122583448887,
    0.02876368537545204,
    0.028528885915875435,
    0.030053503811359406,
    0.028758592903614044
  ],
  "stopped_epoch": 55
}