{
  "epochs_recorded": [
    0,
    1,
    2,
    3,
    4,
    5,
    6,
    7,
    8,
    9,
    10,
    11,
    12,
    13,
    14,
    15,
    16,
    17,
    18,
    19,
    20
  ],
  "train_loss": [
    0.2231873720884323,
    0.12063394486904144,
    0.08006852865219116,
    0.07171912491321564,
    0.0663735643029213,
    0.06464562565088272,
    0.0608343780040741,
    0.0596151128411293,
    0.05828593298792839,
    0.05753733217716217,
    0.05547982081770897,
    0.055601149797439575,
    0.05488232150673866,
    0.05275784060359001,
    0.05280322954058647,
    0.05216550454497337,
    0.05094732344150543,
    0.051322583109140396,
    0.050194092094898224,
    0.04914938285946846,
    0.04957767575979233
  ],
  "val_loss": [
    0.517284095287323,
    0.12333988398313522,
    0.058451876044273376,
    0.053717777132987976,
    0.049885738641023636,
    0.04747066646814346,
    0.04813728481531143,
    0.04853597655892372,
    0.0483894981443882,
    0.04936781898140907,
    0.04812062159180641,
    0.047078460454940796,
    0.05103311687707901,
    0.054818328469991684,
    0.054322946816682816,
    0.06093888729810715,
    0.06450115144252777,
    0.06186286360025406,
    0.05796096846461296,
    0.06601586192846298,
    0.06745591014623642,
    0.06691377609968185
  ],
  "stopped_epoch": 21
}