{
  "epochs_recorded": [
    0,
    1,
    2,
    3,
    4,
    5,
    6,
    7,
    8,
    9,
    10,
    11,
    12,
    13,
    14,
    15,
    16,
    17,
    18,
    19,
    20,
    21,
    22,
    23,
    24,
    25,
    26,
    27,
    28,
    29,
    30,
    31,
    32,
    33,
    34,
    35,
    36,
    37,
    38,
    39,
    40,
    41,
    42,
    43,
    44,
    45,
    46,
    47,
    48,
    49,
    50,
    51,
    52,
    53,
    54,
    55,
    56,
    57,
    58,
    59,
    60,
    61,
    62,
    63,
    64,
    65,
    66,
    67,
    68,
    69,
    70,
    71,
    72,
    73,
    74,
    75,
    76,
    77,
    78,
    79,
    80,
    81,
    82,
    83,
    84,
    85,
    86,
    87,
    88,
    89,
    90,
    91,
    92,
    93,
    94,
    95,
    96
  ],
  "train_loss": [
    1.1811301708221436,
    0.2251051664352417,
    0.2090843766927719,
    0.20795829594135284,
    0.20469947159290314,
    0.2030147761106491,
    0.20370079576969147,
    0.20614707469940186,
    0.20425748825073242,
    0.21557079255580902,
    0.20145295560359955,
    0.20172439515590668,
    0.21052509546279907,
    0.2043701708316803,
    0.20064638555049896,
    0.14297360181808472,
    0.06825781613588333,
    0.05548723042011261,
    0.05056551471352577,
    0.04647073894739151,
    0.0422389879822731,
    0.03974450007081032,
    0.038039155304431915,
    0.039269622415304184,
    0.03379371389746666,
    0.032059915363788605,
    0.03288978338241577,
    0.030280455946922302,
    0.027715535834431648,
    0.02588334120810032,
    0.02787134423851967,
    0.027220530435442924,
    0.02508704364299774,
    0.022282922640442848,
    0.020390793681144714,
    0.019330065697431564,
    0.0175025537610054,
    0.019017107784748077,
    0.018405821174383163,
    0.01689634658396244,
    0.016220616176724434,
    0.016969190910458565,
    0.016848314553499222,
    0.015845926478505135,
    0.014726724475622177,
    0.013187937438488007,
    0.01535338256508112,
    0.014247972518205643,
    0.014393818564713001,
    0.017930399626493454,
    0.014868536032736301,
    0.014546475373208523,
    0.013984225690364838,
    0.013923415914177895,
    0.013897665776312351,
    0.012838019989430904,
    0.013483286835253239,
    0.012461605481803417,
    0.014624780043959618,
    0.013646204024553299,
    0.012611690908670425,
    0.01298416219651699,
    0.015597667545080185,
    0.013953161425888538,
    0.012252787128090858,
    0.011975178495049477,
    0.011911476962268353,
    0.013016986660659313,
    0.013357359915971756,
    0.011838741600513458,
    0.013045055791735649,
    0.014307106845080853,
    0.011969797313213348,
    0.012049796991050243,
    0.014563010074198246,
    0.012937759049236774,
    0.013292010873556137,
    0.012895379215478897,
    0.013329931534826756,
    0.012917628511786461,
    0.012383069843053818,
    0.01306136604398489,
    0.01205048430711031,
    0.011652716435492039,
    0.012608622200787067,
    0.011368080042302608,
    0.01145078893750906,
    0.011690743267536163,
    0.01427378784865141,
    0.012701528146862984,
    0.01188598945736885,
    0.012343392707407475,
    0.013516341336071491,
    0.012931320816278458,
    0.012009121477603912,
    0.011946721002459526,
    0.013106775470077991
  ],
  "val_loss": [
    0.254098117351532,
    0.22547423839569092,
    0.19800704717636108,
    0.1757349818944931,
    0.1811225712299347,
    0.1777835637331009,
    0.1791175901889801,
    0.19660621881484985,
    0.182999387383461,
    0.19718578457832336,
    0.17607389390468597,
    0.17636846005916595,
    0.17534403502941132,
    0.183843731880188,
    0.17492613196372986,
    0.16486965119838715,
    0.09759195148944855,
    0.06890533864498138,
    0.050346072763204575,
    0.050546471029520035,
    0.042805470526218414,
    0.036391571164131165,
    0.03654924035072327,
    0.03904285654425621,
    0.03657479211688042,
    0.030733050778508186,
    0.028399774804711342,
    0.02854633331298828,
    0.02936822921037674,
    0.02400916814804077,
    0.025244472548365593,
    0.02728860080242157,
    0.025377623736858368,
    0.022541193291544914,
    0.02179517038166523,
    0.017250530421733856,
    0.017130455002188683,
    0.01745796948671341,
    0.016012607142329216,
    0.019082317128777504,
    0.017424307763576508,
    0.01462362427264452,
    0.021685300394892693,
    0.01422303169965744,
    0.01408920157700777,
    0.01355308573693037,
    0.01434116717427969,
    0.014722409658133984,
    0.012042966671288013,
    0.01487241592258215,
    0.01700352318584919,
    0.013298222795128822,
    0.012079966254532337,
    0.01239882130175829,
    0.015513790771365166,
    0.011463215574622154,
    0.012733157724142075,
    0.011364058591425419,
    0.017647093161940575,
    0.01341745350509882,
    0.013666476123034954,
    0.011018281802535057,
    0.01363062858581543,
    0.016157476231455803,
    0.012983372434973717,
    0.012738392688333988,
    0.010828671045601368,
    0.01331645529717207,
    0.014679867774248123,
    0.011329113505780697,
    0.010969988070428371,
    0.012869948521256447,
    0.012513590976595879,
    0.011517493985593319,
    0.011949770152568817,
    0.014976417645812035,
    0.010671593248844147,
    0.011570433154702187,
    0.011393069289624691,
    0.014549514278769493,
    0.011356157250702381,
    0.011538312770426273,
    0.011937054805457592,
    0.01204889640212059,
    0.011483087204396725,
    0.01147274300456047,
    0.010503862984478474,
    0.010374887846410275,
    0.011106213554739952,
    0.013800547458231449,
    0.010778519324958324,
    0.014498647302389145,
    0.011152216233313084,
    0.015035680495202541,
    0.013092483393847942,
    0.011419454589486122,
    0.012308861128985882,
    0.012486327439546585
  ],
  "stopped_epoch": 97
}