{
  "epochs_recorded": [
    0,
    1,
    2,
    3,
    4,
    5,
    6,
    7,
    8,
    9,
    10,
    11,
    12,
    13,
    14,
    15,
    16,
    17,
    18,
    19,
    20,
    21,
    22,
    23,
    24,
    25,
    26,
    27,
    28,
    29,
    30,
    31,
    32,
    33,
    34,
    35,
    36,
    37,
    38,
    39,
    40,
    41,
    42,
    43,
    44,
    45,
    46,
    47,
    48,
    49,
    50,
    51,
    52,
    53,
    54,
    55,
    56
  ],
  "train_loss": [
    23.544958114624023,
    1.3572882413864136,
    0.4012722373008728,
    0.31375375390052795,
    0.28890320658683777,
    0.2784883975982666,
    0.26632699370384216,
    0.2618344724178314,
    0.2591668367385864,
    0.25436076521873474,
    0.252346396446228,
    0.2511492073535919,
    0.24964112043380737,
    0.2467087209224701,
    0.24645642936229706,
    0.24533188343048096,
    0.24604761600494385,
    0.24690642952919006,
    0.24335695803165436,
    0.2429056614637375,
    0.24468940496444702,
    0.24295513331890106,
    0.24053439497947693,
    0.24258621037006378,
    0.24298183619976044,
    0.24326732754707336,
    0.24273370206356049,
    0.24346044659614563,
    0.24139133095741272,
    0.24417561292648315,
    0.24191810190677643,
    0.24353379011154175,
    0.24019527435302734,
    0.24252565205097198,
    0.24213379621505737,
    0.2413962483406067,
    0.2415393590927124,
    0.24142464995384216,
    0.2418832629919052,
    0.2414015233516693,
    0.24339690804481506,
    0.24061566591262817,
    0.2400997281074524,
    0.24017830193042755,
    0.23987026512622833,
    0.24146807193756104,
    0.24001115560531616,
    0.24342699348926544,
    0.24363720417022705,
    0.24172918498516083,
    0.23930320143699646,
    0.23948055505752563,
    0.23934349417686462,
    0.23954610526561737,
    0.2406986951828003,
    0.24342326819896698,
    0.24202491343021393
  ],
  "val_loss": [
    2.4587903022766113,
    3.728105068206787,
    1.2491707801818848,
    0.6269567608833313,
    0.6239067912101746,
    0.39795753359794617,
    0.4143337309360504,
    0.4054289758205414,
    0.31967005133628845,
    0.384845495223999,
    0.32620787620544434,
    0.323385089635849,
    0.32947251200675964,
    0.31449979543685913,
    0.3125910758972168,
    0.30052027106285095,
    0.282717764377594,
    0.2584507167339325,
    0.2844022512435913,
    0.2776833474636078,
    0.255038321018219,
    0.2471095621585846,
    0.24565348029136658,
    0.2604474723339081,
    0.27354109287261963,
    0.23475120961666107,
    0.2524329721927643,
    0.257744699716568,
    0.24753089249134064,
    0.25177115201950073,
    0.2396136075258255,
    0.2499733716249466,
    0.23450885713100433,
    0.2375486046075821,
    0.24147029221057892,
    0.23832334578037262,
    0.24640607833862305,
    0.22771960496902466,
    0.24272654950618744,
    0.2360982745885849,
    0.2500571608543396,
    0.2390567660331726,
    0.23061925172805786,
    0.23648324608802795,
    0.23558984696865082,
    0.23178893327713013,
    0.23250612616539001,
    0.22770781815052032,
    0.26058435440063477,
    0.23367252945899963,
    0.23600426316261292,
    0.23208793997764587,
    0.22966228425502777,
    0.22915783524513245,
    0.23284722864627838,
    0.2292001098394394,
    0.23763588070869446,
    0.22821053862571716
  ],
  "stopped_epoch": 57
}