{
  "epochs_recorded": [
    0,
    1,
    2,
    3,
    4,
    5,
    6,
    7,
    8,
    9,
    10,
    11,
    12,
    13,
    14,
    15,
    16,
    17,
    18
  ],
  "train_loss": [
    0.2504950761795044,
    0.10021274536848068,
    0.09399016201496124,
    0.09211871027946472,
    0.08991655707359314,
    0.09219641983509064,
    0.09102687239646912,
    0.08987902849912643,
    0.09139714390039444,
    0.09501316398382187,
    0.09109295904636383,
    0.09138114750385284,
    0.0916876569390297,
    0.09078659117221832,
    0.08951060473918915,
    0.08949653804302216,
    0.09288681298494339,
    0.09020090848207474,
    0.09078424423933029
  ],
  "val_loss": [
    1.518276572227478,
    0.10645689815282822,
    0.0958431139588356,
    0.09118322283029556,
    0.09477695822715759,
    0.08857935667037964,
    0.09630607813596725,
    0.09121213853359222,
    0.08760794997215271,
    0.08552118390798569,
    0.09541549533605576,
    0.08762814849615097,
    0.08749900013208389,
    0.08697009086608887,
    0.09342669695615768,
    0.08993551880121231,
    0.08603327721357346,
    0.08664434403181076,
    0.0933818444609642,
    0.09060318022966385
  ],
  "stopped_epoch": 19
}