{
  "epochs_recorded": [
    0,
    1,
    2,
    3,
    4,
    5,
    6,
    7,
    8,
    9,
    10,
    11,
    12,
    13,
    14
  ],
  "train_loss": [
    0.9044345021247864,
    0.5401210188865662,
    0.5332071781158447,
    0.47984009981155396,
    0.4752909541130066,
    0.4763328433036804,
    0.46783819794654846,
    0.4835881292819977,
    0.48716872930526733,
    0.4765324592590332,
    0.46552854776382446,
    0.4936795234680176,
    0.45012685656547546,
    0.4492366313934326,
    0.45336565375328064
  ],
  "val_loss": [
    3.5109996795654297,
    1.0483384132385254,
    1.1635359525680542,
    0.47228482365608215,
    0.24861758947372437,
    0.17756593227386475,
    0.2295258343219757,
    0.49272337555885315,
    1.0818954706192017,
    1.7024602890014648,
    1.7515552043914795,
    1.6153644323349,
    1.3237048387527466,
    1.10776948928833,
    0.8475933074951172,
    0.5551363229751587
  ],
  "stopped_epoch": 15
}