{
  "epochs_recorded": [
    0,
    1,
    2,
    3,
    4,
    5,
    6,
    7,
    8,
    9,
    10,
    11,
    12,
    13,
    14,
    15,
    16,
    17,
    18,
    19,
    20,
    21,
    22,
    23,
    24,
    25,
    26,
    27,
    28,
    29,
    30
  ],
  "train_loss": [
    0.23916181921958923,
    0.13413357734680176,
    0.07130859047174454,
    0.05313359200954437,
    0.04680418595671654,
    0.04437420517206192,
    0.04131953418254852,
    0.039154957979917526,
    0.03775875270366669,
    0.037097230553627014,
    0.03545933589339256,
    0.03484109044075012,
    0.034029990434646606,
    0.0324832908809185,
    0.03272255137562752,
    0.03227415680885315,
    0.0326572023332119,
    0.03154706582427025,
    0.03099104017019272,
    0.03214432671666145,
    0.032295599579811096,
    0.030516717582941055,
    0.030840856954455376,
    0.03002230077981949,
    0.029807575047016144,
    0.029975956305861473,
    0.03007359988987446,
    0.03043363243341446,
    0.029416000470519066,
    0.028915420174598694,
    0.029235752299427986
  ],
  "val_loss": [
    0.596150815486908,
    0.14474008977413177,
    0.0653691440820694,
    0.04028312861919403,
    0.037332937121391296,
    0.03380841389298439,
    0.032266758382320404,
    0.03357160836458206,
    0.03257778659462929,
    0.03213103115558624,
    0.03055552951991558,
    0.03276509791612625,
    0.029007256031036377,
    0.03102520853281021,
    0.03283992037177086,
    0.028653444722294807,
    0.02969476208090782,
    0.029996711760759354,
    0.032092947512865067,
    0.029381604865193367,
    0.03001236356794834,
    0.027094244956970215,
    0.03091493993997574,
    0.029351966455578804,
    0.028196124359965324,
    0.027448775246739388,
    0.028450027108192444,
    0.029198674485087395,
    0.0294678695499897,
    0.028270859271287918,
    0.02713053859770298,
    0.02813952974975109
  ],
  "stopped_epoch": 31
}