{
  "epochs_recorded": [
    0,
    1,
    2,
    3,
    4,
    5,
    6,
    7,
    8,
    9,
    10,
    11,
    12,
    13,
    14,
    15,
    16,
    17,
    18,
    19,
    20,
    21,
    22,
    23,
    24,
    25,
    26,
    27
  ],
  "train_loss": [
    0.9624493718147278,
    0.7582961320877075,
    0.6238753795623779,
    0.5834746956825256,
    0.6155487895011902,
    0.5900230407714844,
    0.5814172625541687,
    0.5906974077224731,
    0.5537232160568237,
    0.5984799265861511,
    0.5707204341888428,
    0.5473050475120544,
    0.5597900748252869,
    0.566291868686676,
    0.5321937799453735,
    0.5390889644622803,
    0.5285513997077942,
    0.5515769720077515,
    0.5426329970359802,
    0.5487205386161804,
    0.5365606546401978,
    0.5348865985870361,
    0.5229099988937378,
    0.5499866604804993,
    0.5331965684890747,
    0.5316622853279114,
    0.5396814346313477,
    0.5309779644012451
  ],
  "val_loss": [
    1.4798945188522339,
    1.8339767456054688,
    3.035128116607666,
    0.36913254857063293,
    0.10460273921489716,
    0.11934995651245117,
    0.11648175120353699,
    0.12562337517738342,
    0.10743524879217148,
    0.10355720669031143,
    0.10464939475059509,
    0.1021820604801178,
    0.1015743836760521,
    0.11215439438819885,
    0.10589458793401718,
    0.10044925659894943,
    0.10003649443387985,
    0.0990958958864212,
    0.09435611963272095,
    0.09830751270055771,
    0.09597797691822052,
    0.09576160460710526,
    0.09964029490947723,
    0.09584031999111176,
    0.09708389639854431,
    0.09609495848417282,
    0.096468485891819,
    0.09869406372308731,
    0.10055912286043167
  ],
  "stopped_epoch": 28
}