{
  "epochs_recorded": [
    0,
    1,
    2,
    3,
    4,
    5,
    6,
    7,
    8,
    9,
    10,
    11,
    12,
    13,
    14,
    15,
    16,
    17,
    18,
    19,
    20,
    21,
    22,
    23,
    24,
    25,
    26,
    27,
    28,
    29,
    30,
    31,
    32,
    33,
    34,
    35,
    36,
    37,
    38,
    39,
    40,
    41,
    42,
    43,
    44,
    45,
    46,
    47,
    48,
    49,
    50,
    51,
    52,
    53,
    54,
    55,
    56,
    57,
    58,
    59,
    60,
    61,
    62,
    63,
    64,
    65,
    66,
    67,
    68,
    69,
    70,
    71,
    72,
    73,
    74,
    75,
    76,
    77,
    78,
    79,
    80,
    81,
    82,
    83,
    84,
    85,
    86,
    87,
    88,
    89,
    90,
    91,
    92,
    93,
    94,
    95,
    96,
    97,
    98,
    99
  ],
  "train_loss": [
    0.6813716888427734,
    0.2124355435371399,
    0.15241020917892456,
    0.09291457384824753,
    0.06999694555997849,
    0.06043305993080139,
    0.053176164627075195,
    0.05039988458156586,
    0.04804857075214386,
    0.04548158124089241,
    0.042906731367111206,
    0.04171581193804741,
    0.039677903056144714,
    0.03781118243932724,
    0.03657827526330948,
    0.035656217485666275,
    0.03501594439148903,
    0.03270221874117851,
    0.03123902715742588,
    0.03034677729010582,
    0.028977306559681892,
    0.02731313742697239,
    0.026491036638617516,
    0.025441588833928108,
    0.02480064332485199,
    0.02358081378042698,
    0.02356283739209175,
    0.022343654185533524,
    0.021922748535871506,
    0.021571390330791473,
    0.021495044231414795,
    0.021337153390049934,
    0.02083228901028633,
    0.01979975774884224,
    0.020518900826573372,
    0.02043204940855503,
    0.019213538616895676,
    0.019218217581510544,
    0.01889747940003872,
    0.01830054447054863,
    0.018034320324659348,
    0.01753975823521614,
    0.017243485897779465,
    0.017371071502566338,
    0.017063802108168602,
    0.016939401626586914,
    0.016402026638388634,
    0.016475362703204155,
    0.015810292214155197,
    0.01599142700433731,
    0.016422120854258537,
    0.015590688213706017,
    0.015396691858768463,
    0.014824699610471725,
    0.015184423886239529,
    0.01470068097114563,
    0.014503835700452328,
    0.014142138883471489,
    0.014590824022889137,
    0.014306927099823952,
    0.013975037261843681,
    0.013957883231341839,
    0.013906790874898434,
    0.013470297679305077,
    0.013150929473340511,
    0.013182036578655243,
    0.012978827580809593,
    0.01279396191239357,
    0.01300262100994587,
    0.013119901530444622,
    0.013009189628064632,
    0.012492751702666283,
    0.012496281415224075,
    0.011780914850533009,
    0.012756353244185448,
    0.01237949263304472,
    0.012348501943051815,
    0.012559587135910988,
    0.011854414828121662,
    0.012243350967764854,
    0.011994462460279465,
    0.011873352341353893,
    0.011642750352621078,
    0.011160869151353836,
    0.012107747606933117,
    0.011602461338043213,
    0.011486880481243134,
    0.011041262187063694,
    0.010879237204790115,
    0.010939781554043293,
    0.011068707332015038,
    0.011261088773608208,
    0.010985022410750389,
    0.010746650397777557,
    0.011032254435122013,
    0.011047471314668655,
    0.01069651823490858,
    0.010721849277615547,
    0.010512322187423706,
    0.010376662947237492
  ],
  "val_loss": [
    0.6598889827728271,
    0.25134485960006714,
    0.14928777515888214,
    0.09134061634540558,
    0.06251287460327148,
    0.04474882036447525,
    0.04089869186282158,
    0.03647042065858841,
    0.03625015914440155,
    0.03483137488365173,
    0.03241868317127228,
    0.03150208666920662,
    0.029907850548624992,
    0.029262561351060867,
    0.02833675779402256,
    0.02697981335222721,
    0.027300400659441948,
    0.024869408458471298,
    0.023960938677191734,
    0.023320598527789116,
    0.021073726937174797,
    0.019914286211133003,
    0.018820669502019882,
    0.017424326390028,
    0.016408471390604973,
    0.016407718881964684,
    0.01572410762310028,
    0.016278879716992378,
    0.015632659196853638,
    0.014645528979599476,
    0.013736030086874962,
    0.0131582822650671,
    0.013761267997324467,
    0.012758271768689156,
    0.012393027544021606,
    0.012596862390637398,
    0.011487185955047607,
    0.012743868865072727,
    0.010874778963625431,
    0.010959441773593426,
    0.01068530697375536,
    0.010764424689114094,
    0.011078507639467716,
    0.010419631376862526,
    0.009606730192899704,
    0.009972448460757732,
    0.010378335602581501,
    0.009333708323538303,
    0.009923048317432404,
    0.00929037295281887,
    0.009992951527237892,
    0.009505264461040497,
    0.010502597317099571,
    0.009660703130066395,
    0.008886013180017471,
    0.00847659632563591,
    0.008481682278215885,
    0.008660108782351017,
    0.007969469763338566,
    0.008377858437597752,
    0.008925757370889187,
    0.008051055483520031,
    0.00888301245868206,
    0.007580527104437351,
    0.007275813724845648,
    0.008556194603443146,
    0.007817151956260204,
    0.007691451348364353,
    0.009086803533136845,
    0.0070905922912061214,
    0.007088480982929468,
    0.0071471394039690495,
    0.006517103407531977,
    0.006775219459086657,
    0.008107027038931847,
    0.006754583213478327,
    0.006919149309396744,
    0.008349377661943436,
    0.007841680198907852,
    0.0073883188888430595,
    0.006651201285421848,
    0.0071738101541996,
    0.006376712117344141,
    0.0063398731872439384,
    0.006671613547950983,
    0.007281369995325804,
    0.005975112784653902,
    0.005754702724516392,
    0.006545156706124544,
    0.005959444213658571,
    0.005795567762106657,
    0.006138333585113287,
    0.006469399202615023,
    0.0063555180095136166,
    0.005487533751875162,
    0.006333468947559595,
    0.006032848265022039,
    0.005794284865260124,
    0.005501244217157364,
    0.0055834390223026276,
    0.006769276224076748
  ],
  "stopped_epoch": 100
}