{
  "epochs_recorded": [
    0,
    1,
    2,
    3,
    4,
    5,
    6,
    7,
    8,
    9,
    10,
    11,
    12,
    13,
    14,
    15,
    16,
    17,
    18,
    19,
    20,
    21,
    22,
    23,
    24,
    25,
    26,
    27
  ],
  "train_loss": [
    0.9063317775726318,
    0.7801488637924194,
    0.6287226676940918,
    0.566580593585968,
    0.5567619204521179,
    0.5356274247169495,
    0.5401197671890259,
    0.5446962118148804,
    0.5472753047943115,
    0.5608939528465271,
    0.5451271533966064,
    0.5223159790039062,
    0.5239397287368774,
    0.630486011505127,
    0.5691720247268677,
    0.5361407399177551,
    0.5427294373512268,
    0.584796130657196,
    0.5851309299468994,
    0.57724928855896,
    0.5552806854248047,
    0.5531947612762451,
    0.5344300270080566,
    0.5643503665924072,
    0.5675071477890015,
    0.548999011516571,
    0.555782675743103,
    0.5290877819061279
  ],
  "val_loss": [
    0.9605069756507874,
    0.24918445944786072,
    0.22607843577861786,
    0.1848493367433548,
    0.14751523733139038,
    0.12713465094566345,
    0.1386088877916336,
    0.13862620294094086,
    0.12032940983772278,
    0.11980202049016953,
    0.10503773391246796,
    0.10661623626947403,
    0.10600124299526215,
    0.11139143258333206,
    0.26649001240730286,
    0.10791682451963425,
    0.12722553312778473,
    0.12172636389732361,
    0.09992490708827972,
    0.126957505941391,
    0.11142462491989136,
    0.10770563781261444,
    0.1088876947760582,
    0.10946331173181534,
    0.15113987028598785,
    0.10055030882358551,
    0.11054795980453491,
    0.12004821747541428,
    0.12031463533639908
  ],
  "stopped_epoch": 28
}