{
  "epochs_recorded": [
    0,
    1,
    2,
    3,
    4,
    5,
    6,
    7,
    8,
    9,
    10,
    11,
    12,
    13,
    14,
    15,
    16,
    17,
    18,
    19,
    20,
    21,
    22,
    23,
    24,
    25,
    26
  ],
  "train_loss": [
    0.8992249965667725,
    0.6686742901802063,
    0.5954412221908569,
    0.570213258266449,
    0.5522400736808777,
    0.56437087059021,
    0.5665225386619568,
    0.5734179019927979,
    0.5531868934631348,
    0.5727341771125793,
    0.5443956851959229,
    0.5462303161621094,
    0.5145103931427002,
    0.50086510181427,
    0.5466586351394653,
    0.543240487575531,
    0.5207141041755676,
    0.5512415170669556,
    0.5322564840316772,
    0.5315238237380981,
    0.5219833254814148,
    0.5402718186378479,
    0.5325639843940735,
    0.5486301183700562,
    0.529334306716919,
    0.5098862051963806,
    0.5431265830993652
  ],
  "val_loss": [
    2.0075371265411377,
    1.8792273998260498,
    0.3699745535850525,
    0.10363984107971191,
    0.12451270967721939,
    0.09736365079879761,
    0.10336142778396606,
    0.10909672826528549,
    0.1124265193939209,
    0.09356964379549026,
    0.0960688516497612,
    0.09551937133073807,
    0.09693580865859985,
    0.09286512434482574,
    0.09620318561792374,
    0.10991988331079483,
    0.09642116725444794,
    0.08357779681682587,
    0.10088617354631424,
    0.09452494978904724,
    0.1270734667778015,
    0.08867368847131729,
    0.09161345660686493,
    0.10605311393737793,
    0.08702701330184937,
    0.09064969420433044,
    0.09680356085300446,
    0.08941886574029922
  ],
  "stopped_epoch": 27
}