{
  "epochs_recorded": [
    0,
    1,
    2,
    3,
    4,
    5,
    6,
    7,
    8,
    9,
    10,
    11,
    12,
    13,
    14,
    15,
    16,
    17,
    18,
    19,
    20,
    21
  ],
  "train_loss": [
    0.6425518989562988,
    0.6390633583068848,
    0.5392338037490845,
    0.5640849471092224,
    0.5303774476051331,
    0.4754514694213867,
    0.5122984051704407,
    0.489833265542984,
    0.4911412000656128,
    0.5074928402900696,
    0.48917245864868164,
    0.4860461354255676,
    0.5298142433166504,
    0.48761507868766785,
    0.4720087945461273,
    0.49931836128234863,
    0.495413601398468,
    0.45867326855659485,
    0.48683756589889526,
    0.5107990503311157,
    0.5081106424331665,
    0.48784318566322327
  ],
  "val_loss": [
    0.9599176049232483,
    0.09165691584348679,
    0.08531319350004196,
    0.08250094205141068,
    0.08582273125648499,
    0.13538624346256256,
    0.07762619107961655,
    0.07605234533548355,
    0.07239730656147003,
    0.0725736916065216,
    0.24562782049179077,
    0.0709148719906807,
    0.06888923794031143,
    0.08390038460493088,
    0.10201337188482285,
    0.07198698818683624,
    0.072065070271492,
    0.07166360318660736,
    0.07095810770988464,
    0.09167419373989105,
    0.07720920443534851,
    0.11102548241615295,
    0.07967257499694824
  ],
  "stopped_epoch": 22
}