{
  "epochs_recorded": [
    0,
    1,
    2,
    3,
    4,
    5,
    6,
    7,
    8,
    9,
    10,
    11,
    12,
    13,
    14,
    15,
    16,
    17,
    18,
    19,
    20,
    21,
    22,
    23,
    24,
    25,
    26,
    27,
    28,
    29,
    30,
    31,
    32,
    33,
    34,
    35,
    36,
    37,
    38,
    39,
    40,
    41,
    42,
    43,
    44,
    45,
    46,
    47,
    48,
    49,
    50,
    51,
    52,
    53,
    54,
    55,
    56,
    57,
    58,
    59,
    60,
    61,
    62,
    63,
    64,
    65,
    66,
    67,
    68,
    69,
    70,
    71,
    72,
    73,
    74,
    75,
    76,
    77,
    78,
    79,
    80,
    81,
    82,
    83,
    84,
    85,
    86
  ],
  "train_loss": [
    1.5767457485198975,
    0.25275862216949463,
    0.24271826446056366,
    0.2380068153142929,
    0.23695769906044006,
    0.23393666744232178,
    0.22191277146339417,
    0.17948688566684723,
    0.14848728477954865,
    0.12216555327177048,
    0.11040200293064117,
    0.10122616589069366,
    0.09268902987241745,
    0.08518784493207932,
    0.07575685530900955,
    0.07334968447685242,
    0.0678543746471405,
    0.06510646641254425,
    0.05858129635453224,
    0.05764831602573395,
    0.05260240659117699,
    0.04806888476014137,
    0.044459324330091476,
    0.041988492012023926,
    0.04625363275408745,
    0.04148212447762489,
    0.04012206196784973,
    0.04255478456616402,
    0.03939145430922508,
    0.038940418511629105,
    0.03719079867005348,
    0.03990146517753601,
    0.03806561604142189,
    0.034364644438028336,
    0.03724987432360649,
    0.031588997691869736,
    0.03014485351741314,
    0.03080868534743786,
    0.028615599498152733,
    0.030236683785915375,
    0.027943847700953484,
    0.03189203143119812,
    0.02887769229710102,
    0.024646172299981117,
    0.020839668810367584,
    0.020012807101011276,
    0.0158398300409317,
    0.014491024427115917,
    0.013717453926801682,
    0.014662057161331177,
    0.015385747887194157,
    0.013910749927163124,
    0.012230428867042065,
    0.019574616104364395,
    0.015671012923121452,
    0.01353682391345501,
    0.013852770440280437,
    0.01210701186209917,
    0.010047027841210365,
    0.010523497126996517,
    0.01152175385504961,
    0.01775735430419445,
    0.012677570804953575,
    0.011479342356324196,
    0.011784580536186695,
    0.011018757708370686,
    0.011227166280150414,
    0.009403621777892113,
    0.01134865265339613,
    0.011538157239556313,
    0.009825656190514565,
    0.009577158838510513,
    0.010093491524457932,
    0.0096674095839262,
    0.010937850922346115,
    0.010740253143012524,
    0.009493407793343067,
    0.008539369329810143,
    0.01071910746395588,
    0.01011047326028347,
    0.008750859647989273,
    0.007912355475127697,
    0.008425156585872173,
    0.008638872765004635,
    0.008878805674612522,
    0.0076156798750162125,
    0.011486539617180824
  ],
  "val_loss": [
    1.9341703653335571,
    0.2505801320075989,
    0.23615939915180206,
    0.22838905453681946,
    0.22711347043514252,
    0.22555513679981232,
    0.22403258085250854,
    0.20529352128505707,
    0.18755564093589783,
    0.12912751734256744,
    0.11558562517166138,
    0.10993008315563202,
    0.10345049202442169,
    0.08598940074443817,
    0.0801829919219017,
    0.07790157943964005,
    0.07252738624811172,
    0.07947441190481186,
    0.06601416319608688,
    0.07016760855913162,
    0.06512119621038437,
    0.05406802147626877,
    0.05710742622613907,
    0.05001430585980415,
    0.0476498082280159,
    0.051007289439439774,
    0.04604394733905792,
    0.04583160951733589,
    0.04453074559569359,
    0.045493196696043015,
    0.04269333928823471,
    0.05188984423875809,
    0.04584755375981331,
    0.04375894367694855,
    0.04214155673980713,
    0.038590580224990845,
    0.03904419764876366,
    0.03624720126390457,
    0.03779014199972153,
    0.036312781274318695,
    0.0350785106420517,
    0.03361643850803375,
    0.03302085027098656,
    0.031024202704429626,
    0.02904832363128662,
    0.02360665798187256,
    0.02114287205040455,
    0.017374925315380096,
    0.020821809768676758,
    0.01660023257136345,
    0.018238304182887077,
    0.017080435529351234,
    0.015653066337108612,
    0.023354118689894676,
    0.023346906527876854,
    0.016107575967907906,
    0.01536295935511589,
    0.018090402707457542,
    0.012114651501178741,
    0.013982772827148438,
    0.011610573157668114,
    0.023271244019269943,
    0.017011141404509544,
    0.012124206870794296,
    0.012675314210355282,
    0.013555357232689857,
    0.01716107688844204,
    0.01164600346237421,
    0.011591043323278427,
    0.011776438914239407,
    0.011192064732313156,
    0.012264121323823929,
    0.012126628309488297,
    0.010086149908602238,
    0.01072109118103981,
    0.014264529570937157,
    0.012710796669125557,
    0.009499181061983109,
    0.010028324089944363,
    0.012143926694989204,
    0.01239755842834711,
    0.011329355649650097,
    0.009757928550243378,
    0.010050536133348942,
    0.012277650646865368,
    0.00955906417220831,
    0.01272588036954403,
    0.01652899757027626
  ],
  "stopped_epoch": 87
}