{
  "epochs_recorded": [
    0,
    1,
    2,
    3,
    4,
    5,
    6,
    7,
    8,
    9,
    10,
    11,
    12,
    13,
    14,
    15,
    16,
    17,
    18,
    19,
    20,
    21,
    22,
    23,
    24,
    25,
    26,
    27,
    28,
    29,
    30,
    31,
    32,
    33,
    34,
    35,
    36,
    37,
    38,
    39,
    40,
    41,
    42,
    43,
    44,
    45,
    46,
    47,
    48,
    49,
    50,
    51,
    52,
    53,
    54,
    55,
    56,
    57,
    58,
    59,
    60,
    61,
    62,
    63,
    64,
    65,
    66,
    67,
    68,
    69,
    70,
    71,
    72,
    73,
    74,
    75,
    76,
    77,
    78,
    79,
    80,
    81,
    82,
    83,
    84,
    85,
    86,
    87,
    88,
    89,
    90,
    91,
    92,
    93,
    94,
    95,
    96,
    97,
    98,
    99
  ],
  "train_loss": [
    0.2787185609340668,
    0.12105757743120193,
    0.09482255578041077,
    0.08145813643932343,
    0.07441670447587967,
    0.0726209431886673,
    0.0679893046617508,
    0.06742318719625473,
    0.06288418173789978,
    0.06410278379917145,
    0.06405030936002731,
    0.06308171153068542,
    0.06175193935632706,
    0.06319034844636917,
    0.06130576133728027,
    0.06063680350780487,
    0.05851025506854057,
    0.05902966484427452,
    0.05930204316973686,
    0.0585196316242218,
    0.06107185408473015,
    0.0599876269698143,
    0.05870384722948074,
    0.060340844094753265,
    0.05833601951599121,
    0.05858378857374191,
    0.05875058472156525,
    0.05853835493326187,
    0.05813567340373993,
    0.060001440346241,
    0.058127108961343765,
    0.05655401200056076,
    0.056795958429574966,
    0.057355690747499466,
    0.05709942802786827,
    0.055545926094055176,
    0.0551510825753212,
    0.054514702409505844,
    0.05675259232521057,
    0.05618708208203316,
    0.05481157451868057,
    0.054794732481241226,
    0.054989367723464966,
    0.05494661256670952,
    0.05329371616244316,
    0.05406646803021431,
    0.05335165187716484,
    0.05382878705859184,
    0.05205383896827698,
    0.05059656500816345,
    0.04908130317926407,
    0.048908013850450516,
    0.04893946647644043,
    0.04947895556688309,
    0.051353562623262405,
    0.04744308814406395,
    0.049337197095155716,
    0.04902989789843559,
    0.04842511564493179,
    0.048720717430114746,
    0.04932095855474472,
    0.04796411842107773,
    0.04639862850308418,
    0.047388508915901184,
    0.04856976866722107,
    0.04701163247227669,
    0.04729870334267616,
    0.0461612269282341,
    0.04620102047920227,
    0.04674265533685684,
    0.049258992075920105,
    0.04724816977977753,
    0.0449565090239048,
    0.046049054712057114,
    0.04610506445169449,
    0.04404958337545395,
    0.04565729945898056,
    0.04522223398089409,
    0.04563926160335541,
    0.04698628559708595,
    0.04423923417925835,
    0.04414321482181549,
    0.043909378349781036,
    0.044592905789613724,
    0.04575223848223686,
    0.04821741580963135,
    0.04567015543580055,
    0.045197680592536926,
    0.044698335230350494,
    0.04504193738102913,
    0.043714337050914764,
    0.04625362530350685,
    0.04433662071824074,
    0.0445859394967556,
    0.044758521020412445,
    0.04609474167227745,
    0.04424413666129112,
    0.045154377818107605,
    0.04514868184924126,
    0.045409202575683594
  ],
  "val_loss": [
    1.4915974140167236,
    0.1162717267870903,
    0.0983773022890091,
    0.07744241505861282,
    0.07029106467962265,
    0.06475704163312912,
    0.06276308745145798,
    0.06035465747117996,
    0.05935171619057655,
    0.058314066380262375,
    0.05906936526298523,
    0.059619102627038956,
    0.0604427345097065,
    0.06037868559360504,
    0.060474567115306854,
    0.05642550438642502,
    0.05405063182115555,
    0.058209098875522614,
    0.05515957996249199,
    0.05684944614768028,
    0.05562794208526611,
    0.057008322328329086,
    0.05652753263711929,
    0.059353407472372055,
    0.0557546429336071,
    0.05777512118220329,
    0.05258631706237793,
    0.05751992389559746,
    0.053089410066604614,
    0.05157735198736191,
    0.05876423045992851,
    0.053536511957645416,
    0.05324343219399452,
    0.05631927400827408,
    0.05455998331308365,
    0.05084838718175888,
    0.05248534679412842,
    0.05004085600376129,
    0.050730325281620026,
    0.05500618368387222,
    0.0524398572742939,
    0.052052002400159836,
    0.05248229578137398,
    0.052047792822122574,
    0.051933642476797104,
    0.051051631569862366,
    0.04958323389291763,
    0.0534847266972065,
    0.05392996966838837,
    0.05362633243203163,
    0.0443573035299778,
    0.04745805636048317,
    0.04673643410205841,
    0.047337792813777924,
    0.043923672288656235,
    0.045097023248672485,
    0.0449385792016983,
    0.04616489261388779,
    0.05083618313074112,
    0.051207199692726135,
    0.04593772441148758,
    0.045713458210229874,
    0.04275493323802948,
    0.04194078594446182,
    0.04371865838766098,
    0.047091614454984665,
    0.03986159712076187,
    0.043856095522642136,
    0.040040284395217896,
    0.04461444914340973,
    0.04615791141986847,
    0.04581421986222267,
    0.046997442841529846,
    0.04142123833298683,
    0.042394962161779404,
    0.045038528740406036,
    0.03952020779252052,
    0.0397942028939724,
    0.03975626081228256,
    0.03960399329662323,
    0.04173726588487625,
    0.0393262580037117,
    0.03921855613589287,
    0.04161197692155838,
    0.03912608325481415,
    0.03944182023406029,
    0.03997354581952095,
    0.04228498786687851,
    0.04020353779196739,
    0.04619254544377327,
    0.0367804691195488,
    0.04145318642258644,
    0.045796312391757965,
    0.04005581513047218,
    0.04496632143855095,
    0.0386924147605896,
    0.04150339215993881,
    0.03741886466741562,
    0.04165656492114067,
    0.04031962528824806,
    0.0379556380212307
  ],
  "stopped_epoch": 100
}