{
  "epochs_recorded": [
    0,
    1,
    2,
    3,
    4,
    5,
    6,
    7,
    8,
    9,
    10,
    11,
    12,
    13,
    14,
    15,
    16,
    17,
    18,
    19,
    20,
    21,
    22,
    23,
    24,
    25,
    26,
    27,
    28,
    29,
    30,
    31,
    32,
    33,
    34,
    35,
    36,
    37,
    38,
    39
  ],
  "train_loss": [
    0.5408555865287781,
    0.12630918622016907,
    0.08970041573047638,
    0.07577818632125854,
    0.06978362798690796,
    0.06884236633777618,
    0.0664299726486206,
    0.06363869458436966,
    0.06372809410095215,
    0.06214647740125656,
    0.06126927211880684,
    0.05968129634857178,
    0.06054217740893364,
    0.05827527493238449,
    0.05769481137394905,
    0.058093901723623276,
    0.05643702670931816,
    0.05778901278972626,
    0.05806902050971985,
    0.05747019872069359,
    0.05669691041111946,
    0.05649547651410103,
    0.0557573027908802,
    0.05552884191274643,
    0.05569835752248764,
    0.05553678423166275,
    0.05718455836176872,
    0.054985713213682175,
    0.056467555463314056,
    0.05573762580752373,
    0.05526743084192276,
    0.05561412498354912,
    0.05620343238115311,
    0.05949729308485985,
    0.05782293155789375,
    0.057143498212099075,
    0.05667535215616226,
    0.05632572993636131,
    0.05535619333386421,
    0.05508799850940704
  ],
  "val_loss": [
    0.6324476003646851,
    0.20701716840267181,
    0.11045971512794495,
    0.06938011944293976,
    0.0718109980225563,
    0.07286306470632553,
    0.07078412175178528,
    0.06906615197658539,
    0.06897559762001038,
    0.0692301094532013,
    0.06934650242328644,
    0.06915149092674255,
    0.06971709430217743,
    0.07041601836681366,
    0.06899380683898926,
    0.0688483938574791,
    0.06905941665172577,
    0.06961092352867126,
    0.07164567708969116,
    0.0688939318060875,
    0.0697556659579277,
    0.06866241246461868,
    0.06929481774568558,
    0.06938920170068741,
    0.06873075664043427,
    0.06941569596529007,
    0.06951441615819931,
    0.06887975335121155,
    0.06887945532798767,
    0.06904329359531403,
    0.06857956200838089,
    0.06888879090547562,
    0.07133106887340546,
    0.0685972049832344,
    0.07517995685338974,
    0.07029157131910324,
    0.06880582123994827,
    0.06923248618841171,
    0.06890171766281128,
    0.07093789428472519,
    0.06966452300548553
  ],
  "stopped_epoch": 40
}