{
  "epochs_recorded": [
    0,
    1,
    2,
    3,
    4,
    5,
    6,
    7,
    8,
    9,
    10,
    11,
    12,
    13,
    14,
    15,
    16,
    17,
    18,
    19,
    20,
    21,
    22,
    23,
    24,
    25
  ],
  "train_loss": [
    1.7151687145233154,
    0.1700199544429779,
    0.09603086113929749,
    0.07138494402170181,
    0.068879134953022,
    0.06789688020944595,
    0.06668323278427124,
    0.06553385406732559,
    0.06462598592042923,
    0.0637594610452652,
    0.06259533017873764,
    0.06220753490924835,
    0.06151018664240837,
    0.0609917975962162,
    0.0604255385696888,
    0.060049187391996384,
    0.060037899762392044,
    0.060767464339733124,
    0.06017301231622696,
    0.06260991096496582,
    0.061627913266420364,
    0.06177954375743866,
    0.05999370664358139,
    0.058225344866514206,
    0.057868048548698425,
    0.05753745511174202
  ],
  "val_loss": [
    0.16669243574142456,
    0.23924745619297028,
    0.1413273811340332,
    0.08361536264419556,
    0.07404643297195435,
    0.07428734749555588,
    0.06970687955617905,
    0.0693686455488205,
    0.07193641364574432,
    0.07334572076797485,
    0.06957628577947617,
    0.06973782181739807,
    0.07006458938121796,
    0.06962442398071289,
    0.06985893100500107,
    0.0699305310845375,
    0.06911931186914444,
    0.07471863925457001,
    0.07048489898443222,
    0.07063353806734085,
    0.07540710270404816,
    0.06930366903543472,
    0.07087516784667969,
    0.07339697331190109,
    0.06960796564817429,
    0.07063814252614975,
    0.07079540193080902
  ],
  "stopped_epoch": 26
}