{
  "epochs_recorded": [
    0,
    1,
    2,
    3,
    4,
    5,
    6,
    7,
    8,
    9,
    10,
    11,
    12,
    13,
    14,
    15,
    16,
    17,
    18,
    19,
    20,
    21,
    22,
    23,
    24,
    25,
    26,
    27,
    28,
    29,
    30,
    31,
    32,
    33,
    34,
    35
  ],
  "train_loss": [
    1.078620195388794,
    0.9044346809387207,
    0.7938042879104614,
    0.6783208847045898,
    0.6830407381057739,
    0.7426915168762207,
    0.6875402927398682,
    0.6546418070793152,
    0.6537723541259766,
    0.6306236982345581,
    0.6513704657554626,
    0.6638780236244202,
    0.6407580375671387,
    0.5742381811141968,
    0.6212263703346252,
    0.6131404638290405,
    0.6096193790435791,
    0.6354928016662598,
    0.6157042384147644,
    0.6239381432533264,
    0.5828593969345093,
    0.6186050176620483,
    0.575456976890564,
    0.607803225517273,
    0.5677433013916016,
    0.5585932731628418,
    0.5670366287231445,
    0.611902117729187,
    0.6145193576812744,
    0.6068679094314575,
    0.5645865201950073,
    0.5657579898834229,
    0.5972826480865479,
    0.569252073764801,
    0.5815525054931641,
    0.5746906399726868
  ],
  "val_loss": [
    1.2770893573760986,
    0.5761006474494934,
    0.22622127830982208,
    0.1625283658504486,
    0.21521532535552979,
    0.32903939485549927,
    0.13701385259628296,
    0.1519319862127304,
    0.1992160826921463,
    0.30553531646728516,
    0.21726466715335846,
    0.1595497876405716,
    0.14860475063323975,
    0.21536502242088318,
    0.14026004076004028,
    0.1638672649860382,
    0.10687412321567535,
    0.16379272937774658,
    0.4883909225463867,
    0.2853163480758667,
    0.17001545429229736,
    0.148490771651268,
    0.13594819605350494,
    0.1274339258670807,
    0.15032556653022766,
    0.0972093939781189,
    0.09574541449546814,
    0.10147246718406677,
    0.09713367372751236,
    0.289989173412323,
    0.1343241184949875,
    0.10919822752475739,
    0.11663845181465149,
    0.11808759719133377,
    0.20662452280521393,
    0.2697991728782654,
    0.1803937703371048
  ],
  "stopped_epoch": 36
}