{
  "epochs_recorded": [
    0,
    1,
    2,
    3,
    4,
    5,
    6,
    7,
    8,
    9,
    10,
    11,
    12,
    13,
    14,
    15,
    16,
    17,
    18,
    19,
    20,
    21,
    22,
    23,
    24,
    25,
    26,
    27,
    28,
    29,
    30,
    31,
    32,
    33,
    34,
    35,
    36,
    37,
    38,
    39,
    40,
    41,
    42,
    43,
    44,
    45,
    46,
    47,
    48,
    49,
    50,
    51,
    52,
    53,
    54,
    55,
    56,
    57,
    58,
    59,
    60,
    61,
    62,
    63,
    64,
    65,
    66,
    67,
    68,
    69,
    70,
    71,
    72,
    73,
    74,
    75,
    76,
    77,
    78,
    79,
    80,
    81,
    82,
    83,
    84,
    85,
    86,
    87,
    88,
    89,
    90,
    91,
    92,
    93,
    94,
    95,
    96,
    97,
    98,
    99
  ],
  "train_loss": [
    0.5104880928993225,
    0.2971426248550415,
    0.2703312337398529,
    0.24773256480693817,
    0.2338293045759201,
    0.22165584564208984,
    0.21052944660186768,
    0.19448915123939514,
    0.18248869478702545,
    0.1682702600955963,
    0.15529713034629822,
    0.14486908912658691,
    0.14114601910114288,
    0.1361772119998932,
    0.1302023082971573,
    0.12910112738609314,
    0.12763145565986633,
    0.12544164061546326,
    0.1237780973315239,
    0.12561087310314178,
    0.12036845833063126,
    0.11955508589744568,
    0.11928659677505493,
    0.1157345399260521,
    0.11522392928600311,
    0.1190153956413269,
    0.11595527827739716,
    0.11370542645454407,
    0.11521802842617035,
    0.11138033866882324,
    0.11399055272340775,
    0.1120455265045166,
    0.1108478382229805,
    0.11145434528589249,
    0.11096370965242386,
    0.11081211268901825,
    0.10947483777999878,
    0.11106295883655548,
    0.108307383954525,
    0.10874775052070618,
    0.10993009805679321,
    0.10862773656845093,
    0.10812888294458389,
    0.10940331220626831,
    0.10554242879152298,
    0.10808027535676956,
    0.10868340730667114,
    0.10591016709804535,
    0.10489720106124878,
    0.10497467964887619,
    0.10340175777673721,
    0.10438109189271927,
    0.10272873193025589,
    0.1024947464466095,
    0.10244923830032349,
    0.10320131480693817,
    0.1014699637889862,
    0.10202417522668839,
    0.10163333266973495,
    0.10064658522605896,
    0.10152949392795563,
    0.1010824590921402,
    0.10069525986909866,
    0.10008279979228973,
    0.09937145560979843,
    0.09915117919445038,
    0.09999582171440125,
    0.09953710436820984,
    0.09733612090349197,
    0.09767664223909378,
    0.09983871132135391,
    0.09743250161409378,
    0.0989808440208435,
    0.0994737446308136,
    0.09961941093206406,
    0.09831766039133072,
    0.09786397963762283,
    0.09911441802978516,
    0.09543581306934357,
    0.09520242363214493,
    0.09751074761152267,
    0.09652151167392731,
    0.09685833752155304,
    0.09553186595439911,
    0.09552952647209167,
    0.09590393304824829,
    0.09573938697576523,
    0.09446568787097931,
    0.0955285131931305,
    0.09366703778505325,
    0.09384474158287048,
    0.09499099850654602,
    0.09512308984994888,
    0.09623856842517853,
    0.09462667256593704,
    0.09542104601860046,
    0.09555527567863464,
    0.09334509074687958,
    0.09361182153224945,
    0.09464713931083679
  ],
  "val_loss": [
    0.9375976324081421,
    0.23627102375030518,
    0.2596484422683716,
    0.21235205233097076,
    0.19837301969528198,
    0.18932846188545227,
    0.17697259783744812,
    0.16342325508594513,
    0.15326201915740967,
    0.1381777971982956,
    0.1260005533695221,
    0.11653155088424683,
    0.11126583069562912,
    0.10888884216547012,
    0.10777565091848373,
    0.10574141144752502,
    0.10638556629419327,
    0.1050194576382637,
    0.10460059344768524,
    0.10291454941034317,
    0.10290312021970749,
    0.10317984223365784,
    0.10222981125116348,
    0.10174560546875,
    0.1037641242146492,
    0.10152152180671692,
    0.10088744014501572,
    0.10247066617012024,
    0.10064325481653214,
    0.10173774510622025,
    0.10154256969690323,
    0.10288169234991074,
    0.1008078083395958,
    0.10151996463537216,
    0.10248523950576782,
    0.10117176920175552,
    0.10117599368095398,
    0.10002133250236511,
    0.10098825395107269,
    0.10124488919973373,
    0.10146637260913849,
    0.10013120621442795,
    0.10131563991308212,
    0.10039018839597702,
    0.09935292601585388,
    0.09812220931053162,
    0.09991434961557388,
    0.10148616880178452,
    0.09941159933805466,
    0.10007598996162415,
    0.1016957014799118,
    0.0989968329668045,
    0.09808608889579773,
    0.09832355380058289,
    0.09756214916706085,
    0.09858042001724243,
    0.09806174039840698,
    0.09789586067199707,
    0.09493055194616318,
    0.09747030586004257,
    0.09704574942588806,
    0.09536948055028915,
    0.0969180092215538,
    0.09386398643255234,
    0.0928717777132988,
    0.09429874271154404,
    0.09091168642044067,
    0.09440431743860245,
    0.09160749614238739,
    0.09240148216485977,
    0.09404171258211136,
    0.0907713919878006,
    0.08921560645103455,
    0.0952306017279625,
    0.08955971896648407,
    0.0885816290974617,
    0.09045512229204178,
    0.08852560073137283,
    0.08886967599391937,
    0.09048544615507126,
    0.08764852583408356,
    0.08693133294582367,
    0.09090433269739151,
    0.08763056993484497,
    0.08705804497003555,
    0.08593639731407166,
    0.08830323070287704,
    0.08651286363601685,
    0.08589492738246918,
    0.08563122898340225,
    0.08669237792491913,
    0.08653578162193298,
    0.08510061353445053,
    0.08533331751823425,
    0.08518491685390472,
    0.08487078547477722,
    0.08508599549531937,
    0.08474387228488922,
    0.0852370634675026,
    0.08422204852104187,
    0.08460409194231033
  ],
  "stopped_epoch": 100
}