{
  "epochs_recorded": [
    0,
    1,
    2,
    3,
    4,
    5,
    6,
    7,
    8,
    9,
    10,
    11,
    12,
    13,
    14,
    15,
    16,
    17,
    18,
    19,
    20,
    21,
    22,
    23,
    24,
    25,
    26,
    27,
    28,
    29,
    30,
    31,
    32,
    33,
    34,
    35,
    36,
    37,
    38,
    39,
    40,
    41,
    42,
    43,
    44,
    45,
    46,
    47,
    48,
    49,
    50,
    51,
    52,
    53,
    54,
    55,
    56,
    57,
    58,
    59,
    60,
    61,
    62,
    63,
    64,
    65,
    66,
    67,
    68,
    69,
    70,
    71,
    72,
    73,
    74,
    75,
    76,
    77,
    78,
    79,
    80,
    81,
    82,
    83,
    84,
    85,
    86,
    87,
    88,
    89,
    90,
    91,
    92,
    93,
    94,
    95,
    96,
    97,
    98,
    99
  ],
  "train_loss": [
    0.25842058658599854,
    0.06835046410560608,
    0.061831459403038025,
    0.06095972657203674,
    0.05990186333656311,
    0.05930682644248009,
    0.0582132525742054,
    0.05904025584459305,
    0.058824196457862854,
    0.05769006907939911,
    0.057098761200904846,
    0.056831806898117065,
    0.057453323155641556,
    0.05698922649025917,
    0.056767892092466354,
    0.056447312235832214,
    0.05625518411397934,
    0.057612866163253784,
    0.05721556022763252,
    0.05731843039393425,
    0.05643486604094505,
    0.056432247161865234,
    0.05553009361028671,
    0.055600956082344055,
    0.055520717054605484,
    0.05532532557845116,
    0.05567304790019989,
    0.053930073976516724,
    0.055946704000234604,
    0.05633066967129707,
    0.05543261393904686,
    0.05503278225660324,
    0.05529487505555153,
    0.057566337287425995,
    0.05372333526611328,
    0.05540049448609352,
    0.05517986789345741,
    0.05374174192547798,
    0.054175566881895065,
    0.05334808677434921,
    0.05328459292650223,
    0.052759021520614624,
    0.05213706195354462,
    0.052247777581214905,
    0.052709437906742096,
    0.05219269171357155,
    0.05317169800400734,
    0.052746281027793884,
    0.05172906443476677,
    0.053137049078941345,
    0.05375349149107933,
    0.052091389894485474,
    0.05236763507127762,
    0.052808478474617004,
    0.05281190946698189,
    0.051980432122945786,
    0.05070483684539795,
    0.051223937422037125,
    0.051598139107227325,
    0.05063968151807785,
    0.048010751605033875,
    0.04448910057544708,
    0.04565083980560303,
    0.03260544687509537,
    0.040377721190452576,
    0.03033616580069065,
    0.02551124058663845,
    0.02608637325465679,
    0.027232494205236435,
    0.019260570406913757,
    0.018492579460144043,
    0.015875665470957756,
    0.016488192602992058,
    0.017314588651061058,
    0.01899453066289425,
    0.019632842391729355,
    0.015226734802126884,
    0.015706252306699753,
    0.01682869903743267,
    0.013452636078000069,
    0.012471131049096584,
    0.014018675312399864,
    0.014559507369995117,
    0.016804011538624763,
    0.013259678147733212,
    0.014062948524951935,
    0.01357205305248499,
    0.012712017633020878,
    0.013735949993133545,
    0.013689171522855759,
    0.012459439225494862,
    0.012533670291304588,
    0.013680851086974144,
    0.01144559495151043,
    0.010783649981021881,
    0.012135067023336887,
    0.013300277292728424,
    0.014326437376439571,
    0.011681059375405312,
    0.010768716223537922
  ],
  "val_loss": [
    0.25734618306159973,
    0.08586153388023376,
    0.07502325624227524,
    0.07004111260175705,
    0.06967069953680038,
    0.07409650087356567,
    0.07041069865226746,
    0.06957518309354782,
    0.07233045250177383,
    0.0769282653927803,
    0.07075010240077972,
    0.06946144253015518,
    0.06943950802087784,
    0.06927477568387985,
    0.0718170702457428,
    0.06944095343351364,
    0.06943835318088531,
    0.07353672385215759,
    0.0745130181312561,
    0.06948616355657578,
    0.07019548118114471,
    0.06922102719545364,
    0.07273360341787338,
    0.06905198842287064,
    0.06920662522315979,
    0.06890510767698288,
    0.07213549315929413,
    0.06615683436393738,
    0.06539219617843628,
    0.07164410501718521,
    0.06856843829154968,
    0.06867728382349014,
    0.06600651890039444,
    0.06707936525344849,
    0.06964167207479477,
    0.06441215425729752,
    0.06642702221870422,
    0.06666255742311478,
    0.06472069025039673,
    0.06415226310491562,
    0.0638410672545433,
    0.06484943628311157,
    0.06511300802230835,
    0.06447750329971313,
    0.0637020394206047,
    0.06409814953804016,
    0.06792370975017548,
    0.0670476034283638,
    0.06425757706165314,
    0.06308946758508682,
    0.07163022458553314,
    0.06839516758918762,
    0.06348350644111633,
    0.06359291821718216,
    0.06408181041479111,
    0.06375787407159805,
    0.06365922093391418,
    0.06403324007987976,
    0.06210274621844292,
    0.0641573965549469,
    0.06106061488389969,
    0.05681011080741882,
    0.06754865497350693,
    0.04166494309902191,
    0.03749842569231987,
    0.03927743062376976,
    0.021304860711097717,
    0.01911570504307747,
    0.04039832204580307,
    0.019686467945575714,
    0.014513110741972923,
    0.015148730017244816,
    0.014698250219225883,
    0.01793675124645233,
    0.01725877821445465,
    0.019923195242881775,
    0.015735430642962456,
    0.011879014782607555,
    0.012518155388534069,
    0.012174996547400951,
    0.013166883029043674,
    0.011363882571458817,
    0.012777750380337238,
    0.013675744645297527,
    0.012235977686941624,
    0.011934049427509308,
    0.0108072804287076,
    0.010856802575290203,
    0.014740142971277237,
    0.011980912648141384,
    0.010718748904764652,
    0.009980715811252594,
    0.01484155934303999,
    0.01209101639688015,
    0.008362837135791779,
    0.00951630249619484,
    0.010717222467064857,
    0.015653645619750023,
    0.00933567900210619,
    0.0106167271733284,
    0.012866232544183731
  ],
  "stopped_epoch": 100
}