{
  "epochs_recorded": [
    0,
    1,
    2,
    3,
    4,
    5,
    6,
    7,
    8,
    9,
    10,
    11,
    12,
    13,
    14,
    15,
    16,
    17,
    18,
    19,
    20,
    21,
    22,
    23,
    24,
    25,
    26,
    27,
    28,
    29,
    30,
    31,
    32,
    33,
    34,
    35,
    36,
    37,
    38,
    39,
    40,
    41,
    42,
    43,
    44,
    45,
    46,
    47,
    48,
    49,
    50,
    51,
    52,
    53,
    54,
    55,
    56,
    57,
    58,
    59,
    60,
    61,
    62,
    63,
    64,
    65,
    66,
    67,
    68
  ],
  "train_loss": [
    0.2917041778564453,
    0.19195666909217834,
    0.12054865062236786,
    0.06984765827655792,
    0.057617124170064926,
    0.05088447406888008,
    0.046754516661167145,
    0.0443619005382061,
    0.04128267616033554,
    0.039282940328121185,
    0.03722634166479111,
    0.035402730107307434,
    0.03338683769106865,
    0.03228142857551575,
    0.03165319561958313,
    0.030831964686512947,
    0.029387645423412323,
    0.028912439942359924,
    0.028452295809984207,
    0.02735871821641922,
    0.02622840367257595,
    0.025673331692814827,
    0.02486482635140419,
    0.025484828278422356,
    0.024409808218479156,
    0.02420155517756939,
    0.024733630940318108,
    0.023643145337700844,
    0.022389352321624756,
    0.022630760446190834,
    0.02190040983259678,
    0.021351531147956848,
    0.02165425568819046,
    0.021799350157380104,
    0.02116115391254425,
    0.02086460590362549,
    0.021971456706523895,
    0.021502988412976265,
    0.019937969744205475,
    0.019972404465079308,
    0.019966866821050644,
    0.019107727333903313,
    0.019912265241146088,
    0.020063206553459167,
    0.019555188715457916,
    0.01936427317559719,
    0.019134119153022766,
    0.01854417473077774,
    0.01854507252573967,
    0.019071975722908974,
    0.017808672040700912,
    0.017610466107726097,
    0.01815006323158741,
    0.018761638551950455,
    0.01835174486041069,
    0.018339309841394424,
    0.018815549090504646,
    0.017549794167280197,
    0.018298283219337463,
    0.01810123398900032,
    0.017963172867894173,
    0.01669439487159252,
    0.016834480687975883,
    0.016667040064930916,
    0.017465773969888687,
    0.0172286257147789,
    0.016964513808488846,
    0.01709996908903122,
    0.017569858580827713
  ],
  "val_loss": [
    0.8019030690193176,
    0.17050115764141083,
    0.14025411009788513,
    0.05809906870126724,
    0.04576721042394638,
    0.038196176290512085,
    0.03525596484541893,
    0.03448742628097534,
    0.02987026423215866,
    0.028529515489935875,
    0.02646864391863346,
    0.02769174426794052,
    0.0245034359395504,
    0.023905720561742783,
    0.023873014375567436,
    0.02316587045788765,
    0.02194354496896267,
    0.021293938159942627,
    0.018986904993653297,
    0.018285296857357025,
    0.018560053780674934,
    0.01722247339785099,
    0.019235936924815178,
    0.016983753070235252,
    0.01501078624278307,
    0.01624615117907524,
    0.01598435454070568,
    0.015298795886337757,
    0.014773891307413578,
    0.014707140624523163,
    0.014641990885138512,
    0.014107351191341877,
    0.015429152175784111,
    0.013632459565997124,
    0.013363510370254517,
    0.014032220467925072,
    0.014467415399849415,
    0.016429763287305832,
    0.013290836475789547,
    0.014052027836441994,
    0.01192409172654152,
    0.012777158990502357,
    0.012741148471832275,
    0.014518611133098602,
    0.01157256681472063,
    0.011119701899588108,
    0.013873274438083172,
    0.012091176584362984,
    0.010650167241692543,
    0.011983995325863361,
    0.011570737697184086,
    0.010882032103836536,
    0.010732429102063179,
    0.013479216955602169,
    0.010502669960260391,
    0.010011614300310612,
    0.01066636759787798,
    0.010322692804038525,
    0.01043936237692833,
    0.009190773591399193,
    0.010435717180371284,
    0.00993584468960762,
    0.01021532341837883,
    0.009767329320311546,
    0.01006140373647213,
    0.011452283710241318,
    0.010547188110649586,
    0.009378260001540184,
    0.01303911954164505,
    0.009300007484853268
  ],
  "stopped_epoch": 69
}