{
  "epochs_recorded": [
    0,
    1,
    2,
    3,
    4,
    5,
    6,
    7,
    8,
    9,
    10,
    11,
    12,
    13,
    14,
    15,
    16,
    17,
    18,
    19,
    20,
    21,
    22,
    23,
    24,
    25,
    26,
    27,
    28,
    29,
    30,
    31,
    32,
    33,
    34,
    35,
    36,
    37,
    38,
    39,
    40,
    41,
    42,
    43,
    44,
    45,
    46,
    47,
    48,
    49,
    50,
    51,
    52,
    53,
    54,
    55,
    56,
    57,
    58,
    59,
    60,
    61,
    62,
    63,
    64,
    65,
    66,
    67,
    68,
    69,
    70,
    71,
    72,
    73,
    74,
    75,
    76,
    77,
    78,
    79,
    80,
    81,
    82,
    83,
    84,
    85,
    86,
    87,
    88,
    89,
    90,
    91,
    92,
    93,
    94,
    95,
    96,
    97,
    98,
    99
  ],
  "train_loss": [
    0.7693949341773987,
    0.2874111831188202,
    0.2483222931623459,
    0.23265546560287476,
    0.22003203630447388,
    0.2098676860332489,
    0.19717837870121002,
    0.18042072653770447,
    0.16630524396896362,
    0.1540728658437729,
    0.14383544027805328,
    0.13884511590003967,
    0.13714320957660675,
    0.133791983127594,
    0.12920965254306793,
    0.12854363024234772,
    0.1273288130760193,
    0.1260429322719574,
    0.1240074411034584,
    0.1258687674999237,
    0.12058374285697937,
    0.12062648683786392,
    0.11953187733888626,
    0.11597694456577301,
    0.11495979130268097,
    0.11903060972690582,
    0.11562670767307281,
    0.1133841723203659,
    0.11486367136240005,
    0.11142393201589584,
    0.11336097121238708,
    0.1110212579369545,
    0.10985773056745529,
    0.11083739250898361,
    0.11012619733810425,
    0.11067882180213928,
    0.10850794613361359,
    0.11020319908857346,
    0.10751897096633911,
    0.10798195004463196,
    0.10920403152704239,
    0.10681013017892838,
    0.10743839293718338,
    0.10782448947429657,
    0.10359980911016464,
    0.10665089637041092,
    0.10705198347568512,
    0.10457830131053925,
    0.10326944291591644,
    0.10278844088315964,
    0.10282787680625916,
    0.10260585695505142,
    0.10182470083236694,
    0.10075654089450836,
    0.10091744363307953,
    0.10163435339927673,
    0.09908571094274521,
    0.10138390213251114,
    0.10039272159337997,
    0.10008972883224487,
    0.10049709677696228,
    0.09948781877756119,
    0.09964366257190704,
    0.09856069833040237,
    0.09937085956335068,
    0.09784545004367828,
    0.09904809296131134,
    0.09758968651294708,
    0.09689031541347504,
    0.09694341570138931,
    0.0987691655755043,
    0.09588807821273804,
    0.09759462624788284,
    0.09781152755022049,
    0.09742723405361176,
    0.09684401750564575,
    0.09662296622991562,
    0.09783497452735901,
    0.09462180733680725,
    0.0943019762635231,
    0.09722279757261276,
    0.09438800066709518,
    0.09663167595863342,
    0.09523878246545792,
    0.09468912333250046,
    0.09450960904359818,
    0.09586406499147415,
    0.09419406205415726,
    0.09402088075876236,
    0.09355983138084412,
    0.09325291961431503,
    0.09405262768268585,
    0.09317369759082794,
    0.09410612285137177,
    0.09310086071491241,
    0.09438052773475647,
    0.09523715823888779,
    0.09393416345119476,
    0.09325481206178665,
    0.09496548771858215
  ],
  "val_loss": [
    1.4684240818023682,
    0.27647867798805237,
    0.2390369474887848,
    0.22390419244766235,
    0.20455272495746613,
    0.18876180052757263,
    0.17579755187034607,
    0.1594608873128891,
    0.145954892039299,
    0.132318377494812,
    0.125676691532135,
    0.1207931712269783,
    0.12033388763666153,
    0.12060856074094772,
    0.11893544346094131,
    0.11655943095684052,
    0.11705709248781204,
    0.11687631905078888,
    0.11546991020441055,
    0.11503646522760391,
    0.11588230729103088,
    0.11414194107055664,
    0.11403527110815048,
    0.11375923454761505,
    0.11487893760204315,
    0.11259660124778748,
    0.1125054582953453,
    0.11316081881523132,
    0.11107420176267624,
    0.11214049160480499,
    0.11060159653425217,
    0.11088547855615616,
    0.11011557281017303,
    0.11016783118247986,
    0.10753145813941956,
    0.10899649560451508,
    0.10880619287490845,
    0.10668288916349411,
    0.1064625009894371,
    0.10516342520713806,
    0.1064460277557373,
    0.10517707467079163,
    0.1040525808930397,
    0.10431364178657532,
    0.10094908624887466,
    0.10173572599887848,
    0.10131414234638214,
    0.10147519409656525,
    0.09965780377388,
    0.09894158691167831,
    0.10033045709133148,
    0.09817585349082947,
    0.09804265201091766,
    0.09666497260332108,
    0.09699897468090057,
    0.0956505760550499,
    0.09520480781793594,
    0.09569809585809708,
    0.09418175369501114,
    0.09419272094964981,
    0.09510359168052673,
    0.09208351373672485,
    0.09218798577785492,
    0.09259069710969925,
    0.09102538228034973,
    0.09132681041955948,
    0.09000115096569061,
    0.09028032422065735,
    0.09084691852331161,
    0.09009560942649841,
    0.08875054121017456,
    0.09005466103553772,
    0.08868182450532913,
    0.08878761529922485,
    0.08986452221870422,
    0.08791667968034744,
    0.08766447007656097,
    0.08845793455839157,
    0.08860267698764801,
    0.08766482025384903,
    0.08669082820415497,
    0.08760183304548264,
    0.08717935532331467,
    0.08888117969036102,
    0.08693449944257736,
    0.08684275299310684,
    0.0866679921746254,
    0.08704210072755814,
    0.08622834831476212,
    0.08625881373882294,
    0.08616720139980316,
    0.08594799786806107,
    0.08628067374229431,
    0.08575712144374847,
    0.0859619677066803,
    0.08552584797143936,
    0.08558584004640579,
    0.08978238701820374,
    0.08585575222969055,
    0.08706290274858475,
    0.0863548070192337
  ],
  "stopped_epoch": 100
}