{
  "epochs_recorded": [
    0,
    1,
    2,
    3,
    4,
    5,
    6,
    7,
    8,
    9,
    10,
    11,
    12,
    13,
    14,
    15,
    16,
    17,
    18,
    19,
    20,
    21
  ],
  "train_loss": [
    0.9154152274131775,
    0.8036659955978394,
    0.7207159996032715,
    0.6825801134109497,
    0.6721674799919128,
    0.6097649931907654,
    0.5778342485427856,
    0.6083039045333862,
    0.595729410648346,
    0.6269783973693848,
    0.6057007312774658,
    0.6191796064376831,
    0.5722241997718811,
    0.6152228713035583,
    0.5887637138366699,
    0.625289261341095,
    0.6237063407897949,
    0.6441109776496887,
    0.601711630821228,
    0.6399885416030884,
    0.6059891581535339,
    0.6389714479446411
  ],
  "val_loss": [
    1.5105167627334595,
    0.6356105208396912,
    0.2568550407886505,
    0.141458660364151,
    0.1402052640914917,
    0.2966021001338959,
    0.11803937703371048,
    0.09893747419118881,
    0.09891261905431747,
    0.10344192385673523,
    0.10445967316627502,
    0.0970054417848587,
    0.09432122856378555,
    0.09498456120491028,
    0.10457338392734528,
    0.10432504862546921,
    0.11249378323554993,
    0.10651285201311111,
    0.10826455801725388,
    0.10556163638830185,
    0.10829517245292664,
    0.11488716304302216,
    0.11393070966005325
  ],
  "stopped_epoch": 22
}