{
  "epochs_recorded": [
    0,
    1,
    2,
    3,
    4,
    5,
    6,
    7,
    8,
    9,
    10,
    11,
    12,
    13,
    14,
    15,
    16,
    17,
    18,
    19,
    20,
    21,
    22,
    23,
    24,
    25,
    26,
    27,
    28,
    29,
    30,
    31,
    32,
    33,
    34,
    35,
    36,
    37,
    38,
    39,
    40
  ],
  "train_loss": [
    0.20909549295902252,
    0.06816517561674118,
    0.056272778660058975,
    0.05508537217974663,
    0.05864853411912918,
    0.054569195955991745,
    0.05128176510334015,
    0.051261186599731445,
    0.05478034168481827,
    0.04952308163046837,
    0.05208025127649307,
    0.050763390958309174,
    0.0497177354991436,
    0.04891259968280792,
    0.04682542011141777,
    0.05338439345359802,
    0.04767642915248871,
    0.0458662323653698,
    0.046076275408267975,
    0.04653658717870712,
    0.04558568820357323,
    0.04730129614472389,
    0.04580147564411163,
    0.04623262584209442,
    0.044945474714040756,
    0.04591146856546402,
    0.04555191472172737,
    0.04644347354769707,
    0.04610886424779892,
    0.046645306050777435,
    0.04552715644240379,
    0.044582586735486984,
    0.04714062064886093,
    0.04498389735817909,
    0.04486389085650444,
    0.04479335620999336,
    0.049714647233486176,
    0.046726927161216736,
    0.044932231307029724,
    0.045393794775009155,
    0.045608166605234146
  ],
  "val_loss": [
    0.8379941582679749,
    0.08800473064184189,
    0.05014949291944504,
    0.0487038716673851,
    0.04967512935400009,
    0.04875849187374115,
    0.04780564829707146,
    0.05002307891845703,
    0.05174325406551361,
    0.04528481513261795,
    0.04367222636938095,
    0.050269030034542084,
    0.048262882977724075,
    0.04953271895647049,
    0.04477698728442192,
    0.042296167463064194,
    0.042972639203071594,
    0.04291433468461037,
    0.04216282069683075,
    0.048697859048843384,
    0.0420861691236496,
    0.04002552106976509,
    0.039661433547735214,
    0.04470038041472435,
    0.04117057844996452,
    0.039915770292282104,
    0.040026526898145676,
    0.042489584535360336,
    0.04034638777375221,
    0.040282949805259705,
    0.04723174124956131,
    0.03896962106227875,
    0.04695422202348709,
    0.041499100625514984,
    0.041239604353904724,
    0.042015183717012405,
    0.0424257293343544,
    0.056243494153022766,
    0.04170629382133484,
    0.03931818902492523,
    0.04393230378627777,
    0.04148265719413757
  ],
  "stopped_epoch": 41
}