{
  "epochs_recorded": [
    0,
    1,
    2,
    3,
    4,
    5,
    6,
    7,
    8,
    9,
    10,
    11,
    12,
    13,
    14,
    15,
    16,
    17,
    18,
    19,
    20,
    21,
    22,
    23,
    24,
    25,
    26,
    27,
    28,
    29,
    30,
    31,
    32,
    33,
    34,
    35,
    36,
    37,
    38,
    39,
    40,
    41,
    42,
    43,
    44,
    45,
    46,
    47,
    48,
    49,
    50,
    51,
    52,
    53,
    54,
    55,
    56,
    57,
    58,
    59,
    60,
    61,
    62,
    63,
    64,
    65,
    66,
    67,
    68,
    69,
    70,
    71,
    72,
    73,
    74,
    75,
    76,
    77,
    78,
    79,
    80,
    81,
    82,
    83,
    84,
    85,
    86,
    87,
    88,
    89,
    90,
    91,
    92,
    93,
    94,
    95,
    96,
    97,
    98,
    99
  ],
  "train_loss": [
    0.7193610668182373,
    0.26301586627960205,
    0.23385798931121826,
    0.21478067338466644,
    0.1739480197429657,
    0.1179678812623024,
    0.09708705544471741,
    0.09062422811985016,
    0.08323527127504349,
    0.07800595462322235,
    0.07104139775037766,
    0.06854112446308136,
    0.06349899619817734,
    0.06256284564733505,
    0.059390999376773834,
    0.059630826115608215,
    0.05671926960349083,
    0.05514616519212723,
    0.05395490676164627,
    0.0520378053188324,
    0.04977673664689064,
    0.047911714762449265,
    0.04680880531668663,
    0.04632234945893288,
    0.0430024228990078,
    0.04076564311981201,
    0.03912351652979851,
    0.03812527656555176,
    0.03701328858733177,
    0.03604946285486221,
    0.03554058447480202,
    0.034586820751428604,
    0.03386130928993225,
    0.03262782469391823,
    0.03308558836579323,
    0.031571872532367706,
    0.031248101964592934,
    0.0311883632093668,
    0.03014199249446392,
    0.03057069145143032,
    0.02956198714673519,
    0.028118468821048737,
    0.027531037107110023,
    0.02674071490764618,
    0.026776023209095,
    0.025831066071987152,
    0.026746757328510284,
    0.02548169158399105,
    0.025387048721313477,
    0.02562074176967144,
    0.024800574406981468,
    0.02465909533202648,
    0.024162542074918747,
    0.02485441416501999,
    0.023676883429288864,
    0.024198036640882492,
    0.023724736645817757,
    0.02325872890651226,
    0.022824464365839958,
    0.021931646391749382,
    0.022503221407532692,
    0.022162968292832375,
    0.022843819111585617,
    0.02249293401837349,
    0.021324656903743744,
    0.021427026018500328,
    0.021760720759630203,
    0.02129848301410675,
    0.020545173436403275,
    0.020515725016593933,
    0.01980634778738022,
    0.020369766280055046,
    0.02044430747628212,
    0.02011116035282612,
    0.01941348984837532,
    0.01981368660926819,
    0.020029984414577484,
    0.019506584852933884,
    0.01913788728415966,
    0.019239163026213646,
    0.018917810171842575,
    0.019481828436255455,
    0.01898038201034069,
    0.01877743750810623,
    0.018301252275705338,
    0.018587792292237282,
    0.018110495060682297,
    0.018538597971200943,
    0.01780570112168789,
    0.018188858404755592,
    0.01791802980005741,
    0.018823768943548203,
    0.018523208796977997,
    0.018111100420355797,
    0.017553960904479027,
    0.01750614494085312,
    0.01763531193137169,
    0.018101204186677933,
    0.017078839242458344,
    0.017075132578611374
  ],
  "val_loss": [
    0.8275532722473145,
    0.3142785131931305,
    0.21618634462356567,
    0.20728756487369537,
    0.1807359904050827,
    0.11557504534721375,
    0.0917358472943306,
    0.0805608332157135,
    0.07611875236034393,
    0.06986130028963089,
    0.06434947997331619,
    0.06283844262361526,
    0.05909401923418045,
    0.05685599148273468,
    0.05399448424577713,
    0.05258314311504364,
    0.05263064429163933,
    0.05093671754002571,
    0.04922474920749664,
    0.048862382769584656,
    0.04765458032488823,
    0.04534205049276352,
    0.04277674853801727,
    0.03780243545770645,
    0.03921566903591156,
    0.03641834855079651,
    0.03398045897483826,
    0.033820152282714844,
    0.032127298414707184,
    0.029231619089841843,
    0.03282615542411804,
    0.02800438366830349,
    0.026445439085364342,
    0.026747502386569977,
    0.027966786175966263,
    0.023513007909059525,
    0.02521546185016632,
    0.024449435994029045,
    0.02225474826991558,
    0.022619348019361496,
    0.02133566327393055,
    0.020905403420329094,
    0.020197071135044098,
    0.021653909236192703,
    0.01887459121644497,
    0.020461857318878174,
    0.01856992021203041,
    0.018479440361261368,
    0.018316829577088356,
    0.01702246256172657,
    0.01643562875688076,
    0.01624034345149994,
    0.018061721697449684,
    0.01645844615995884,
    0.015823788940906525,
    0.015093832276761532,
    0.01694588176906109,
    0.015035133808851242,
    0.01568063162267208,
    0.01581897959113121,
    0.014891223050653934,
    0.014893977902829647,
    0.015394999645650387,
    0.015910577028989792,
    0.01375582441687584,
    0.014606012031435966,
    0.014808795414865017,
    0.01421214360743761,
    0.013169866986572742,
    0.015183012932538986,
    0.013956320472061634,
    0.013155115768313408,
    0.013423221185803413,
    0.01409127376973629,
    0.014202618971467018,
    0.013698142021894455,
    0.01652899570763111,
    0.013295953162014484,
    0.013684498146176338,
    0.011784029193222523,
    0.0110123660415411,
    0.012417983263731003,
    0.013107898645102978,
    0.0118992505595088,
    0.012479216791689396,
    0.01095869392156601,
    0.011357247829437256,
    0.011398756876587868,
    0.010631897486746311,
    0.01159222237765789,
    0.011246535927057266,
    0.01235740166157484,
    0.011661797761917114,
    0.011952901259064674,
    0.011820285581052303,
    0.011118979193270206,
    0.01055151503533125,
    0.011491268873214722,
    0.01198815368115902,
    0.011827206239104271,
    0.010681387037038803
  ],
  "stopped_epoch": 100
}