{
  "epochs_recorded": [
    0,
    1,
    2,
    3,
    4,
    5,
    6,
    7,
    8,
    9,
    10,
    11,
    12,
    13,
    14,
    15,
    16,
    17,
    18,
    19,
    20,
    21,
    22,
    23,
    24,
    25,
    26,
    27,
    28,
    29,
    30,
    31,
    32,
    33,
    34,
    35,
    36,
    37,
    38,
    39,
    40
  ],
  "train_loss": [
    1.3143142461776733,
    0.8264660239219666,
    0.7693983316421509,
    0.5797634124755859,
    0.7006902694702148,
    0.5376816987991333,
    0.49650412797927856,
    0.5069231390953064,
    0.4927596151828766,
    0.5168023705482483,
    0.4807645082473755,
    0.5296347141265869,
    0.4758461117744446,
    0.4628332555294037,
    0.48498377203941345,
    0.4742848575115204,
    0.45553159713745117,
    0.4626232981681824,
    0.45947927236557007,
    0.45304054021835327,
    0.4521138370037079,
    0.48026061058044434,
    0.4602191150188446,
    0.46285611391067505,
    0.45462003350257874,
    0.46594977378845215,
    0.44882914423942566,
    0.45788317918777466,
    0.4497032165527344,
    0.44585734605789185,
    0.45628154277801514,
    0.4569239318370819,
    0.44816115498542786,
    0.46427127718925476,
    0.46480751037597656,
    0.4523126780986786,
    0.4624583423137665,
    0.47128307819366455,
    0.48396599292755127,
    0.4539254605770111,
    0.45758000016212463
  ],
  "val_loss": [
    5.616361141204834,
    0.2787652313709259,
    2.6013476848602295,
    0.9477310180664062,
    0.5234806537628174,
    0.21814678609371185,
    0.23249612748622894,
    0.09176793694496155,
    0.08205583691596985,
    0.079556405544281,
    0.0900370180606842,
    0.07530102878808975,
    0.0751725360751152,
    0.07927495986223221,
    0.07380112260580063,
    0.07373838126659393,
    0.07589881122112274,
    0.07240630686283112,
    0.06628135591745377,
    0.08629988878965378,
    0.06485764682292938,
    0.06976951658725739,
    0.07304196804761887,
    0.04389752075076103,
    0.03482102230191231,
    0.07868648320436478,
    0.06787554174661636,
    0.07946068048477173,
    0.05166943371295929,
    0.6703927516937256,
    0.02851949632167816,
    0.028185026720166206,
    0.060100723057985306,
    0.030915312469005585,
    0.03428707271814346,
    0.3246203362941742,
    0.04431813210248947,
    0.05019569396972656,
    0.0474383719265461,
    0.11852842569351196,
    0.16911929845809937,
    0.04346752539277077
  ],
  "stopped_epoch": 41
}