{
  "epochs_recorded": [
    0,
    1,
    2,
    3,
    4,
    5,
    6,
    7,
    8,
    9,
    10,
    11,
    12,
    13,
    14,
    15,
    16,
    17,
    18,
    19,
    20,
    21,
    22,
    23,
    24,
    25,
    26,
    27,
    28,
    29,
    30,
    31,
    32,
    33,
    34,
    35,
    36,
    37,
    38,
    39,
    40,
    41,
    42,
    43,
    44,
    45,
    46,
    47,
    48,
    49,
    50,
    51,
    52,
    53,
    54,
    55,
    56,
    57,
    58,
    59,
    60,
    61,
    62,
    63,
    64,
    65,
    66,
    67,
    68,
    69,
    70,
    71,
    72,
    73,
    74,
    75,
    76,
    77,
    78,
    79,
    80,
    81,
    82,
    83,
    84,
    85,
    86,
    87,
    88,
    89,
    90,
    91,
    92,
    93,
    94,
    95,
    96
  ],
  "train_loss": [
    0.24110181629657745,
    0.11832994222640991,
    0.06420090049505234,
    0.04981136694550514,
    0.042711615562438965,
    0.03866184130311012,
    0.035831645131111145,
    0.03296317532658577,
    0.031502075493335724,
    0.02925865352153778,
    0.02736329846084118,
    0.025267064571380615,
    0.023310508579015732,
    0.022527044638991356,
    0.02117246389389038,
    0.020611010491847992,
    0.020275447517633438,
    0.01904980093240738,
    0.01900387555360794,
    0.01888156682252884,
    0.017919687554240227,
    0.017615363001823425,
    0.017024556174874306,
    0.015830058604478836,
    0.015686536207795143,
    0.015640895813703537,
    0.015341000631451607,
    0.015007528476417065,
    0.014244219288229942,
    0.014076093211770058,
    0.014467943459749222,
    0.013785778544843197,
    0.01318406779319048,
    0.01306318398565054,
    0.01373650785535574,
    0.013237500563263893,
    0.012542316690087318,
    0.01268488634377718,
    0.012240849435329437,
    0.012157972902059555,
    0.012014222331345081,
    0.01171776931732893,
    0.011402907781302929,
    0.011472566984593868,
    0.011028997600078583,
    0.011001521721482277,
    0.011073598638176918,
    0.010930686257779598,
    0.01062691118568182,
    0.010774515569210052,
    0.011150130070745945,
    0.01055082120001316,
    0.010937596671283245,
    0.010107877664268017,
    0.01008797436952591,
    0.010109279304742813,
    0.00964684970676899,
    0.00979628972709179,
    0.009644311852753162,
    0.009798353537917137,
    0.009284492582082748,
    0.00923964288085699,
    0.009638065472245216,
    0.009676960296928883,
    0.00955144315958023,
    0.009364600293338299,
    0.009031939320266247,
    0.008738243952393532,
    0.00899218674749136,
    0.008808461017906666,
    0.008938677608966827,
    0.008780854754149914,
    0.008715512230992317,
    0.008364195004105568,
    0.008459929376840591,
    0.008619915693998337,
    0.008399108424782753,
    0.008674747310578823,
    0.008256898261606693,
    0.00837909709662199,
    0.008043738082051277,
    0.00802535004913807,
    0.007799320388585329,
    0.00780167942866683,
    0.008440593257546425,
    0.00814591720700264,
    0.008324958384037018,
    0.007866507396101952,
    0.007441352121531963,
    0.007557405158877373,
    0.007975392043590546,
    0.008012959733605385,
    0.007570317946374416,
    0.007897445932030678,
    0.007579508237540722,
    0.008070378564298153,
    0.007761707529425621
  ],
  "val_loss": [
    0.6396931409835815,
    0.134428009390831,
    0.0578375868499279,
    0.03832099586725235,
    0.035773828625679016,
    0.0324491448700428,
    0.028996458277106285,
    0.028230585157871246,
    0.024435125291347504,
    0.02332613430917263,
    0.02263515442609787,
    0.022664761170744896,
    0.01778275892138481,
    0.016315752640366554,
    0.015771638602018356,
    0.014475432224571705,
    0.01462297048419714,
    0.013569249771535397,
    0.013742838986217976,
    0.013019120320677757,
    0.012763789854943752,
    0.01209033653140068,
    0.011518288403749466,
    0.011226527392864227,
    0.010313613340258598,
    0.010845997370779514,
    0.010093883611261845,
    0.010223638266324997,
    0.010386267676949501,
    0.009966743178665638,
    0.008978528901934624,
    0.008843488991260529,
    0.008636913262307644,
    0.008409914560616016,
    0.00853030290454626,
    0.008799239061772823,
    0.00859268568456173,
    0.009079697541892529,
    0.007251446135342121,
    0.007470487151294947,
    0.008026296272873878,
    0.007551135495305061,
    0.007438058964908123,
    0.0073797632940113544,
    0.006309505086392164,
    0.006031651981174946,
    0.006271359510719776,
    0.006285998038947582,
    0.006307027768343687,
    0.005955025088042021,
    0.006212578620761633,
    0.0056408466771245,
    0.008701291866600513,
    0.0071322377771139145,
    0.005635772831737995,
    0.005683439318090677,
    0.0054656327702105045,
    0.0052282423712313175,
    0.004995210561901331,
    0.005433356389403343,
    0.005706750322133303,
    0.005602272227406502,
    0.00539635494351387,
    0.005069222301244736,
    0.005657396744936705,
    0.005454842932522297,
    0.004972216673195362,
    0.005214673466980457,
    0.005922239273786545,
    0.004839037545025349,
    0.004889588337391615,
    0.0050694262608885765,
    0.004536777269095182,
    0.004404947627335787,
    0.005160597153007984,
    0.004735046066343784,
    0.004468406550586224,
    0.0053046345710754395,
    0.005197449121624231,
    0.004583400674164295,
    0.004157735034823418,
    0.005094129592180252,
    0.004515878390520811,
    0.0041734157130122185,
    0.004309606738388538,
    0.0045423670671880245,
    0.0043413229286670685,
    0.003876324277371168,
    0.004236518871039152,
    0.004577211569994688,
    0.004151214845478535,
    0.004376281052827835,
    0.003939006477594376,
    0.004506232216954231,
    0.0043301028199493885,
    0.00444413535296917,
    0.005117205437272787,
    0.004170377738773823
  ],
  "stopped_epoch": 97
}