{
  "epochs_recorded": [
    0,
    1,
    2,
    3,
    4,
    5,
    6,
    7,
    8,
    9,
    10,
    11,
    12,
    13,
    14,
    15,
    16,
    17,
    18
  ],
  "train_loss": [
    0.9064409136772156,
    0.6133984327316284,
    0.5081436038017273,
    0.48451200127601624,
    0.4722939729690552,
    0.49829259514808655,
    0.47000038623809814,
    0.4719713628292084,
    0.46198806166648865,
    0.4661579728126526,
    0.46945920586586,
    0.47149619460105896,
    0.4664795696735382,
    0.466514527797699,
    0.46090927720069885,
    0.46004167199134827,
    0.45792537927627563,
    0.47747695446014404,
    0.4640906751155853
  ],
  "val_loss": [
    0.44696244597435,
    0.42474907636642456,
    0.28892308473587036,
    0.13686665892601013,
    0.08365431427955627,
    0.05224376171827316,
    0.04449263960123062,
    0.0430435836315155,
    0.04281929135322571,
    0.037221889942884445,
    0.04076230898499489,
    0.05616622045636177,
    0.04768969491124153,
    0.03770919144153595,
    0.03941909223794937,
    0.03755175322294235,
    0.03843192011117935,
    0.03872760012745857,
    0.03899743780493736,
    0.05713760480284691
  ],
  "stopped_epoch": 19
}