{
  "epochs_recorded": [
    0,
    1,
    2,
    3,
    4,
    5,
    6,
    7,
    8,
    9,
    10,
    11,
    12,
    13,
    14,
    15,
    16,
    17,
    18,
    19,
    20,
    21
  ],
  "train_loss": [
    0.280004620552063,
    0.10942114144563675,
    0.07530577480792999,
    0.06426414847373962,
    0.05757623538374901,
    0.054321788251399994,
    0.05222438648343086,
    0.050105880945920944,
    0.0502183623611927,
    0.04781196638941765,
    0.04625321552157402,
    0.04630955308675766,
    0.044954244047403336,
    0.04362278804183006,
    0.04216785356402397,
    0.04172791913151741,
    0.04113108292222023,
    0.04238776117563248,
    0.041078366339206696,
    0.03960733488202095,
    0.038239482790231705,
    0.04037613049149513
  ],
  "val_loss": [
    0.6219359636306763,
    0.10162320733070374,
    0.0614854097366333,
    0.04267187416553497,
    0.039061807096004486,
    0.04055387154221535,
    0.03745574876666069,
    0.04116922244429588,
    0.037754081189632416,
    0.03526024892926216,
    0.04243256151676178,
    0.037109121680259705,
    0.03405753895640373,
    0.040661875158548355,
    0.03615177050232887,
    0.03883086144924164,
    0.040233150124549866,
    0.03492320701479912,
    0.038655370473861694,
    0.03637176752090454,
    0.04142754152417183,
    0.0391436442732811,
    0.054408758878707886
  ],
  "stopped_epoch": 22
}