{
  "epochs_recorded": [
    0,
    1,
    2,
    3,
    4,
    5,
    6,
    7,
    8,
    9,
    10,
    11,
    12,
    13,
    14,
    15,
    16,
    17,
    18,
    19,
    20,
    21,
    22,
    23,
    24,
    25,
    26,
    27,
    28,
    29,
    30,
    31,
    32,
    33,
    34,
    35,
    36,
    37,
    38,
    39,
    40,
    41,
    42,
    43,
    44,
    45,
    46,
    47,
    48,
    49,
    50,
    51,
    52,
    53,
    54,
    55,
    56,
    57,
    58,
    59,
    60,
    61,
    62,
    63,
    64,
    65,
    66,
    67,
    68,
    69,
    70,
    71,
    72,
    73,
    74,
    75,
    76,
    77
  ],
  "train_loss": [
    0.26332953572273254,
    0.06820552051067352,
    0.06251689046621323,
    0.060729604214429855,
    0.05994034931063652,
    0.06005171313881874,
    0.05897965282201767,
    0.058565765619277954,
    0.058786191046237946,
    0.05840608477592468,
    0.05789623409509659,
    0.056891605257987976,
    0.05755826458334923,
    0.05551919341087341,
    0.05494030565023422,
    0.05392231419682503,
    0.05360984429717064,
    0.05434839800000191,
    0.05355288088321686,
    0.05436151847243309,
    0.05261334031820297,
    0.052376676350831985,
    0.05051882192492485,
    0.05068298801779747,
    0.04923304542899132,
    0.04787420108914375,
    0.04607365280389786,
    0.042992375791072845,
    0.038182273507118225,
    0.03449295833706856,
    0.026642387732863426,
    0.022804640233516693,
    0.024483604356646538,
    0.020884310826659203,
    0.02636784315109253,
    0.02440531924366951,
    0.0223421398550272,
    0.021942919120192528,
    0.017948949709534645,
    0.016268055886030197,
    0.016198309138417244,
    0.014473510906100273,
    0.01338836457580328,
    0.01211750041693449,
    0.01349545270204544,
    0.013954087160527706,
    0.012538105249404907,
    0.01197031233459711,
    0.011357525363564491,
    0.01149139553308487,
    0.013919150456786156,
    0.012753077782690525,
    0.013965854421257973,
    0.012359852902591228,
    0.011311476118862629,
    0.011444393545389175,
    0.010229010134935379,
    0.01085762307047844,
    0.011505485512316227,
    0.010929275304079056,
    0.012282676994800568,
    0.01084987074136734,
    0.01083902083337307,
    0.012227840721607208,
    0.014577139168977737,
    0.012354999780654907,
    0.011169224046170712,
    0.009221335873007774,
    0.010068440809845924,
    0.009693512693047523,
    0.009431397542357445,
    0.009051605127751827,
    0.009855734184384346,
    0.00936300028115511,
    0.010303547605872154,
    0.009481250308454037,
    0.009794025681912899,
    0.0090451929718256
  ],
  "val_loss": [
    0.29237568378448486,
    0.0842079371213913,
    0.07481296360492706,
    0.07065396755933762,
    0.06992169469594955,
    0.07202105224132538,
    0.07110077142715454,
    0.06942971050739288,
    0.06986193358898163,
    0.0727221742272377,
    0.07206979393959045,
    0.06964821368455887,
    0.06831559538841248,
    0.06707611680030823,
    0.06837449967861176,
    0.06499866396188736,
    0.062200821936130524,
    0.07145921885967255,
    0.06449931114912033,
    0.06120075285434723,
    0.06622599065303802,
    0.060263145714998245,
    0.06319011747837067,
    0.06021307036280632,
    0.057470206171274185,
    0.06188732013106346,
    0.05827566236257553,
    0.05179133266210556,
    0.04608986899256706,
    0.03517315909266472,
    0.0296957828104496,
    0.0168768260627985,
    0.018832560628652573,
    0.01463581994175911,
    0.027927523478865623,
    0.033287953585386276,
    0.019012844190001488,
    0.032690972089767456,
    0.024716250598430634,
    0.013704800978302956,
    0.010466965846717358,
    0.014962175861001015,
    0.010607380419969559,
    0.008367285132408142,
    0.011017647571861744,
    0.013425273820757866,
    0.009995047003030777,
    0.008878353983163834,
    0.007899942807853222,
    0.008409451693296432,
    0.012075912207365036,
    0.012763287872076035,
    0.010251990519464016,
    0.009927133098244667,
    0.009736068546772003,
    0.009860184974968433,
    0.008023831062018871,
    0.008350207470357418,
    0.006732151377946138,
    0.009416380897164345,
    0.011225494556128979,
    0.010333619080483913,
    0.007815325632691383,
    0.011058692820370197,
    0.011156788095831871,
    0.01098201796412468,
    0.01081804744899273,
    0.008244480937719345,
    0.006395760923624039,
    0.008164688013494015,
    0.007087279111146927,
    0.0069456384517252445,
    0.011490135453641415,
    0.008377626538276672,
    0.014206056483089924,
    0.006644528359174728,
    0.007414081133902073,
    0.00745811453089118,
    0.00727462163195014
  ],
  "stopped_epoch": 78
}