{
  "epochs_recorded": [
    0,
    1,
    2,
    3,
    4,
    5,
    6,
    7,
    8,
    9,
    10,
    11,
    12,
    13,
    14,
    15,
    16,
    17,
    18,
    19,
    20,
    21,
    22,
    23,
    24,
    25,
    26,
    27,
    28,
    29,
    30,
    31,
    32,
    33,
    34,
    35,
    36,
    37,
    38,
    39,
    40,
    41,
    42,
    43,
    44,
    45,
    46,
    47,
    48,
    49,
    50,
    51,
    52,
    53,
    54,
    55,
    56,
    57,
    58,
    59,
    60,
    61,
    62,
    63,
    64,
    65,
    66,
    67,
    68,
    69,
    70,
    71,
    72,
    73,
    74
  ],
  "train_loss": [
    0.7792831063270569,
    0.7773662805557251,
    0.6069014072418213,
    0.5488954782485962,
    0.5429338812828064,
    0.5470677018165588,
    0.5140641331672668,
    0.5168259739875793,
    0.5175658464431763,
    0.5032867193222046,
    0.5110417604446411,
    0.550122857093811,
    0.48577141761779785,
    0.46898213028907776,
    0.4830475449562073,
    0.4680708646774292,
    0.4559997320175171,
    0.4577949643135071,
    0.46481090784072876,
    0.45074334740638733,
    0.4437568187713623,
    0.46323180198669434,
    0.46663153171539307,
    0.45269742608070374,
    0.44718295335769653,
    0.4742524027824402,
    0.4502442479133606,
    0.45584383606910706,
    0.4541293680667877,
    0.44652777910232544,
    0.45121657848358154,
    0.463527649641037,
    0.4582262635231018,
    0.45108649134635925,
    0.44916465878486633,
    0.45092329382896423,
    0.45621445775032043,
    0.4674930274486542,
    0.4546796977519989,
    0.4458015561103821,
    0.4459194839000702,
    0.45180779695510864,
    0.4430997669696808,
    0.4588887691497803,
    0.4503418207168579,
    0.4494449496269226,
    0.46547001600265503,
    0.45868876576423645,
    0.46497029066085815,
    0.4465619921684265,
    0.44257333874702454,
    0.4575828015804291,
    0.45301514863967896,
    0.45368942618370056,
    0.446073055267334,
    0.45182737708091736,
    0.4458967447280884,
    0.44668522477149963,
    0.4465353488922119,
    0.4550299644470215,
    0.4491707682609558,
    0.4570985734462738,
    0.4475100040435791,
    0.4497082531452179,
    0.445778489112854,
    0.44611862301826477,
    0.4407864212989807,
    0.46215206384658813,
    0.495626837015152,
    0.4489094018936157,
    0.44616907835006714,
    0.43390926718711853,
    0.4287230968475342,
    0.43680429458618164,
    0.43911707401275635
  ],
  "val_loss": [
    23.297895431518555,
    0.6031039357185364,
    4.337594985961914,
    2.224592685699463,
    0.12134546041488647,
    0.10769487172365189,
    0.0915876030921936,
    0.08298218995332718,
    0.08910612761974335,
    0.08288902044296265,
    0.08344127982854843,
    0.07886950671672821,
    0.08722066879272461,
    0.07560539245605469,
    0.07016002386808395,
    0.06351439654827118,
    0.06250644475221634,
    0.12278179079294205,
    0.03953833505511284,
    0.12255866825580597,
    0.036092303693294525,
    0.04969262704253197,
    0.07541056722402573,
    0.028808221220970154,
    0.03101908415555954,
    0.0521746426820755,
    0.21025173366069794,
    0.024790974333882332,
    0.07229020446538925,
    0.021931789815425873,
    0.02125680260360241,
    0.028760723769664764,
    0.021779069676995277,
    0.030256452038884163,
    0.040585801005363464,
    0.053830575197935104,
    0.11175374686717987,
    0.07752741128206253,
    0.023251395672559738,
    0.020393429324030876,
    0.04863770306110382,
    0.035051196813583374,
    0.08083092421293259,
    0.07649118453264236,
    0.023971645161509514,
    0.05120482295751572,
    0.020007336512207985,
    0.025462783873081207,
    0.08270177990198135,
    0.03767559304833412,
    0.044934071600437164,
    0.022924579679965973,
    0.05421500280499458,
    0.03104313835501671,
    0.04319639503955841,
    0.018890781328082085,
    0.021154752001166344,
    0.036316871643066406,
    0.029764050617814064,
    0.028966736048460007,
    0.09292773902416229,
    0.044387683272361755,
    0.026646815240383148,
    0.03693701699376106,
    0.022176215425133705,
    0.016302159056067467,
    0.019233815371990204,
    0.028559736907482147,
    0.03876999765634537,
    0.08168051391839981,
    0.03259929269552231,
    0.03221075236797333,
    0.02450675703585148,
    0.0229575727134943,
    0.02931704744696617,
    0.0667688399553299
  ],
  "stopped_epoch": 75
}