{
  "epochs_recorded": [
    0,
    1,
    2,
    3,
    4,
    5,
    6,
    7,
    8,
    9,
    10,
    11,
    12,
    13,
    14,
    15,
    16,
    17,
    18,
    19,
    20,
    21,
    22,
    23,
    24,
    25,
    26,
    27,
    28,
    29,
    30,
    31,
    32,
    33,
    34,
    35,
    36,
    37,
    38,
    39,
    40,
    41,
    42,
    43,
    44,
    45,
    46,
    47,
    48,
    49,
    50,
    51,
    52,
    53,
    54,
    55,
    56,
    57,
    58,
    59,
    60,
    61,
    62,
    63,
    64,
    65,
    66,
    67,
    68,
    69,
    70,
    71,
    72,
    73,
    74,
    75,
    76,
    77,
    78,
    79,
    80,
    81,
    82,
    83,
    84,
    85,
    86,
    87,
    88,
    89,
    90,
    91,
    92,
    93,
    94,
    95,
    96,
    97,
    98,
    99
  ],
  "train_loss": [
    0.7958025932312012,
    0.2410447746515274,
    0.18323953449726105,
    0.15119606256484985,
    0.07922115176916122,
    0.05713198333978653,
    0.050619062036275864,
    0.04459159076213837,
    0.04162965714931488,
    0.03859131410717964,
    0.03593874350190163,
    0.034361571073532104,
    0.03146449476480484,
    0.029760150238871574,
    0.027684269472956657,
    0.025989390909671783,
    0.024541540071368217,
    0.022964535281062126,
    0.02150724083185196,
    0.02003978006541729,
    0.01875261403620243,
    0.018001729622483253,
    0.017914647236466408,
    0.016367698088288307,
    0.015433914959430695,
    0.014432001858949661,
    0.014154287986457348,
    0.014400255866348743,
    0.012924480251967907,
    0.012905691750347614,
    0.013244837522506714,
    0.011733930557966232,
    0.011318329721689224,
    0.011235116980969906,
    0.01136864349246025,
    0.010381805710494518,
    0.010488335974514484,
    0.01040874794125557,
    0.010194540955126286,
    0.01008782722055912,
    0.009979636408388615,
    0.00957193598151207,
    0.009412785060703754,
    0.009328348562121391,
    0.008682089857757092,
    0.008487733080983162,
    0.008432980626821518,
    0.008418729528784752,
    0.008559737354516983,
    0.00855738203972578,
    0.00831796508282423,
    0.007902910932898521,
    0.008012204430997372,
    0.007593252696096897,
    0.007867204956710339,
    0.007420490495860577,
    0.007449747528880835,
    0.007444458082318306,
    0.007364822551608086,
    0.007801887579262257,
    0.007108390796929598,
    0.007087739650160074,
    0.007187562994658947,
    0.006759060081094503,
    0.00717094587162137,
    0.007092009764164686,
    0.006848474033176899,
    0.006529195699840784,
    0.006381923332810402,
    0.006742943078279495,
    0.0065666306763887405,
    0.006157717201858759,
    0.006116605829447508,
    0.006311342585831881,
    0.006123606115579605,
    0.005975265055894852,
    0.005894961766898632,
    0.006068660411983728,
    0.005770615767687559,
    0.0058002532459795475,
    0.005902383476495743,
    0.005911306012421846,
    0.005691978149116039,
    0.006052135024219751,
    0.005531926639378071,
    0.005415985360741615,
    0.005711831618100405,
    0.005390328820794821,
    0.005385351367294788,
    0.005319459363818169,
    0.005383978597819805,
    0.005254339426755905,
    0.005212822929024696,
    0.005349559709429741,
    0.005129658617079258,
    0.005457086488604546,
    0.005359201226383448,
    0.005023468751460314,
    0.005045461468398571,
    0.005133216269314289
  ],
  "val_loss": [
    0.41294634342193604,
    0.25513535737991333,
    0.16157524287700653,
    0.14865659177303314,
    0.09380081295967102,
    0.05160607025027275,
    0.04399527609348297,
    0.039321474730968475,
    0.0362803153693676,
    0.03460409492254257,
    0.031848758459091187,
    0.029185311868786812,
    0.027413515374064445,
    0.025126075372099876,
    0.023191487416625023,
    0.02245848812162876,
    0.021240999922156334,
    0.018286652863025665,
    0.017767487093806267,
    0.015356569550931454,
    0.014896076172590256,
    0.013303499668836594,
    0.012642273679375648,
    0.012233531102538109,
    0.010980241000652313,
    0.009938393719494343,
    0.009240511804819107,
    0.010538815520703793,
    0.008560906164348125,
    0.007984984666109085,
    0.008578314445912838,
    0.00773916719481349,
    0.007163327187299728,
    0.006690951529890299,
    0.006632844917476177,
    0.007177597377449274,
    0.006276358384639025,
    0.006711107678711414,
    0.006338167004287243,
    0.006098566576838493,
    0.0061458079144358635,
    0.005543048959225416,
    0.005926858633756638,
    0.005182567052543163,
    0.00513699185103178,
    0.004815865773707628,
    0.004644123837351799,
    0.004487435333430767,
    0.004809710197150707,
    0.004505343269556761,
    0.004942277446389198,
    0.004026125185191631,
    0.0050577460788190365,
    0.00470986682921648,
    0.004266741685569286,
    0.004033301956951618,
    0.0038170123007148504,
    0.003808244364336133,
    0.0035832845605909824,
    0.0046400646679103374,
    0.0038660315331071615,
    0.0038794800639152527,
    0.003957448992878199,
    0.0036252308636903763,
    0.0036210238467901945,
    0.0035317493602633476,
    0.0039001095574349165,
    0.0038199371192604303,
    0.003156558843329549,
    0.0033066377509385347,
    0.0035764449276030064,
    0.003352745436131954,
    0.003083739196881652,
    0.003271718043833971,
    0.0031042981427162886,
    0.0028681030962616205,
    0.0027639458421617746,
    0.003456393489614129,
    0.002997782314196229,
    0.002629344817250967,
    0.003095493419095874,
    0.00285014184191823,
    0.0031095060985535383,
    0.0027876270469278097,
    0.0027721829246729612,
    0.0025284183211624622,
    0.0028122025541961193,
    0.0025756366085261106,
    0.002574225887656212,
    0.0025480221956968307,
    0.00255185691639781,
    0.002707259962335229,
    0.0023498637601733208,
    0.002401866717264056,
    0.0026699549052864313,
    0.002560321008786559,
    0.003052890533581376,
    0.002438719617202878,
    0.002427889034152031,
    0.0023319190368056297,
    0.0024675014428794384
  ],
  "stopped_epoch": 100
}