{
  "epochs_recorded": [
    0,
    1,
    2,
    3,
    4,
    5,
    6,
    7,
    8,
    9,
    10,
    11,
    12,
    13,
    14,
    15,
    16,
    17,
    18,
    19,
    20,
    21,
    22,
    23,
    24,
    25,
    26,
    27,
    28,
    29,
    30,
    31,
    32,
    33,
    34,
    35,
    36,
    37,
    38,
    39,
    40,
    41,
    42,
    43,
    44,
    45,
    46,
    47,
    48,
    49,
    50,
    51,
    52,
    53,
    54,
    55,
    56,
    57,
    58,
    59,
    60,
    61,
    62,
    63,
    64,
    65,
    66,
    67,
    68,
    69,
    70,
    71,
    72,
    73,
    74,
    75,
    76,
    77,
    78,
    79,
    80,
    81,
    82,
    83,
    84,
    85,
    86,
    87,
    88,
    89,
    90,
    91,
    92,
    93,
    94,
    95,
    96,
    97,
    98,
    99
  ],
  "train_loss": [
    0.5291748046875,
    0.23456458747386932,
    0.2025957554578781,
    0.17668546736240387,
    0.15739533305168152,
    0.15167322754859924,
    0.1304950714111328,
    0.11857815831899643,
    0.10979814827442169,
    0.09897568076848984,
    0.09175031632184982,
    0.08787503093481064,
    0.08298908919095993,
    0.07729040831327438,
    0.07599620521068573,
    0.07108234614133835,
    0.06895827502012253,
    0.06785311549901962,
    0.0649438351392746,
    0.06198174133896828,
    0.061674974858760834,
    0.06053626164793968,
    0.06132384389638901,
    0.057401951402425766,
    0.05715826526284218,
    0.05560719594359398,
    0.055246710777282715,
    0.05463474616408348,
    0.05389615520834923,
    0.05289528891444206,
    0.05178375169634819,
    0.050597649067640305,
    0.05027942359447479,
    0.048653699457645416,
    0.04828069731593132,
    0.04810422286391258,
    0.04731544107198715,
    0.04741468280553818,
    0.044698189944028854,
    0.04507138580083847,
    0.045036569237709045,
    0.04339127615094185,
    0.0435294434428215,
    0.04366865009069443,
    0.04291597008705139,
    0.04220970720052719,
    0.041478123515844345,
    0.041861146688461304,
    0.041792478412389755,
    0.04084091633558273,
    0.04088585451245308,
    0.039902232587337494,
    0.039569348096847534,
    0.039533574134111404,
    0.03805500641465187,
    0.03895558416843414,
    0.03709765151143074,
    0.03808924928307533,
    0.03779619559645653,
    0.03715075924992561,
    0.03608468174934387,
    0.03669946268200874,
    0.03607722371816635,
    0.035699132829904556,
    0.035116683691740036,
    0.034907855093479156,
    0.03410367667675018,
    0.03345774486660957,
    0.03348507732152939,
    0.0332879014313221,
    0.03364800661802292,
    0.03292164206504822,
    0.03196418657898903,
    0.03242675960063934,
    0.030906548723578453,
    0.03156019747257233,
    0.03055627830326557,
    0.031714607030153275,
    0.030460134148597717,
    0.03026202693581581,
    0.03014354035258293,
    0.030292844399809837,
    0.030043845996260643,
    0.029142851009964943,
    0.028578173369169235,
    0.029429251328110695,
    0.02902446687221527,
    0.028549542650580406,
    0.02877899818122387,
    0.028413962572813034,
    0.02816278301179409,
    0.027366749942302704,
    0.02840370126068592,
    0.02793269231915474,
    0.02708263322710991,
    0.02711438201367855,
    0.02731282450258732,
    0.02659701369702816,
    0.026119157671928406,
    0.026632657274603844
  ],
  "val_loss": [
    2.0222668647766113,
    0.195866197347641,
    0.14105260372161865,
    0.12145828455686569,
    0.10531744360923767,
    0.09078380465507507,
    0.07682906091213226,
    0.06633862107992172,
    0.05873453617095947,
    0.05318930000066757,
    0.05190027877688408,
    0.04749281331896782,
    0.04471591114997864,
    0.043283119797706604,
    0.042347248643636703,
    0.04240268096327782,
    0.04148584231734276,
    0.03964759036898613,
    0.04050721600651741,
    0.039032917469739914,
    0.03853131830692291,
    0.03876515477895737,
    0.03792950510978699,
    0.038265302777290344,
    0.03740940988063812,
    0.03626926243305206,
    0.03644535690546036,
    0.03617977350950241,
    0.036513861268758774,
    0.03497356176376343,
    0.03549962863326073,
    0.034506045281887054,
    0.035437360405921936,
    0.034212782979011536,
    0.03446803241968155,
    0.033989835530519485,
    0.03377094119787216,
    0.03316519036889076,
    0.032476190477609634,
    0.03289749473333359,
    0.032908860594034195,
    0.0315588042140007,
    0.03112379088997841,
    0.030901361256837845,
    0.030020764097571373,
    0.03092418983578682,
    0.029716290533542633,
    0.030178921297192574,
    0.030435997992753983,
    0.029274147003889084,
    0.028861291706562042,
    0.02939244545996189,
    0.02847990021109581,
    0.027707234025001526,
    0.029378756880760193,
    0.028234807774424553,
    0.027524957433342934,
    0.026791054755449295,
    0.026678431779146194,
    0.026771564036607742,
    0.02683584950864315,
    0.02617965266108513,
    0.02584335021674633,
    0.026306521147489548,
    0.025799430906772614,
    0.025059616193175316,
    0.025190329179167747,
    0.024736762046813965,
    0.024203315377235413,
    0.024083878844976425,
    0.02381652407348156,
    0.024174127727746964,
    0.023182518780231476,
    0.02317517064511776,
    0.023124389350414276,
    0.022734303027391434,
    0.02202039398252964,
    0.022302942350506783,
    0.021696288138628006,
    0.021942127496004105,
    0.021807264536619186,
    0.02174101397395134,
    0.021031033247709274,
    0.020642397925257683,
    0.020335325971245766,
    0.020545130595564842,
    0.020882954820990562,
    0.019717944785952568,
    0.019325876608490944,
    0.019789541140198708,
    0.019761718809604645,
    0.01925182156264782,
    0.019146298989653587,
    0.018603490665555,
    0.01902897097170353,
    0.01865248754620552,
    0.018140513449907303,
    0.018322816118597984,
    0.018169527873396873,
    0.017627336084842682,
    0.018179673701524734
  ],
  "stopped_epoch": 100
}