{
  "epochs_recorded": [
    0,
    1,
    2,
    3,
    4,
    5,
    6,
    7,
    8,
    9,
    10,
    11,
    12,
    13,
    14,
    15,
    16,
    17,
    18,
    19,
    20,
    21,
    22,
    23,
    24,
    25,
    26,
    27,
    28,
    29,
    30,
    31,
    32
  ],
  "train_loss": [
    1.0835514068603516,
    0.5855429172515869,
    0.5361663103103638,
    0.503546953201294,
    0.4968651235103607,
    0.5224215388298035,
    0.49192845821380615,
    0.5180527567863464,
    0.5008921027183533,
    0.5019974708557129,
    0.4922303259372711,
    0.4835834205150604,
    0.48425641655921936,
    0.47824037075042725,
    0.47588005661964417,
    0.47374075651168823,
    0.4735828638076782,
    0.49308669567108154,
    0.4886236786842346,
    0.48725807666778564,
    0.4766034781932831,
    0.48299306631088257,
    0.49462878704071045,
    0.47293034195899963,
    0.4714603126049042,
    0.47092413902282715,
    0.488157719373703,
    0.4762158989906311,
    0.4639832675457001,
    0.46762871742248535,
    0.4772222936153412,
    0.4665759801864624,
    0.46672725677490234
  ],
  "val_loss": [
    0.30786746740341187,
    3.5593810081481934,
    0.2153673768043518,
    0.12039890140295029,
    0.07449345290660858,
    0.05800686776638031,
    0.05069830268621445,
    0.0560290701687336,
    0.05867118760943413,
    0.05138902738690376,
    0.04960567504167557,
    0.04765097051858902,
    0.05782662332057953,
    0.05347225069999695,
    0.04665623605251312,
    0.04590674489736557,
    0.046731799840927124,
    0.043712273240089417,
    0.042439430952072144,
    0.05271045118570328,
    0.05123402550816536,
    0.044306498020887375,
    0.040355369448661804,
    0.03963426128029823,
    0.03976915404200554,
    0.04010357707738876,
    0.046006932854652405,
    0.04100467637181282,
    0.03979771211743355,
    0.04313848167657852,
    0.04074207693338394,
    0.04401306062936783,
    0.04478155076503754,
    0.04748644679784775
  ],
  "stopped_epoch": 33
}