{
  "epochs_recorded": [
    0,
    1,
    2,
    3,
    4,
    5,
    6,
    7,
    8,
    9,
    10,
    11,
    12,
    13,
    14,
    15,
    16,
    17,
    18,
    19,
    20,
    21,
    22,
    23,
    24,
    25,
    26,
    27,
    28,
    29,
    30,
    31,
    32,
    33,
    34,
    35,
    36,
    37,
    38,
    39,
    40,
    41,
    42,
    43,
    44,
    45,
    46,
    47,
    48,
    49,
    50,
    51,
    52,
    53,
    54,
    55,
    56,
    57,
    58,
    59,
    60,
    61,
    62,
    63,
    64,
    65,
    66,
    67,
    68,
    69
  ],
  "train_loss": [
    0.9290250539779663,
    0.91410231590271,
    0.8237444162368774,
    0.7238776087760925,
    0.9297356605529785,
    0.6690419912338257,
    0.624247670173645,
    0.6522620916366577,
    0.6315696835517883,
    0.6605788469314575,
    0.6050266027450562,
    0.5705631375312805,
    0.6263908743858337,
    0.5822573900222778,
    0.5867118835449219,
    0.5887470245361328,
    0.5780287981033325,
    0.5921651124954224,
    0.5787206888198853,
    0.593255877494812,
    0.5726958513259888,
    0.561903715133667,
    0.5545365810394287,
    0.565299391746521,
    0.599319338798523,
    0.5941426753997803,
    0.5747877359390259,
    0.5555902123451233,
    0.5265846252441406,
    0.5636236667633057,
    0.5552442073822021,
    0.5338238477706909,
    0.5614955425262451,
    0.5458702445030212,
    0.5469104647636414,
    0.54609614610672,
    0.5326611399650574,
    0.5488539934158325,
    0.5674290060997009,
    0.5213478207588196,
    0.5674293041229248,
    0.5555459260940552,
    0.5511455535888672,
    0.5616928339004517,
    0.5337207317352295,
    0.5250781774520874,
    0.5426860451698303,
    0.5337241888046265,
    0.5521222352981567,
    0.5332263708114624,
    0.5232540965080261,
    0.536959171295166,
    0.5202838182449341,
    0.5272545218467712,
    0.5276774764060974,
    0.5587779879570007,
    0.5634060502052307,
    0.5121407508850098,
    0.5545339584350586,
    0.5664474964141846,
    0.5413577556610107,
    0.5557175278663635,
    0.5379169583320618,
    0.5565502047538757,
    0.5594018697738647,
    0.5398943424224854,
    0.531786322593689,
    0.5408965945243835,
    0.5365070104598999,
    0.5494015216827393
  ],
  "val_loss": [
    1.316398024559021,
    3.415642738342285,
    1.2096539735794067,
    0.505784273147583,
    0.25829875469207764,
    0.23403549194335938,
    0.15022426843643188,
    0.15436109900474548,
    0.6636896729469299,
    0.21462509036064148,
    0.14762060344219208,
    0.16034771502017975,
    0.1220865324139595,
    0.11928929388523102,
    0.11340833455324173,
    0.11410117894411087,
    0.11842261999845505,
    0.11804069578647614,
    0.11673736572265625,
    0.11951252073049545,
    0.12055082619190216,
    0.12142528593540192,
    0.11257971078157425,
    0.11640729755163193,
    0.10367219150066376,
    0.11576462537050247,
    0.13028044998645782,
    0.11056556552648544,
    0.10091450065374374,
    0.10747666656970978,
    0.10296028107404709,
    0.10520805418491364,
    0.10137669742107391,
    0.10060638189315796,
    0.10420358926057816,
    0.09916305541992188,
    0.10296178609132767,
    0.10342032462358475,
    0.10536055266857147,
    0.276653528213501,
    0.1710202991962433,
    0.10125711560249329,
    0.09235265851020813,
    0.09457127749919891,
    0.09833559393882751,
    0.09262853860855103,
    0.12003279477357864,
    0.1025017723441124,
    0.09236856549978256,
    0.08987133949995041,
    0.09278102964162827,
    0.09107661247253418,
    0.09247704595327377,
    0.08948003500699997,
    0.09228799492120743,
    0.0942888855934143,
    0.09217702597379684,
    0.08910127729177475,
    0.09233708679676056,
    0.08892502635717392,
    0.08716855943202972,
    0.09252817183732986,
    0.08965906500816345,
    0.09356226027011871,
    0.09149568527936935,
    0.09354563057422638,
    0.09058956056833267,
    1.5722421407699585,
    0.10101012885570526,
    0.08749831467866898,
    0.09127029776573181
  ],
  "stopped_epoch": 70
}