{
  "epochs_recorded": [
    0,
    1,
    2,
    3,
    4,
    5,
    6,
    7,
    8,
    9,
    10,
    11,
    12,
    13,
    14,
    15,
    16,
    17,
    18,
    19,
    20,
    21,
    22,
    23,
    24,
    25,
    26,
    27,
    28,
    29,
    30,
    31,
    32,
    33,
    34,
    35,
    36,
    37,
    38,
    39,
    40,
    41,
    42,
    43,
    44,
    45
  ],
  "train_loss": [
    0.13773152232170105,
    0.07972218841314316,
    0.07129477709531784,
    0.06940124183893204,
    0.06788873672485352,
    0.06626379489898682,
    0.06266477704048157,
    0.06252896785736084,
    0.06115121766924858,
    0.05939638614654541,
    0.05967448651790619,
    0.05823706090450287,
    0.0588444247841835,
    0.058111630380153656,
    0.05648812651634216,
    0.05682900547981262,
    0.05692832171916962,
    0.05677621439099312,
    0.05737997218966484,
    0.056485019624233246,
    0.055442288517951965,
    0.054389141499996185,
    0.05380456894636154,
    0.05374453589320183,
    0.053791217505931854,
    0.053653791546821594,
    0.053051453083753586,
    0.05402129516005516,
    0.05445956066250801,
    0.052547235041856766,
    0.05253535881638527,
    0.05318193882703781,
    0.053687866777181625,
    0.053708720952272415,
    0.05268146097660065,
    0.05381112918257713,
    0.052684489637613297,
    0.052893586456775665,
    0.05239443853497505,
    0.05137870833277702,
    0.05149209126830101,
    0.05233137682080269,
    0.05079387500882149,
    0.05128444731235504,
    0.0510527566075325,
    0.050871580839157104
  ],
  "val_loss": [
    0.33070889115333557,
    0.07676907628774643,
    0.07082033157348633,
    0.06947210431098938,
    0.0695560872554779,
    0.06907746940851212,
    0.06695637106895447,
    0.06557649374008179,
    0.06429684907197952,
    0.06405189633369446,
    0.06331236660480499,
    0.06248445808887482,
    0.062319908291101456,
    0.06161268800497055,
    0.061953749507665634,
    0.06214933469891548,
    0.061391886323690414,
    0.06228227540850639,
    0.0671980157494545,
    0.0662553682923317,
    0.06459613889455795,
    0.06218789890408516,
    0.06515876203775406,
    0.0611766017973423,
    0.06095198541879654,
    0.062385283410549164,
    0.06294489651918411,
    0.06300279498100281,
    0.060952309519052505,
    0.06389695405960083,
    0.0629904568195343,
    0.0611485093832016,
    0.06162390112876892,
    0.06190548092126846,
    0.06054931506514549,
    0.06057511642575264,
    0.06037632375955582,
    0.060799580067396164,
    0.06154801324009895,
    0.0623292550444603,
    0.061176422983407974,
    0.06177289038896561,
    0.06109211966395378,
    0.06277677416801453,
    0.060937751084566116,
    0.06138908490538597,
    0.061967238783836365
  ],
  "stopped_epoch": 46
}