{
  "epochs_recorded": [
    0,
    1,
    2,
    3,
    4,
    5,
    6,
    7,
    8,
    9,
    10,
    11,
    12,
    13,
    14,
    15,
    16,
    17,
    18,
    19,
    20,
    21,
    22,
    23,
    24,
    25,
    26,
    27,
    28,
    29,
    30,
    31,
    32,
    33,
    34,
    35,
    36,
    37,
    38,
    39,
    40,
    41,
    42,
    43,
    44,
    45,
    46,
    47,
    48,
    49,
    50,
    51,
    52,
    53,
    54,
    55,
    56,
    57,
    58,
    59,
    60,
    61,
    62,
    63,
    64,
    65,
    66,
    67,
    68,
    69,
    70,
    71,
    72,
    73,
    74,
    75,
    76,
    77,
    78,
    79
  ],
  "train_loss": [
    2.0120770931243896,
    1.2211511135101318,
    1.1259936094284058,
    0.8990973234176636,
    1.0414903163909912,
    0.7379446625709534,
    0.623524010181427,
    0.6415452361106873,
    0.6049137711524963,
    0.6325198411941528,
    0.5826916694641113,
    0.583932638168335,
    0.6279453039169312,
    0.5184609293937683,
    0.5521480441093445,
    0.5337464809417725,
    0.5198280215263367,
    0.5174314379692078,
    0.5415099263191223,
    0.4846826195716858,
    0.5004580020904541,
    0.5162731409072876,
    0.5059869289398193,
    0.49338963627815247,
    0.4794318974018097,
    0.491401344537735,
    0.4805263876914978,
    0.49714693427085876,
    0.4946785271167755,
    0.47922414541244507,
    0.4946190416812897,
    0.4794589877128601,
    0.48351985216140747,
    0.47624677419662476,
    0.5466049909591675,
    0.5240030884742737,
    0.47752106189727783,
    0.49741536378860474,
    0.5454688668251038,
    0.48565760254859924,
    0.477865606546402,
    0.4815237522125244,
    0.4645954668521881,
    0.5004835724830627,
    0.4787350594997406,
    0.46310824155807495,
    0.6441736817359924,
    0.4600179195404053,
    0.4641568660736084,
    0.4473866820335388,
    0.4588180184364319,
    0.4731638729572296,
    0.46590083837509155,
    0.46595337986946106,
    0.46747708320617676,
    0.4636732041835785,
    0.4634442627429962,
    0.4630699157714844,
    0.4654833972454071,
    0.4740108847618103,
    0.49253401160240173,
    0.473664790391922,
    0.460723340511322,
    0.4576207399368286,
    0.4536757171154022,
    0.5307230949401855,
    0.4638493061065674,
    0.45926305651664734,
    0.4603627622127533,
    0.47348904609680176,
    0.48330777883529663,
    0.5128445029258728,
    0.4590717554092407,
    0.4601772427558899,
    0.4630252420902252,
    0.49286991357803345,
    0.4644630551338196,
    0.46434730291366577,
    0.4585725963115692,
    0.5188295245170593
  ],
  "val_loss": [
    0.7940444946289062,
    0.2277325838804245,
    0.3144465982913971,
    0.14108775556087494,
    0.15601015090942383,
    0.5433942675590515,
    0.23650673031806946,
    0.21579870581626892,
    0.13796541094779968,
    0.1129772961139679,
    0.09965787827968597,
    0.11282318830490112,
    0.09162624180316925,
    0.09010984748601913,
    0.08451176434755325,
    0.08448880165815353,
    0.08401128649711609,
    0.08291200548410416,
    0.08238653093576431,
    0.082322858273983,
    0.08231128752231598,
    0.08551075309515,
    0.07768034189939499,
    0.07255497574806213,
    0.0752335637807846,
    0.06945151090621948,
    0.06696275621652603,
    0.06848593056201935,
    0.07412149757146835,
    0.06056308373808861,
    0.0744614228606224,
    0.08150582015514374,
    0.055456820875406265,
    0.05111979320645332,
    0.048789262771606445,
    0.08026298880577087,
    0.056048210710287094,
    0.05848896875977516,
    0.08602271974086761,
    0.09894450008869171,
    0.04176311939954758,
    0.06538387387990952,
    0.05690114572644234,
    0.03912102431058884,
    0.05247316509485245,
    0.046688392758369446,
    0.04820125550031662,
    0.05794917047023773,
    0.053894899785518646,
    0.02961616963148117,
    0.03172512352466583,
    0.04302523657679558,
    0.04056772217154503,
    0.029194174334406853,
    0.029827766120433807,
    0.04238710552453995,
    0.02644474059343338,
    0.03222751244902611,
    0.02826562151312828,
    0.029734676703810692,
    0.034704335033893585,
    0.05506429076194763,
    0.03259517252445221,
    0.04333827644586563,
    0.026024766266345978,
    0.04521189630031586,
    0.03715891018509865,
    0.06678389757871628,
    0.029149534180760384,
    0.049527645111083984,
    0.02475348487496376,
    0.03776361048221588,
    0.05938010290265083,
    0.0364585742354393,
    0.037493787705898285,
    0.053432151675224304,
    0.047431815415620804,
    0.038850508630275726,
    0.02724463678896427,
    0.04175396263599396,
    0.031424202024936676
  ],
  "stopped_epoch": 80
}