{
  "epochs_recorded": [
    0,
    1,
    2,
    3,
    4,
    5,
    6,
    7,
    8,
    9,
    10,
    11,
    12,
    13,
    14,
    15,
    16,
    17,
    18,
    19,
    20,
    21,
    22,
    23,
    24,
    25,
    26,
    27,
    28,
    29,
    30,
    31,
    32,
    33,
    34,
    35,
    36,
    37,
    38,
    39,
    40,
    41,
    42,
    43,
    44,
    45,
    46,
    47,
    48,
    49,
    50,
    51,
    52,
    53,
    54,
    55,
    56,
    57,
    58,
    59,
    60,
    61,
    62,
    63,
    64,
    65,
    66,
    67,
    68,
    69,
    70,
    71,
    72,
    73,
    74,
    75,
    76,
    77,
    78,
    79,
    80,
    81,
    82,
    83,
    84,
    85,
    86,
    87,
    88,
    89,
    90,
    91,
    92,
    93,
    94,
    95,
    96,
    97,
    98,
    99
  ],
  "train_loss": [
    2.0268805027008057,
    0.157644122838974,
    0.09651108831167221,
    0.08894428610801697,
    0.08056896924972534,
    0.07990922033786774,
    0.07390522211790085,
    0.07402285188436508,
    0.07350955903530121,
    0.07114722579717636,
    0.07024984061717987,
    0.06904098391532898,
    0.06820565462112427,
    0.06732587516307831,
    0.06649480015039444,
    0.06614695489406586,
    0.06494474411010742,
    0.06535210460424423,
    0.06655566394329071,
    0.06393477320671082,
    0.06255294382572174,
    0.06274134665727615,
    0.06086070090532303,
    0.06100016087293625,
    0.060289643704891205,
    0.06056287884712219,
    0.06036313995718956,
    0.059982702136039734,
    0.060370732098817825,
    0.05907395854592323,
    0.058475036174058914,
    0.0588691420853138,
    0.06000590696930885,
    0.06168775632977486,
    0.05797508731484413,
    0.05933124199509621,
    0.059171147644519806,
    0.057579055428504944,
    0.058071430772542953,
    0.0563221275806427,
    0.05609394237399101,
    0.05557812377810478,
    0.05527736246585846,
    0.05496220663189888,
    0.05464654415845871,
    0.05476057529449463,
    0.054914284497499466,
    0.05418345332145691,
    0.05343354120850563,
    0.05398665741086006,
    0.05387190356850624,
    0.053525373339653015,
    0.05269847810268402,
    0.05206317454576492,
    0.051916513592004776,
    0.050594110041856766,
    0.04997880384325981,
    0.048610907047986984,
    0.047359298914670944,
    0.04522844776511192,
    0.042729150503873825,
    0.0455860011279583,
    0.0448489747941494,
    0.04236036166548729,
    0.04041498154401779,
    0.041581813246011734,
    0.03956655412912369,
    0.03800554573535919,
    0.03955118730664253,
    0.040078774094581604,
    0.03690145164728165,
    0.03778018802404404,
    0.03548549488186836,
    0.034353625029325485,
    0.03531189262866974,
    0.032366689294576645,
    0.03633123263716698,
    0.03321557119488716,
    0.034312207251787186,
    0.0331529900431633,
    0.029385985806584358,
    0.029309717938303947,
    0.030065614730119705,
    0.030180495232343674,
    0.03032669797539711,
    0.029745807871222496,
    0.029523681849241257,
    0.03106788359582424,
    0.030466478317975998,
    0.02831459604203701,
    0.02928891032934189,
    0.026238657534122467,
    0.024295730516314507,
    0.025071434676647186,
    0.028698360547423363,
    0.027534807100892067,
    0.02549455314874649,
    0.024441959336400032,
    0.021015293896198273,
    0.023586878553032875
  ],
  "val_loss": [
    0.27780959010124207,
    0.16186664998531342,
    0.09148870408535004,
    0.08120628446340561,
    0.07630427181720734,
    0.07978300750255585,
    0.07193165272474289,
    0.06947031617164612,
    0.06931991875171661,
    0.06949666142463684,
    0.06936036795377731,
    0.06927046924829483,
    0.07016997039318085,
    0.07021593302488327,
    0.06965501606464386,
    0.06914572417736053,
    0.06917980313301086,
    0.07049079239368439,
    0.07708964496850967,
    0.07242283225059509,
    0.07045163214206696,
    0.0689537301659584,
    0.07059940695762634,
    0.06890691071748734,
    0.06935789436101913,
    0.07014977186918259,
    0.07008665800094604,
    0.0693000853061676,
    0.06896962970495224,
    0.07022377848625183,
    0.06939122825860977,
    0.06906988471746445,
    0.06871230900287628,
    0.07285888493061066,
    0.07078991085290909,
    0.06836409866809845,
    0.06861720979213715,
    0.06996557861566544,
    0.06788335740566254,
    0.06774133443832397,
    0.06635738909244537,
    0.06665952503681183,
    0.06656330078840256,
    0.06531365215778351,
    0.06362877786159515,
    0.06382015347480774,
    0.06273047626018524,
    0.06647301465272903,
    0.06336145102977753,
    0.06162628158926964,
    0.06814756989479065,
    0.06067756563425064,
    0.06157009303569794,
    0.06021571159362793,
    0.05674853175878525,
    0.05849796161055565,
    0.051220837980508804,
    0.048280976712703705,
    0.06440968066453934,
    0.05307573452591896,
    0.0483735091984272,
    0.04132221266627312,
    0.03495737165212631,
    0.046839360147714615,
    0.035726383328437805,
    0.05972818285226822,
    0.04157870262861252,
    0.032729871571063995,
    0.038157086819410324,
    0.046187762171030045,
    0.05631880462169647,
    0.02319217287003994,
    0.04264313355088234,
    0.03299587592482567,
    0.018557108938694,
    0.021106841042637825,
    0.020821895450353622,
    0.02164018712937832,
    0.04233703017234802,
    0.02817261964082718,
    0.03194599598646164,
    0.017568198963999748,
    0.024014387279748917,
    0.01704261638224125,
    0.01579628698527813,
    0.028756845742464066,
    0.024346666410565376,
    0.023100003600120544,
    0.023974761366844177,
    0.029002442955970764,
    0.01667550951242447,
    0.013985016383230686,
    0.014512493275105953,
    0.01640300452709198,
    0.012291861698031425,
    0.01807764172554016,
    0.018629197031259537,
    0.01638251356780529,
    0.015574224293231964,
    0.02381504513323307,
    0.013778302818536758
  ],
  "stopped_epoch": 100
}