{
  "epochs_recorded": [
    0,
    1,
    2,
    3,
    4,
    5,
    6,
    7,
    8,
    9,
    10,
    11,
    12,
    13,
    14,
    15,
    16,
    17,
    18,
    19,
    20,
    21,
    22,
    23,
    24,
    25,
    26,
    27,
    28,
    29,
    30,
    31,
    32,
    33,
    34,
    35,
    36,
    37,
    38,
    39,
    40,
    41,
    42,
    43,
    44,
    45
  ],
  "train_loss": [
    0.2293590009212494,
    0.07839549332857132,
    0.06684568524360657,
    0.06409947574138641,
    0.0636039525270462,
    0.06259515136480331,
    0.06083609163761139,
    0.06101756915450096,
    0.060062531381845474,
    0.05924312770366669,
    0.05870726704597473,
    0.05720585212111473,
    0.056768693029880524,
    0.05560979247093201,
    0.05456624925136566,
    0.05470005422830582,
    0.05452582985162735,
    0.0551241971552372,
    0.05490295588970184,
    0.054750487208366394,
    0.05372120067477226,
    0.052816249430179596,
    0.0515480563044548,
    0.051968540996313095,
    0.05174420401453972,
    0.05099490284919739,
    0.052851732820272446,
    0.05137169733643532,
    0.05274639278650284,
    0.0523214153945446,
    0.05161702260375023,
    0.05095922574400902,
    0.05184132978320122,
    0.05390872433781624,
    0.05116378888487816,
    0.05236765369772911,
    0.05175459757447243,
    0.051129456609487534,
    0.05160006135702133,
    0.05047304183244705,
    0.05018817260861397,
    0.05018900707364082,
    0.050480786710977554,
    0.04958624020218849,
    0.04942449927330017,
    0.0499635711312294
  ],
  "val_loss": [
    0.3826870024204254,
    0.09857071191072464,
    0.0720038190484047,
    0.070616215467453,
    0.07129043340682983,
    0.07058548927307129,
    0.06918307393789291,
    0.0686226487159729,
    0.0685720220208168,
    0.06856738775968552,
    0.06752458214759827,
    0.06605484336614609,
    0.06516537070274353,
    0.06294413655996323,
    0.06300121545791626,
    0.0626433864235878,
    0.06166861951351166,
    0.0691910907626152,
    0.069444939494133,
    0.06376909464597702,
    0.06248539313673973,
    0.06169755756855011,
    0.0642034113407135,
    0.06107807159423828,
    0.06250323355197906,
    0.06342127174139023,
    0.06856362521648407,
    0.061756785959005356,
    0.06022367998957634,
    0.06959568709135056,
    0.061804186552762985,
    0.06106062978506088,
    0.06167777627706528,
    0.062108442187309265,
    0.06416982412338257,
    0.06187555938959122,
    0.06005404144525528,
    0.06157466396689415,
    0.06067858636379242,
    0.06138775870203972,
    0.06197493523359299,
    0.06572405993938446,
    0.06593978404998779,
    0.06328371912240982,
    0.06111091747879982,
    0.06313978880643845,
    0.06686016917228699
  ],
  "stopped_epoch": 46
}