{
  "epochs_recorded": [
    0,
    1,
    2,
    3,
    4,
    5,
    6,
    7,
    8,
    9,
    10,
    11,
    12,
    13,
    14,
    15,
    16,
    17,
    18,
    19,
    20,
    21,
    22,
    23,
    24,
    25,
    26,
    27,
    28,
    29,
    30,
    31,
    32,
    33,
    34,
    35,
    36,
    37,
    38,
    39,
    40,
    41,
    42,
    43,
    44,
    45,
    46,
    47,
    48,
    49,
    50,
    51,
    52,
    53,
    54,
    55,
    56,
    57,
    58,
    59,
    60,
    61,
    62,
    63,
    64,
    65,
    66,
    67,
    68,
    69,
    70,
    71,
    72
  ],
  "train_loss": [
    2.1865293979644775,
    1.9189140796661377,
    1.6105396747589111,
    1.571677803993225,
    1.4527876377105713,
    1.3452105522155762,
    1.1697288751602173,
    1.1061310768127441,
    1.0382213592529297,
    1.047431230545044,
    0.9509367942810059,
    0.924183189868927,
    1.0139864683151245,
    0.9438638091087341,
    0.8730243444442749,
    0.8334583044052124,
    0.8283653855323792,
    0.7474144697189331,
    0.7661416530609131,
    0.7658532857894897,
    0.7707226276397705,
    0.7743880748748779,
    0.7809227108955383,
    0.7935131788253784,
    0.744756281375885,
    0.7261188626289368,
    0.7203283905982971,
    0.8024011850357056,
    0.774437665939331,
    0.8092399835586548,
    0.6964371800422668,
    0.7222014665603638,
    0.71299147605896,
    0.6794304847717285,
    0.655666708946228,
    0.7525426149368286,
    0.6938338279724121,
    0.656002402305603,
    0.6570286750793457,
    0.7567298412322998,
    0.6846224069595337,
    0.7028833627700806,
    0.7243781089782715,
    0.663192093372345,
    0.7472981214523315,
    0.744156002998352,
    0.6327998638153076,
    0.6650873422622681,
    0.6960912942886353,
    0.6390805840492249,
    0.6158239841461182,
    0.742948591709137,
    0.6585737466812134,
    0.6615284085273743,
    0.71979820728302,
    0.6558912992477417,
    0.630187451839447,
    0.62969571352005,
    0.7193567156791687,
    0.7150187492370605,
    0.7554517388343811,
    0.6258683204650879,
    0.7760553956031799,
    0.7175659537315369,
    0.669844925403595,
    0.6513984799385071,
    0.6556110978126526,
    0.7716767191886902,
    0.6217565536499023,
    0.7001537084579468,
    0.6857591867446899,
    0.6554296016693115,
    0.6829429864883423
  ],
  "val_loss": [
    1.3808294534683228,
    1.2850314378738403,
    1.2003886699676514,
    1.066872239112854,
    0.9324943423271179,
    0.8222479224205017,
    0.7421450018882751,
    0.6593886017799377,
    0.5886390209197998,
    0.5184230804443359,
    0.4603147506713867,
    0.4195563495159149,
    0.3875594437122345,
    0.3521689176559448,
    0.32290539145469666,
    0.3046126663684845,
    0.2868391275405884,
    0.25596311688423157,
    0.25332537293434143,
    0.24303656816482544,
    0.2283240109682083,
    0.22265088558197021,
    0.21259121596813202,
    0.20569664239883423,
    0.20020541548728943,
    0.21027925610542297,
    0.18988747894763947,
    0.546192467212677,
    0.3992897868156433,
    0.20379146933555603,
    0.1742231249809265,
    0.1707633137702942,
    0.16515272855758667,
    0.16742901504039764,
    0.16695868968963623,
    0.16185253858566284,
    0.1561349630355835,
    0.1499793529510498,
    0.152219757437706,
    0.14710643887519836,
    0.17288105189800262,
    0.1429075449705124,
    0.15152306854724884,
    0.14854010939598083,
    0.15321584045886993,
    0.1461208164691925,
    0.14265896379947662,
    0.1434631645679474,
    0.14116786420345306,
    0.13982152938842773,
    0.14443238079547882,
    0.15211382508277893,
    0.14751672744750977,
    0.15580633282661438,
    0.13703687489032745,
    0.14047208428382874,
    0.14412979781627655,
    0.159115269780159,
    0.1382427215576172,
    0.13743963837623596,
    0.1450696885585785,
    0.13795572519302368,
    0.14962171018123627,
    0.12578144669532776,
    0.13109542429447174,
    0.13552449643611908,
    0.1578519642353058,
    0.15135566890239716,
    0.1345520317554474,
    0.13807183504104614,
    0.14242741465568542,
    0.15972024202346802,
    0.1442166119813919,
    0.13361796736717224
  ],
  "stopped_epoch": 73
}