{
  "epochs_recorded": [
    0,
    1,
    2,
    3,
    4,
    5,
    6,
    7,
    8,
    9,
    10,
    11,
    12,
    13,
    14,
    15,
    16,
    17,
    18,
    19,
    20,
    21,
    22,
    23,
    24,
    25,
    26,
    27,
    28,
    29,
    30,
    31,
    32,
    33,
    34,
    35,
    36,
    37,
    38,
    39,
    40,
    41,
    42,
    43,
    44,
    45,
    46,
    47,
    48,
    49,
    50,
    51,
    52,
    53,
    54,
    55,
    56,
    57,
    58,
    59,
    60,
    61,
    62,
    63,
    64,
    65,
    66,
    67,
    68,
    69
  ],
  "train_loss": [
    0.3144136667251587,
    0.18804125487804413,
    0.11074928939342499,
    0.08061766624450684,
    0.06865096837282181,
    0.06688827276229858,
    0.06558077037334442,
    0.05992255359888077,
    0.051562558859586716,
    0.046714697033166885,
    0.039222121238708496,
    0.03569555655121803,
    0.038045767694711685,
    0.032436128705739975,
    0.028496699407696724,
    0.028305659070611,
    0.02441028319299221,
    0.025719931349158287,
    0.02544141747057438,
    0.02389545366168022,
    0.02372930198907852,
    0.02232321910560131,
    0.0221687201410532,
    0.02336842007935047,
    0.022183727473020554,
    0.02153770625591278,
    0.022699914872646332,
    0.01967991143465042,
    0.019963642582297325,
    0.022208817303180695,
    0.020992524921894073,
    0.019369445741176605,
    0.020956356078386307,
    0.020087040960788727,
    0.018958045169711113,
    0.018700145184993744,
    0.018464861437678337,
    0.01887241192162037,
    0.019482385367155075,
    0.01903841458261013,
    0.021323367953300476,
    0.021143052726984024,
    0.018096111714839935,
    0.01684897020459175,
    0.018182918429374695,
    0.019831258803606033,
    0.017445500940084457,
    0.01726471446454525,
    0.01770535297691822,
    0.017849816009402275,
    0.018140561878681183,
    0.017535939812660217,
    0.01899958960711956,
    0.017418790608644485,
    0.017574148252606392,
    0.018096961081027985,
    0.018381087109446526,
    0.018453357741236687,
    0.016648562625050545,
    0.01719510182738304,
    0.01790105737745762,
    0.017672987654805183,
    0.018937338143587112,
    0.019525671377778053,
    0.018102005124092102,
    0.01783551275730133,
    0.01884019374847412,
    0.01742057129740715,
    0.018184447661042213,
    0.016752952709794044
  ],
  "val_loss": [
    1.3899743556976318,
    0.21954624354839325,
    0.1254286915063858,
    0.08543732762336731,
    0.07254011929035187,
    0.06450548022985458,
    0.07002835720777512,
    0.06850513815879822,
    0.057107195258140564,
    0.05453485623002052,
    0.04284366965293884,
    0.03314635157585144,
    0.03195018321275711,
    0.03661821782588959,
    0.02854316495358944,
    0.023009972646832466,
    0.023948607966303825,
    0.02248741127550602,
    0.022782353684306145,
    0.02225891314446926,
    0.020266028121113777,
    0.01786697283387184,
    0.01852603256702423,
    0.022282488644123077,
    0.018157334998250008,
    0.017951887100934982,
    0.025446882471442223,
    0.016405364498496056,
    0.018218284472823143,
    0.016338113695383072,
    0.016304364427924156,
    0.014257151633501053,
    0.015123150311410427,
    0.016203375533223152,
    0.015485701151192188,
    0.014336657710373402,
    0.015825551003217697,
    0.016289494931697845,
    0.015893133357167244,
    0.017847716808319092,
    0.014204800128936768,
    0.01937883347272873,
    0.016669629141688347,
    0.012760259211063385,
    0.01562072616070509,
    0.017733564600348473,
    0.015806708484888077,
    0.013467324897646904,
    0.01391055341809988,
    0.013429048471152782,
    0.013150986284017563,
    0.012598888017237186,
    0.014598182402551174,
    0.015111389569938183,
    0.013200532644987106,
    0.013994581997394562,
    0.01496308483183384,
    0.016700495034456253,
    0.014072185382246971,
    0.013680528849363327,
    0.012415578588843346,
    0.016403421759605408,
    0.01465823408216238,
    0.01987246423959732,
    0.015459324233233929,
    0.015414483845233917,
    0.01403465773910284,
    0.015161634422838688,
    0.013149814680218697,
    0.01625249534845352,
    0.014174170792102814
  ],
  "stopped_epoch": 70
}