{
  "epochs_recorded": [
    0,
    1,
    2,
    3,
    4,
    5,
    6,
    7,
    8,
    9,
    10,
    11,
    12,
    13,
    14,
    15,
    16,
    17,
    18,
    19,
    20,
    21,
    22,
    23,
    24,
    25,
    26,
    27,
    28,
    29,
    30,
    31,
    32,
    33,
    34,
    35,
    36,
    37,
    38
  ],
  "train_loss": [
    1.8467105627059937,
    1.5206302404403687,
    1.3967077732086182,
    1.2074260711669922,
    1.1061015129089355,
    1.0094817876815796,
    1.002867579460144,
    0.9675331711769104,
    0.864071786403656,
    0.8308570384979248,
    0.8358491063117981,
    0.7696361541748047,
    0.7304651141166687,
    0.6945098638534546,
    0.7751015424728394,
    0.7752955555915833,
    0.6755516529083252,
    0.7487479448318481,
    0.7056446075439453,
    0.7087414264678955,
    0.7216540575027466,
    0.7111889123916626,
    0.6520476341247559,
    0.6966228485107422,
    0.6146188974380493,
    0.5919597148895264,
    0.6765958070755005,
    0.6063050031661987,
    0.6609138250350952,
    0.5775792598724365,
    0.7102699279785156,
    0.645469069480896,
    0.6423705816268921,
    0.5840628147125244,
    0.6215362548828125,
    0.6073512434959412,
    0.5771636962890625,
    0.6100265383720398,
    0.5944713950157166
  ],
  "val_loss": [
    1.5179188251495361,
    1.1569479703903198,
    0.7334583401679993,
    0.463346391916275,
    0.35249319672584534,
    0.2881004214286804,
    0.24078494310379028,
    0.23875683546066284,
    0.2273329794406891,
    0.22217212617397308,
    0.19885392487049103,
    0.21524396538734436,
    0.21459686756134033,
    0.19034568965435028,
    0.17095795273780823,
    0.15390925109386444,
    0.2004769891500473,
    0.14038580656051636,
    0.15335127711296082,
    0.13122810423374176,
    0.14525122940540314,
    0.1277642846107483,
    0.1293029636144638,
    0.13852594792842865,
    0.14204929769039154,
    0.12537157535552979,
    0.14412930607795715,
    0.13533687591552734,
    0.12703414261341095,
    0.11461362987756729,
    0.12734714150428772,
    0.12463513016700745,
    0.12207648903131485,
    0.12221089005470276,
    0.11895914375782013,
    0.13737080991268158,
    0.14252004027366638,
    0.12541571259498596,
    0.12434909492731094,
    0.11589440703392029
  ],
  "stopped_epoch": 39
}