{
  "epochs_recorded": [
    0,
    1,
    2,
    3,
    4,
    5,
    6,
    7,
    8,
    9,
    10,
    11,
    12,
    13,
    14,
    15,
    16,
    17,
    18,
    19,
    20,
    21,
    22,
    23,
    24,
    25,
    26,
    27,
    28,
    29,
    30,
    31,
    32,
    33,
    34,
    35,
    36,
    37,
    38,
    39,
    40,
    41,
    42,
    43,
    44,
    45,
    46,
    47,
    48,
    49,
    50,
    51,
    52,
    53,
    54,
    55,
    56,
    57,
    58,
    59,
    60,
    61,
    62,
    63,
    64,
    65,
    66,
    67,
    68,
    69,
    70,
    71
  ],
  "train_loss": [
    0.8175975680351257,
    0.20895612239837646,
    0.20255416631698608,
    0.19997745752334595,
    0.1908251792192459,
    0.11091925948858261,
    0.06345441937446594,
    0.05715087056159973,
    0.05197891220450401,
    0.04632844775915146,
    0.042355481535196304,
    0.03892030939459801,
    0.035740405321121216,
    0.03398376330733299,
    0.03293657675385475,
    0.029924605041742325,
    0.027442142367362976,
    0.02535584382712841,
    0.022019527852535248,
    0.021491963416337967,
    0.019842663779854774,
    0.021121572703123093,
    0.018239576369524002,
    0.016629470512270927,
    0.015621665865182877,
    0.015118282288312912,
    0.01576675847172737,
    0.013698860071599483,
    0.013898808509111404,
    0.013256043195724487,
    0.012726740911602974,
    0.012675192207098007,
    0.013186602853238583,
    0.011358470655977726,
    0.011771662160754204,
    0.011551698669791222,
    0.011161594651639462,
    0.010697714984416962,
    0.010937943123281002,
    0.010509221814572811,
    0.010972085408866405,
    0.010636163875460625,
    0.009674360044300556,
    0.010502575896680355,
    0.010901844128966331,
    0.010152705945074558,
    0.009938938543200493,
    0.009568126872181892,
    0.009690951555967331,
    0.009725930169224739,
    0.010208096355199814,
    0.009545103646814823,
    0.00906823854893446,
    0.009079176001250744,
    0.009113002568483353,
    0.009029221720993519,
    0.009447714313864708,
    0.009261512197554111,
    0.009120218455791473,
    0.009231803938746452,
    0.00901130773127079,
    0.008576913736760616,
    0.009678893722593784,
    0.009565405547618866,
    0.009194526821374893,
    0.010307621210813522,
    0.008894454687833786,
    0.008494862355291843,
    0.008093058131635189,
    0.008662201464176178,
    0.007972788996994495,
    0.00836905650794506
  ],
  "val_loss": [
    2.0005342960357666,
    0.194453626871109,
    0.17831508815288544,
    0.17440757155418396,
    0.1850081831216812,
    0.1522430181503296,
    0.05397295579314232,
    0.051361046731472015,
    0.045117974281311035,
    0.03967260196805,
    0.03701743856072426,
    0.031110072508454323,
    0.031355611979961395,
    0.027088657021522522,
    0.029235856607556343,
    0.024666033685207367,
    0.023610973730683327,
    0.0223261546343565,
    0.01783263310790062,
    0.016918472945690155,
    0.014486687257885933,
    0.0170542411506176,
    0.014696228317916393,
    0.01370569970458746,
    0.012604909017682076,
    0.01027461513876915,
    0.010551606304943562,
    0.011189896613359451,
    0.010828639380633831,
    0.01101425290107727,
    0.009658160619437695,
    0.008408615365624428,
    0.008575974963605404,
    0.008620847016572952,
    0.009285046719014645,
    0.007710232865065336,
    0.00732539314776659,
    0.0073654139414429665,
    0.008379588834941387,
    0.007904366590082645,
    0.00721287727355957,
    0.007318398449569941,
    0.008075101301074028,
    0.007013360038399696,
    0.007555054500699043,
    0.007269707508385181,
    0.006182211451232433,
    0.007036473602056503,
    0.005862685386091471,
    0.006609426811337471,
    0.00631142221391201,
    0.006869750563055277,
    0.006145044695585966,
    0.007928401231765747,
    0.006305098533630371,
    0.005734657868742943,
    0.006234147120267153,
    0.0060441382229328156,
    0.005684449803084135,
    0.00743904709815979,
    0.0076159266754984856,
    0.005811935756355524,
    0.005040324758738279,
    0.007734098471701145,
    0.007743014022707939,
    0.007204652298241854,
    0.006546454504132271,
    0.00586610846221447,
    0.005533428397029638,
    0.006945652421563864,
    0.00552527979016304,
    0.005417325999587774,
    0.008482221513986588
  ],
  "stopped_epoch": 72
}