{
  "epochs_recorded": [
    0,
    1,
    2,
    3,
    4,
    5,
    6,
    7,
    8,
    9,
    10,
    11,
    12,
    13,
    14,
    15,
    16,
    17,
    18,
    19,
    20,
    21,
    22,
    23,
    24,
    25,
    26,
    27,
    28,
    29,
    30,
    31,
    32,
    33,
    34,
    35,
    36,
    37,
    38,
    39,
    40,
    41,
    42,
    43,
    44,
    45,
    46,
    47,
    48,
    49,
    50,
    51,
    52,
    53,
    54,
    55,
    56,
    57,
    58,
    59,
    60,
    61,
    62,
    63,
    64,
    65,
    66,
    67,
    68,
    69,
    70,
    71,
    72,
    73,
    74,
    75,
    76,
    77,
    78,
    79,
    80,
    81,
    82,
    83,
    84,
    85,
    86,
    87,
    88,
    89,
    90,
    91,
    92,
    93,
    94,
    95
  ],
  "train_loss": [
    0.23755033314228058,
    0.10239581763744354,
    0.05577416345477104,
    0.04884406924247742,
    0.044228728860616684,
    0.03878215327858925,
    0.0359048992395401,
    0.03311174735426903,
    0.030969299376010895,
    0.029322927817702293,
    0.02545102871954441,
    0.02387125790119171,
    0.022886576130986214,
    0.021417606621980667,
    0.020138656720519066,
    0.0195524450391531,
    0.018271006643772125,
    0.01796947419643402,
    0.017974039539694786,
    0.01772839017212391,
    0.0172969251871109,
    0.015467572957277298,
    0.015646448358893394,
    0.01558869332075119,
    0.016020754352211952,
    0.014766647480428219,
    0.014236174523830414,
    0.013931125402450562,
    0.013481786474585533,
    0.013030674308538437,
    0.012479681521654129,
    0.012914638966321945,
    0.01312984898686409,
    0.012251963838934898,
    0.012543546967208385,
    0.011745897121727467,
    0.011029903776943684,
    0.011211343109607697,
    0.011226148344576359,
    0.01075746864080429,
    0.011114981956779957,
    0.010584881529211998,
    0.010091394186019897,
    0.01069596130400896,
    0.0100220562890172,
    0.010660030879080296,
    0.010552427731454372,
    0.009850566275417805,
    0.009661832824349403,
    0.010071038268506527,
    0.0103598078712821,
    0.009571117348968983,
    0.00949831958860159,
    0.009034485556185246,
    0.00951077975332737,
    0.009607511572539806,
    0.009103259071707726,
    0.009393946267664433,
    0.00960948970168829,
    0.00906288530677557,
    0.008772446773946285,
    0.00892651453614235,
    0.008524766191840172,
    0.008973085321485996,
    0.008880474604666233,
    0.00899846013635397,
    0.008647317066788673,
    0.008685979060828686,
    0.008294270373880863,
    0.00907017569988966,
    0.00832880288362503,
    0.008353698998689651,
    0.00817107129842043,
    0.00844336487352848,
    0.00801878422498703,
    0.008520342409610748,
    0.009472268633544445,
    0.008322374895215034,
    0.00799516774713993,
    0.008222777396440506,
    0.008500901982188225,
    0.008257674053311348,
    0.008307627402245998,
    0.008010460995137691,
    0.00799553468823433,
    0.00819371547549963,
    0.007871286012232304,
    0.007812622003257275,
    0.007931748405098915,
    0.008232087828218937,
    0.007819565944373608,
    0.00759940454736352,
    0.00765302823856473,
    0.007893444038927555,
    0.007957524619996548,
    0.007680166512727737
  ],
  "val_loss": [
    0.5304824113845825,
    0.12512417137622833,
    0.04743129760026932,
    0.03984092175960541,
    0.03702487796545029,
    0.03308271989226341,
    0.02767101302742958,
    0.026682956144213676,
    0.025736235082149506,
    0.022550474852323532,
    0.019257070496678352,
    0.017641253769397736,
    0.016374845057725906,
    0.015081949532032013,
    0.014740685001015663,
    0.013628428801894188,
    0.013564052991569042,
    0.014215504750609398,
    0.012052861042320728,
    0.011474747210741043,
    0.012559687718749046,
    0.010897776111960411,
    0.01099612470716238,
    0.009189845062792301,
    0.012437270022928715,
    0.010178036987781525,
    0.009170515462756157,
    0.010015525855123997,
    0.009310155175626278,
    0.008792637847363949,
    0.007937933318316936,
    0.008093111217021942,
    0.007066774182021618,
    0.007373488042503595,
    0.008104082196950912,
    0.007237373385578394,
    0.006833664607256651,
    0.008007346652448177,
    0.0068375226110219955,
    0.00581557909026742,
    0.007486596237868071,
    0.0055266194976866245,
    0.005172953009605408,
    0.007069971412420273,
    0.005553137045353651,
    0.006744524464011192,
    0.005804550834000111,
    0.005447487346827984,
    0.0053893886506557465,
    0.0058616758324205875,
    0.005091853905469179,
    0.007926125079393387,
    0.005622032098472118,
    0.005142060108482838,
    0.0055565605871379375,
    0.00616610050201416,
    0.00545097328722477,
    0.004832644946873188,
    0.004902250599116087,
    0.004900661762803793,
    0.004840381909161806,
    0.004514771047979593,
    0.004071841482073069,
    0.004692426882684231,
    0.004910972900688648,
    0.004831675440073013,
    0.004407888278365135,
    0.004380898084491491,
    0.004290710669010878,
    0.004975676536560059,
    0.004465264268219471,
    0.004300009459257126,
    0.004017568659037352,
    0.004499024711549282,
    0.0038829969707876444,
    0.0042687151581048965,
    0.005689219105988741,
    0.004959575831890106,
    0.004450607113540173,
    0.004264187999069691,
    0.0050193313509225845,
    0.005787528119981289,
    0.00441256957128644,
    0.004689926281571388,
    0.0037549524568021297,
    0.004296664148569107,
    0.0034395286347717047,
    0.003909165970981121,
    0.004597064573317766,
    0.004780704155564308,
    0.00359119800850749,
    0.0035687857307493687,
    0.004388919100165367,
    0.004052438773214817,
    0.004613441415131092,
    0.004682822618633509,
    0.0038712325040251017
  ],
  "stopped_epoch": 96
}