{
  "epochs_recorded": [
    0,
    1,
    2,
    3,
    4,
    5,
    6,
    7,
    8,
    9,
    10,
    11,
    12,
    13,
    14,
    15,
    16,
    17,
    18,
    19,
    20,
    21,
    22,
    23,
    24,
    25,
    26,
    27,
    28,
    29,
    30,
    31,
    32,
    33,
    34,
    35,
    36,
    37,
    38,
    39,
    40,
    41,
    42,
    43,
    44,
    45,
    46,
    47,
    48,
    49,
    50,
    51
  ],
  "train_loss": [
    0.14445506036281586,
    0.09065485745668411,
    0.07896263152360916,
    0.07359037548303604,
    0.07027921825647354,
    0.06864893436431885,
    0.06612583249807358,
    0.06582306325435638,
    0.0651872456073761,
    0.06323310732841492,
    0.06340008974075317,
    0.06143113225698471,
    0.06018492206931114,
    0.060538068413734436,
    0.06005457043647766,
    0.05835892632603645,
    0.05852065235376358,
    0.05828610062599182,
    0.058259621262550354,
    0.057425424456596375,
    0.05711304023861885,
    0.056782159954309464,
    0.055481161922216415,
    0.05617887154221535,
    0.056249119341373444,
    0.055477842688560486,
    0.0561203733086586,
    0.05663847550749779,
    0.054837409406900406,
    0.055004820227622986,
    0.05459284782409668,
    0.05554785206913948,
    0.0551389642059803,
    0.05429895967245102,
    0.05477214232087135,
    0.05472131073474884,
    0.05384574085474014,
    0.05449133738875389,
    0.05366205796599388,
    0.05282855033874512,
    0.05386555567383766,
    0.05406374856829643,
    0.05303448811173439,
    0.053302913904190063,
    0.05331242457032204,
    0.05273321270942688,
    0.052531398832798004,
    0.05241252854466438,
    0.052244581282138824,
    0.05214643478393555,
    0.05227845534682274,
    0.052192531526088715
  ],
  "val_loss": [
    0.3561125695705414,
    0.08422425389289856,
    0.07749494910240173,
    0.0695343092083931,
    0.06962638348340988,
    0.06887220591306686,
    0.06771693378686905,
    0.06741254776716232,
    0.06691410392522812,
    0.06617119908332825,
    0.06584867835044861,
    0.06480994820594788,
    0.06440228968858719,
    0.06498762965202332,
    0.0638870820403099,
    0.06322141736745834,
    0.06309915333986282,
    0.06269842386245728,
    0.06298543512821198,
    0.06270851194858551,
    0.06297904253005981,
    0.06211910769343376,
    0.0632781907916069,
    0.06179249286651611,
    0.06179862096905708,
    0.06325609982013702,
    0.06238005310297012,
    0.0625285655260086,
    0.06209288537502289,
    0.06283970922231674,
    0.061800308525562286,
    0.06157394498586655,
    0.06269560754299164,
    0.06129493564367294,
    0.061644889414310455,
    0.06276252120733261,
    0.06267759948968887,
    0.06208530440926552,
    0.0630604550242424,
    0.0630209892988205,
    0.06105157360434532,
    0.06089280918240547,
    0.060724008828401566,
    0.061995603144168854,
    0.06103792041540146,
    0.06202475726604462,
    0.06190640479326248,
    0.06132518872618675,
    0.06316596269607544,
    0.061591845005750656,
    0.061403390020132065,
    0.06200185790657997,
    0.061501361429691315
  ],
  "stopped_epoch": 52
}