{
  "epochs_recorded": [
    0,
    1,
    2,
    3,
    4,
    5,
    6,
    7,
    8,
    9,
    10,
    11,
    12,
    13,
    14,
    15,
    16,
    17,
    18,
    19,
    20,
    21,
    22,
    23,
    24,
    25,
    26,
    27,
    28,
    29,
    30,
    31,
    32,
    33,
    34,
    35,
    36,
    37,
    38,
    39,
    40,
    41,
    42,
    43,
    44,
    45,
    46,
    47,
    48,
    49,
    50,
    51,
    52,
    53,
    54,
    55,
    56,
    57,
    58
  ],
  "train_loss": [
    0.589377224445343,
    0.244552880525589,
    0.24182042479515076,
    0.22792433202266693,
    0.1298273652791977,
    0.10011380910873413,
    0.08802737295627594,
    0.0799429789185524,
    0.07140330970287323,
    0.06460268795490265,
    0.0683416873216629,
    0.06785396486520767,
    0.06445534527301788,
    0.06693677604198456,
    0.06317472457885742,
    0.05900442600250244,
    0.05779600515961647,
    0.05421939864754677,
    0.05352015048265457,
    0.04899602383375168,
    0.04703860357403755,
    0.046481505036354065,
    0.04527414217591286,
    0.0407707579433918,
    0.03943204507231712,
    0.03702284023165703,
    0.03902335464954376,
    0.03784046322107315,
    0.03650641068816185,
    0.03764411807060242,
    0.032716188579797745,
    0.032779842615127563,
    0.033143285661935806,
    0.041974205523729324,
    0.036738671362400055,
    0.029570750892162323,
    0.034377437084913254,
    0.03951294720172882,
    0.04104629531502724,
    0.034187790006399155,
    0.0369628481566906,
    0.033437103033065796,
    0.02653537690639496,
    0.023853980004787445,
    0.02277056872844696,
    0.021605320274829865,
    0.032388538122177124,
    0.024730892851948738,
    0.02115054801106453,
    0.021435540169477463,
    0.01996826007962227,
    0.020439796149730682,
    0.01999342069029808,
    0.024341721087694168,
    0.026496998965740204,
    0.026137854903936386,
    0.031427957117557526,
    0.026592925190925598,
    0.023448409512639046
  ],
  "val_loss": [
    1.5266685485839844,
    0.2449362576007843,
    0.23965466022491455,
    0.22753652930259705,
    0.1755010485649109,
    0.10818199068307877,
    0.08866072446107864,
    0.08475486934185028,
    0.0955086201429367,
    0.06923139095306396,
    0.06744931638240814,
    0.08466006070375443,
    0.07033335417509079,
    0.06821788102388382,
    0.06940335035324097,
    0.0665007159113884,
    0.06177102029323578,
    0.062384530901908875,
    0.053188227117061615,
    0.05665544047951698,
    0.050519999116659164,
    0.0500560998916626,
    0.05411021411418915,
    0.04275229945778847,
    0.04283509403467178,
    0.039163727313280106,
    0.04066111519932747,
    0.044347867369651794,
    0.03937172517180443,
    0.03849060833454132,
    0.03631656616926193,
    0.03345310315489769,
    0.03770307078957558,
    0.028271878138184547,
    0.044110704213380814,
    0.03386508300900459,
    0.02997012808918953,
    0.033125344663858414,
    0.044449467211961746,
    0.042769428342580795,
    0.03322971239686012,
    0.03375019133090973,
    0.031212663277983665,
    0.026387199759483337,
    0.020993702113628387,
    0.024511830881237984,
    0.02136232703924179,
    0.029724469408392906,
    0.027175534516572952,
    0.019521564245224,
    0.02206965908408165,
    0.022181857377290726,
    0.02169855684041977,
    0.02425668016076088,
    0.03170095756649971,
    0.0251400638371706,
    0.030748067423701286,
    0.02860160358250141,
    0.021709388121962547,
    0.032914355397224426
  ],
  "stopped_epoch": 59
}