{
  "epochs_recorded": [
    0,
    1,
    2,
    3,
    4,
    5,
    6,
    7,
    8,
    9,
    10,
    11,
    12,
    13,
    14,
    15,
    16,
    17,
    18,
    19,
    20,
    21,
    22,
    23,
    24,
    25,
    26,
    27,
    28,
    29,
    30,
    31,
    32,
    33,
    34,
    35,
    36,
    37,
    38,
    39
  ],
  "train_loss": [
    0.80211341381073,
    0.6455618143081665,
    0.6502394676208496,
    0.5448368787765503,
    0.5190705060958862,
    0.5399765372276306,
    0.5434792041778564,
    0.5431085824966431,
    0.533493161201477,
    0.5379374027252197,
    0.5366823077201843,
    0.5332291126251221,
    0.519392728805542,
    0.5387173891067505,
    0.5368766188621521,
    0.5375627279281616,
    0.5151699781417847,
    0.5446429252624512,
    0.529690146446228,
    0.5445104837417603,
    0.5118954181671143,
    0.5333185195922852,
    0.5260193347930908,
    0.5332473516464233,
    0.5182700157165527,
    0.5009535551071167,
    0.5319114327430725,
    0.5165073871612549,
    0.5163987278938293,
    0.5375679135322571,
    0.5555734634399414,
    0.5313550233840942,
    0.5057680606842041,
    0.5086583495140076,
    0.5569889545440674,
    0.543994128704071,
    0.5022991895675659,
    0.5147233605384827,
    0.5199773907661438,
    0.5293831825256348
  ],
  "val_loss": [
    1.628497838973999,
    0.9581440687179565,
    0.12427131831645966,
    0.18194517493247986,
    0.11405113339424133,
    0.0989653468132019,
    0.08943554759025574,
    0.0935378298163414,
    0.08840752393007278,
    0.0887107104063034,
    0.0925440862774849,
    0.08751950412988663,
    0.0849742665886879,
    0.08598403632640839,
    0.0887143537402153,
    0.0879121720790863,
    0.0844189003109932,
    0.08470834791660309,
    0.09133955091238022,
    0.10902465134859085,
    0.7411532402038574,
    0.5786154270172119,
    0.9051558971405029,
    0.21888834238052368,
    0.08173704892396927,
    0.08256924897432327,
    0.08541759848594666,
    0.08579501509666443,
    0.08820024132728577,
    0.09680622816085815,
    0.08093570917844772,
    0.09480758756399155,
    0.08567065000534058,
    0.10556387901306152,
    0.0860491469502449,
    0.1012580394744873,
    0.08689423650503159,
    0.08259183168411255,
    0.08336718380451202,
    0.09067784994840622,
    0.0875818133354187
  ],
  "stopped_epoch": 40
}