{
  "epochs_recorded": [
    0,
    1,
    2,
    3,
    4,
    5,
    6,
    7,
    8,
    9,
    10,
    11,
    12,
    13,
    14,
    15,
    16,
    17,
    18,
    19,
    20
  ],
  "train_loss": [
    1.631223201751709,
    1.3288068771362305,
    1.1812293529510498,
    1.0541359186172485,
    1.0820550918579102,
    0.9602330923080444,
    0.7329514622688293,
    0.7231802940368652,
    0.7859139442443848,
    0.6710296869277954,
    0.7664362192153931,
    0.7304890751838684,
    0.662285327911377,
    0.5614194869995117,
    0.6656991243362427,
    0.6281852722167969,
    0.5477300882339478,
    0.6212203502655029,
    0.631852388381958,
    0.5543445348739624,
    0.5615918636322021
  ],
  "val_loss": [
    1.01679265499115,
    0.37675148248672485,
    0.48768287897109985,
    0.4479627311229706,
    0.21032026410102844,
    0.16796588897705078,
    0.20685255527496338,
    0.14655181765556335,
    0.14918819069862366,
    0.15556864440441132,
    0.15784887969493866,
    0.14134851098060608,
    0.15208762884140015,
    0.15839652717113495,
    0.1711847186088562,
    0.17208808660507202,
    0.1799667477607727,
    0.14891983568668365,
    0.16792644560337067,
    0.18530303239822388,
    0.15130473673343658,
    0.17041145265102386
  ],
  "stopped_epoch": 21
}