{
  "epochs_recorded": [
    0,
    1,
    2,
    3,
    4,
    5,
    6,
    7,
    8,
    9,
    10,
    11,
    12,
    13,
    14,
    15,
    16,
    17,
    18,
    19,
    20,
    21,
    22,
    23,
    24,
    25,
    26,
    27,
    28,
    29,
    30,
    31,
    32
  ],
  "train_loss": [
    1.3336222171783447,
    1.279335379600525,
    1.0614056587219238,
    0.8965161442756653,
    0.7911696434020996,
    0.849270224571228,
    0.7743529081344604,
    0.7165841460227966,
    0.6547762155532837,
    0.6595920324325562,
    0.6449723839759827,
    0.6025985479354858,
    0.6983856558799744,
    0.7222420573234558,
    0.5824810266494751,
    0.6296918392181396,
    0.5919726490974426,
    0.5778336524963379,
    0.5749413967132568,
    0.5941119194030762,
    0.5872626900672913,
    0.6117500066757202,
    0.7090702056884766,
    0.620661199092865,
    0.6093600392341614,
    0.5821765065193176,
    0.5782850980758667,
    0.5789049863815308,
    0.5640246868133545,
    0.685592770576477,
    0.5446676015853882,
    0.569110631942749,
    0.5716409683227539
  ],
  "val_loss": [
    0.6254819631576538,
    0.6261900663375854,
    0.5547289848327637,
    0.4551905393600464,
    0.3689386248588562,
    0.2908107042312622,
    0.21721689403057098,
    0.16860736906528473,
    0.165375754237175,
    0.12446560710668564,
    0.10207463055849075,
    0.09853645414113998,
    0.31315669417381287,
    0.14290937781333923,
    0.08657309412956238,
    0.13082247972488403,
    0.13570356369018555,
    0.1390702873468399,
    0.1980099081993103,
    0.07140833139419556,
    0.06738575547933578,
    0.1324167400598526,
    0.08137241005897522,
    0.06271521747112274,
    0.0752892941236496,
    0.07061977684497833,
    0.08967980742454529,
    0.06579460948705673,
    0.12279875576496124,
    0.0761227235198021,
    0.07602209597826004,
    0.09652931988239288,
    0.12364829331636429,
    0.09350374341011047
  ],
  "stopped_epoch": 33
}