{
  "epochs_recorded": [
    0,
    1,
    2,
    3,
    4,
    5,
    6,
    7,
    8,
    9,
    10,
    11,
    12,
    13,
    14,
    15,
    16,
    17,
    18,
    19,
    20,
    21,
    22,
    23,
    24,
    25,
    26,
    27,
    28,
    29,
    30,
    31,
    32,
    33,
    34,
    35,
    36,
    37,
    38,
    39
  ],
  "train_loss": [
    1.0333226919174194,
    0.8706144690513611,
    0.8587784767150879,
    0.782280445098877,
    0.7748043537139893,
    0.79631507396698,
    0.7614144086837769,
    0.7174332737922668,
    0.7268737554550171,
    0.6708811521530151,
    0.6560037136077881,
    0.6600189208984375,
    0.6200778484344482,
    0.6002109050750732,
    0.6517925262451172,
    0.6096216440200806,
    0.6152942180633545,
    0.6952868700027466,
    0.6585421562194824,
    0.6159683465957642,
    0.6662212014198303,
    0.6449176073074341,
    0.6639105081558228,
    0.6531071066856384,
    0.6198461055755615,
    0.5968888998031616,
    0.6089210510253906,
    0.6434998512268066,
    0.6550053358078003,
    0.5765169858932495,
    0.617255687713623,
    0.6430243849754333,
    0.6234451532363892,
    0.618247389793396,
    0.6655758619308472,
    0.6472030878067017,
    0.6227965354919434,
    0.6110054850578308,
    0.6216135025024414,
    0.6390472650527954
  ],
  "val_loss": [
    1.5078182220458984,
    0.7243594527244568,
    0.2653225064277649,
    0.25720277428627014,
    0.4639510214328766,
    0.4130234122276306,
    0.22704976797103882,
    0.15758365392684937,
    0.1456775814294815,
    0.13840322196483612,
    0.13348431885242462,
    0.1400674730539322,
    0.13727761805057526,
    0.15637096762657166,
    0.13893651962280273,
    0.1187439039349556,
    0.11977172642946243,
    0.11941374838352203,
    0.11772762984037399,
    0.11865726113319397,
    0.11599455028772354,
    0.1141376718878746,
    0.11617135256528854,
    0.1192721351981163,
    0.11990100890398026,
    0.11465849727392197,
    0.11477074772119522,
    0.11713884025812149,
    0.11744086444377899,
    0.1176777333021164,
    0.11352131515741348,
    0.11600895971059799,
    0.1174706518650055,
    0.11657984554767609,
    0.11520589888095856,
    0.11831048130989075,
    0.11436410993337631,
    0.11891184002161026,
    0.11672873795032501,
    0.11642259359359741,
    0.1202159896492958
  ],
  "stopped_epoch": 40
}