{
  "epochs_recorded": [
    0,
    1,
    2,
    3,
    4,
    5,
    6,
    7,
    8,
    9,
    10,
    11,
    12,
    13,
    14,
    15,
    16,
    17,
    18,
    19,
    20,
    21,
    22,
    23,
    24,
    25,
    26,
    27,
    28,
    29,
    30,
    31,
    32,
    33,
    34,
    35,
    36,
    37,
    38,
    39,
    40,
    41,
    42,
    43,
    44,
    45,
    46,
    47,
    48,
    49,
    50,
    51,
    52,
    53,
    54,
    55,
    56,
    57,
    58,
    59,
    60,
    61,
    62,
    63,
    64
  ],
  "train_loss": [
    2.0159149169921875,
    1.453953742980957,
    1.3343467712402344,
    1.1280176639556885,
    1.037419319152832,
    0.8671349287033081,
    0.8184255361557007,
    0.8288365602493286,
    0.7286643981933594,
    0.7620952129364014,
    0.7300783395767212,
    0.6548930406570435,
    0.7341431379318237,
    0.6532012224197388,
    0.6291928291320801,
    0.6199718713760376,
    0.6019414067268372,
    0.7105451822280884,
    0.6537270545959473,
    0.6109999418258667,
    0.5882023572921753,
    0.5900933146476746,
    0.6210290193557739,
    0.6406567096710205,
    0.6491455435752869,
    0.5739749073982239,
    0.5980044603347778,
    0.5559461116790771,
    0.5408177971839905,
    0.5334435701370239,
    0.5535951852798462,
    0.6571229100227356,
    0.5627012848854065,
    0.5536761283874512,
    0.5540772080421448,
    0.6351950168609619,
    0.5509780645370483,
    0.5494124293327332,
    0.7191681861877441,
    0.5549214482307434,
    0.5902530550956726,
    0.5578929781913757,
    0.566609799861908,
    0.5719698667526245,
    0.5300348401069641,
    0.5108219981193542,
    0.5409440398216248,
    0.5164673328399658,
    0.5643794536590576,
    0.5390024781227112,
    0.5363386273384094,
    0.5222986936569214,
    0.526712954044342,
    0.5268315672874451,
    0.5183725357055664,
    0.7601099610328674,
    0.7413215637207031,
    0.6822117567062378,
    0.6748822927474976,
    0.6795872449874878,
    0.6592364311218262,
    0.5739112496376038,
    0.5594080686569214,
    0.5462387204170227,
    0.5474441647529602
  ],
  "val_loss": [
    1.6315679550170898,
    0.886660099029541,
    0.7179327607154846,
    0.4896275997161865,
    0.3803950548171997,
    0.49952706694602966,
    0.36110228300094604,
    0.2003435343503952,
    0.1487034261226654,
    0.15230751037597656,
    0.14153970777988434,
    0.15252120792865753,
    0.1369316577911377,
    0.12339034676551819,
    0.12152782082557678,
    0.1097627803683281,
    0.11336099356412888,
    0.10615838319063187,
    0.10588745772838593,
    0.1039261445403099,
    0.10380914807319641,
    0.10560018569231033,
    0.10951237380504608,
    0.10122618079185486,
    0.11136605590581894,
    0.11201027780771255,
    0.11200714111328125,
    0.10595279932022095,
    0.10282669216394424,
    0.09975723177194595,
    0.09550309181213379,
    0.09862174838781357,
    0.09780315309762955,
    0.09979019314050674,
    0.09969265013933182,
    0.09935314208269119,
    0.09520574659109116,
    0.09618579596281052,
    0.09342819452285767,
    0.13400106132030487,
    0.11430878937244415,
    0.10319864004850388,
    0.09557595103979111,
    0.09152035415172577,
    0.09129579365253448,
    0.09022771567106247,
    0.08949846029281616,
    0.08536890149116516,
    0.08537183701992035,
    0.0836845114827156,
    0.08709021657705307,
    0.08543208986520767,
    0.08549284189939499,
    0.08296490460634232,
    0.08239302039146423,
    0.08215691894292831,
    0.10899411886930466,
    0.09570956975221634,
    0.09622762352228165,
    0.09426481276750565,
    0.10838368535041809,
    0.09585676342248917,
    0.09449629485607147,
    0.09168411046266556,
    0.08724500983953476,
    0.08544231206178665
  ],
  "stopped_epoch": 65
}