{
  "epochs_recorded": [
    0,
    1,
    2,
    3,
    4,
    5,
    6,
    7,
    8,
    9,
    10,
    11,
    12,
    13,
    14,
    15,
    16,
    17,
    18,
    19,
    20,
    21,
    22,
    23,
    24,
    25,
    26,
    27,
    28,
    29,
    30,
    31,
    32,
    33,
    34,
    35,
    36,
    37,
    38,
    39,
    40,
    41,
    42,
    43,
    44,
    45,
    46,
    47,
    48,
    49,
    50,
    51,
    52,
    53,
    54,
    55,
    56,
    57,
    58,
    59,
    60,
    61,
    62,
    63,
    64,
    65,
    66,
    67,
    68,
    69,
    70,
    71,
    72,
    73,
    74,
    75,
    76,
    77,
    78,
    79,
    80,
    81,
    82,
    83,
    84,
    85
  ],
  "train_loss": [
    1.1463412046432495,
    0.13379812240600586,
    0.06702401489019394,
    0.05824552848935127,
    0.05711444467306137,
    0.056050706654787064,
    0.055596303194761276,
    0.05567396059632301,
    0.05583729222416878,
    0.056324224919080734,
    0.05570029094815254,
    0.05509553104639053,
    0.055512405931949615,
    0.05517442524433136,
    0.05485592409968376,
    0.05471498519182205,
    0.05492011085152626,
    0.05530055984854698,
    0.05642172694206238,
    0.05533717945218086,
    0.053776081651449203,
    0.05402900651097298,
    0.05281182378530502,
    0.052520494908094406,
    0.05181943252682686,
    0.05117780342698097,
    0.05174577236175537,
    0.0486961267888546,
    0.04886272922158241,
    0.047436513006687164,
    0.046250104904174805,
    0.04459427669644356,
    0.044031839817762375,
    0.04450346156954765,
    0.03978854790329933,
    0.03580460697412491,
    0.03007432259619236,
    0.03355032950639725,
    0.023705152794718742,
    0.02022770792245865,
    0.020946137607097626,
    0.01958306133747101,
    0.0158999040722847,
    0.015815725550055504,
    0.02375965565443039,
    0.03537590056657791,
    0.026989152655005455,
    0.022772032767534256,
    0.02138568088412285,
    0.0210279393941164,
    0.018935570493340492,
    0.01897272653877735,
    0.015955528244376183,
    0.014789325185120106,
    0.010672097094357014,
    0.011473791673779488,
    0.011120800860226154,
    0.009637737646698952,
    0.009324057959020138,
    0.013617005199193954,
    0.017763962969183922,
    0.014503538608551025,
    0.00954585149884224,
    0.011453339830040932,
    0.011240881867706776,
    0.009043093770742416,
    0.008856792002916336,
    0.00829157792031765,
    0.009977541863918304,
    0.009392935782670975,
    0.008852271363139153,
    0.009219170548021793,
    0.008351260796189308,
    0.008123431354761124,
    0.007982204668223858,
    0.0075719887390732765,
    0.007347235456109047,
    0.007894255220890045,
    0.008286288008093834,
    0.00816264282912016,
    0.01057044230401516,
    0.009807859547436237,
    0.007646967191249132,
    0.0069450200535357,
    0.008361845277249813,
    0.00987323746085167
  ],
  "val_loss": [
    0.15799124538898468,
    0.1725805699825287,
    0.083657406270504,
    0.08231529593467712,
    0.07351657748222351,
    0.07093045860528946,
    0.07002320885658264,
    0.06923089921474457,
    0.06932859122753143,
    0.07007558643817902,
    0.07029281556606293,
    0.06975099444389343,
    0.06880450993776321,
    0.06924765557050705,
    0.0697854533791542,
    0.06932929903268814,
    0.06875024735927582,
    0.0720030665397644,
    0.07590014487504959,
    0.06849908083677292,
    0.06784334778785706,
    0.06751017272472382,
    0.06965702027082443,
    0.06609777361154556,
    0.06626114994287491,
    0.06447794288396835,
    0.06753499060869217,
    0.06088808923959732,
    0.059714868664741516,
    0.06060919910669327,
    0.05797306448221207,
    0.05570210516452789,
    0.05314499884843826,
    0.0533267967402935,
    0.04950926452875137,
    0.04559116065502167,
    0.03954341262578964,
    0.031550828367471695,
    0.024605683982372284,
    0.019366133958101273,
    0.023805437609553337,
    0.03749857470393181,
    0.015584609471261501,
    0.022290682420134544,
    0.012814252637326717,
    0.04676536098122597,
    0.033271487802267075,
    0.02527676522731781,
    0.021769683808088303,
    0.023619050160050392,
    0.019827095791697502,
    0.018130049109458923,
    0.014471922069787979,
    0.024360693991184235,
    0.009953143075108528,
    0.01127091608941555,
    0.013033995404839516,
    0.008757000789046288,
    0.007817265577614307,
    0.012347024865448475,
    0.01916234754025936,
    0.014249920845031738,
    0.011274818331003189,
    0.009287609718739986,
    0.020693974569439888,
    0.009149158373475075,
    0.007367460522800684,
    0.008642829954624176,
    0.007592931855469942,
    0.007955941371619701,
    0.009183154441416264,
    0.007438566070050001,
    0.007058937568217516,
    0.008388490416109562,
    0.007708216086030006,
    0.0064490679651498795,
    0.006287746597081423,
    0.007129001431167126,
    0.007058848161250353,
    0.007961452007293701,
    0.007457333151251078,
    0.007855801843106747,
    0.007305126171559095,
    0.0077783167362213135,
    0.010725750587880611,
    0.008202111348509789,
    0.021219328045845032
  ],
  "stopped_epoch": 86
}