{
  "epochs_recorded": [
    0,
    1,
    2,
    3,
    4,
    5,
    6,
    7,
    8,
    9,
    10,
    11,
    12,
    13,
    14,
    15,
    16,
    17,
    18,
    19,
    20,
    21,
    22,
    23,
    24,
    25,
    26,
    27,
    28,
    29,
    30,
    31,
    32,
    33,
    34,
    35,
    36,
    37,
    38,
    39,
    40,
    41,
    42,
    43,
    44,
    45,
    46,
    47,
    48,
    49,
    50,
    51,
    52,
    53,
    54,
    55,
    56,
    57,
    58,
    59,
    60,
    61,
    62,
    63,
    64,
    65,
    66,
    67,
    68,
    69,
    70,
    71,
    72,
    73,
    74,
    75,
    76,
    77,
    78,
    79,
    80,
    81,
    82,
    83,
    84
  ],
  "train_loss": [
    0.25150078535079956,
    0.1229446679353714,
    0.06524016708135605,
    0.04845841974020004,
    0.04168275371193886,
    0.03749954700469971,
    0.034973837435245514,
    0.03238079324364662,
    0.030098460614681244,
    0.028057388961315155,
    0.026107696816325188,
    0.02427542768418789,
    0.022496001794934273,
    0.02075030840933323,
    0.019790802150964737,
    0.019398637115955353,
    0.018611572682857513,
    0.018128858879208565,
    0.01723877713084221,
    0.0166576337069273,
    0.01579388417303562,
    0.01542341336607933,
    0.01544170267879963,
    0.014409623108804226,
    0.013790224678814411,
    0.013508358038961887,
    0.013167090713977814,
    0.01325269602239132,
    0.012051692232489586,
    0.012068924494087696,
    0.012191890738904476,
    0.011892679147422314,
    0.011456375010311604,
    0.011107172816991806,
    0.01136403065174818,
    0.010596461594104767,
    0.010924506932497025,
    0.010465906001627445,
    0.010165231302380562,
    0.010312396101653576,
    0.010161465033888817,
    0.010034679435193539,
    0.009431520476937294,
    0.009570791386067867,
    0.009358958341181278,
    0.009438371285796165,
    0.009120064787566662,
    0.008796426467597485,
    0.008726171217858791,
    0.008754310198128223,
    0.008860594592988491,
    0.008746321313083172,
    0.008706065826117992,
    0.008585595525801182,
    0.008430822752416134,
    0.008475973270833492,
    0.008238869719207287,
    0.0076015000231564045,
    0.007981318049132824,
    0.008002194575965405,
    0.007651059422641993,
    0.007337021641433239,
    0.008022785186767578,
    0.0076141031458973885,
    0.007246074732393026,
    0.007112502586096525,
    0.006950359791517258,
    0.007035155314952135,
    0.0073115224950015545,
    0.006917239632457495,
    0.00705832289531827,
    0.0069772000424563885,
    0.006809045094996691,
    0.006707300432026386,
    0.006833076477050781,
    0.006704023107886314,
    0.0067385961301624775,
    0.006818428635597229,
    0.006344277411699295,
    0.006644525099545717,
    0.006504610646516085,
    0.006854832172393799,
    0.006625320762395859,
    0.006462034769356251,
    0.006548668257892132
  ],
  "val_loss": [
    0.7340499758720398,
    0.142166867852211,
    0.05531850829720497,
    0.04123067855834961,
    0.0355772040784359,
    0.03251468762755394,
    0.029589658603072166,
    0.028478020802140236,
    0.025568673387169838,
    0.02386411279439926,
    0.02269294671714306,
    0.02147933468222618,
    0.018257278949022293,
    0.016894584521651268,
    0.016513757407665253,
    0.014162935316562653,
    0.013580790720880032,
    0.014095282182097435,
    0.013077708892524242,
    0.011898989789187908,
    0.011209964752197266,
    0.010427986271679401,
    0.010859408415853977,
    0.009553959593176842,
    0.009364990517497063,
    0.009228728711605072,
    0.009083271957933903,
    0.009797146543860435,
    0.009133816696703434,
    0.008050204254686832,
    0.007841231301426888,
    0.007311670109629631,
    0.007094745524227619,
    0.006882452871650457,
    0.007334707770496607,
    0.006968813948333263,
    0.007299239747226238,
    0.00731611717492342,
    0.00567304901778698,
    0.005777258425951004,
    0.006305648013949394,
    0.005322272889316082,
    0.005856974516063929,
    0.005537243094295263,
    0.004912965465337038,
    0.00515668373554945,
    0.0047677550464868546,
    0.004978082608431578,
    0.0049577741883695126,
    0.004542823415249586,
    0.004753795452415943,
    0.0047815172001719475,
    0.006915788631886244,
    0.005063565447926521,
    0.004106499720364809,
    0.005280717741698027,
    0.004424362443387508,
    0.0038666026666760445,
    0.0037857985589653254,
    0.003625752404332161,
    0.005162685643881559,
    0.0037592947483062744,
    0.004335715901106596,
    0.0038048196583986282,
    0.0039110635407269,
    0.0034882572945207357,
    0.0033895010128617287,
    0.0036998563446104527,
    0.0037826457992196083,
    0.0034130490384995937,
    0.004025549162179232,
    0.003559970296919346,
    0.003272817237302661,
    0.0031971591524779797,
    0.00361474696546793,
    0.002993836300447583,
    0.0031294410582631826,
    0.003983703441917896,
    0.0033553701359778643,
    0.0035224875900894403,
    0.0032988113816827536,
    0.003845702391117811,
    0.003168982919305563,
    0.003086250042542815,
    0.004000391345471144,
    0.003909045830368996
  ],
  "stopped_epoch": 85
}