{
  "epochs_recorded": [
    0,
    1,
    2,
    3,
    4,
    5,
    6,
    7,
    8,
    9,
    10,
    11,
    12,
    13,
    14,
    15,
    16,
    17,
    18,
    19,
    20,
    21,
    22,
    23,
    24,
    25,
    26,
    27,
    28,
    29,
    30,
    31,
    32,
    33,
    34,
    35,
    36,
    37,
    38,
    39,
    40,
    41,
    42,
    43,
    44,
    45,
    46,
    47,
    48,
    49,
    50,
    51,
    52,
    53,
    54,
    55,
    56,
    57,
    58,
    59,
    60,
    61,
    62,
    63,
    64,
    65,
    66,
    67,
    68,
    69,
    70,
    71,
    72,
    73,
    74,
    75,
    76,
    77,
    78,
    79,
    80,
    81,
    82,
    83,
    84,
    85,
    86,
    87,
    88,
    89,
    90,
    91,
    92,
    93,
    94,
    95,
    96
  ],
  "train_loss": [
    1.3294236660003662,
    0.29363057017326355,
    0.2555137872695923,
    0.24992242455482483,
    0.24413259327411652,
    0.23874808847904205,
    0.23524926602840424,
    0.2254135012626648,
    0.2062908113002777,
    0.15757088363170624,
    0.1292276531457901,
    0.1102457121014595,
    0.10012506693601608,
    0.09127464145421982,
    0.08529551327228546,
    0.07775327563285828,
    0.0738878846168518,
    0.06915459036827087,
    0.06993188709020615,
    0.06595366448163986,
    0.06281381100416183,
    0.059361111372709274,
    0.05733657255768776,
    0.05119312182068825,
    0.048722729086875916,
    0.04613365978002548,
    0.0439431369304657,
    0.0421534925699234,
    0.04111792519688606,
    0.03905656188726425,
    0.038061223924160004,
    0.03474164381623268,
    0.03388608992099762,
    0.03227417916059494,
    0.03186152130365372,
    0.031236812472343445,
    0.029500417411327362,
    0.030351858586072922,
    0.02956937998533249,
    0.029012780636548996,
    0.029481980949640274,
    0.026742031797766685,
    0.02684692293405533,
    0.025550169870257378,
    0.025496428832411766,
    0.025788607075810432,
    0.025191333144903183,
    0.02398480474948883,
    0.025038616731762886,
    0.02350533939898014,
    0.024347927421331406,
    0.02357541397213936,
    0.02231779508292675,
    0.023364093154668808,
    0.02251962199807167,
    0.022924033924937248,
    0.022484850138425827,
    0.022303061559796333,
    0.020837420597672462,
    0.021323878318071365,
    0.02064650133252144,
    0.01953778602182865,
    0.02011316455900669,
    0.020257236436009407,
    0.019036298617720604,
    0.019395295530557632,
    0.019933456555008888,
    0.019080810248851776,
    0.019359063357114792,
    0.018127255141735077,
    0.01939886249601841,
    0.019000422209501266,
    0.017953360453248024,
    0.01792111247777939,
    0.018098140135407448,
    0.01714501716196537,
    0.017621951177716255,
    0.017764771357178688,
    0.017828157171607018,
    0.01702103577554226,
    0.016823694109916687,
    0.017025383189320564,
    0.017276741564273834,
    0.01671511121094227,
    0.01663990318775177,
    0.01644999347627163,
    0.01732233725488186,
    0.016368821263313293,
    0.015968039631843567,
    0.01614854857325554,
    0.016373615711927414,
    0.015782644972205162,
    0.016672808676958084,
    0.01623997837305069,
    0.015428248792886734,
    0.015524106100201607,
    0.01547007355839014
  ],
  "val_loss": [
    1.0972334146499634,
    0.3920466899871826,
    0.2294647991657257,
    0.22719459235668182,
    0.23143474757671356,
    0.22408689558506012,
    0.22045142948627472,
    0.21411575376987457,
    0.2027009129524231,
    0.16986648738384247,
    0.12430000305175781,
    0.10267866402864456,
    0.0864238515496254,
    0.081077940762043,
    0.07631146907806396,
    0.07149510085582733,
    0.06566421687602997,
    0.06379235535860062,
    0.062076181173324585,
    0.062361035495996475,
    0.05989217758178711,
    0.05754193291068077,
    0.05256902799010277,
    0.046783942729234695,
    0.040851518511772156,
    0.04073633253574371,
    0.039303671568632126,
    0.03605719655752182,
    0.03138731047511101,
    0.028132328763604164,
    0.032745830714702606,
    0.029828321188688278,
    0.025629274547100067,
    0.025697914883494377,
    0.02417803555727005,
    0.02258087694644928,
    0.021513624116778374,
    0.021609723567962646,
    0.022892246022820473,
    0.020461445674300194,
    0.024472814053297043,
    0.01920126937329769,
    0.020530996844172478,
    0.018282927572727203,
    0.016277024522423744,
    0.016814732924103737,
    0.016397172585129738,
    0.014877843670547009,
    0.016264013946056366,
    0.014919430948793888,
    0.018463123589754105,
    0.014451674185693264,
    0.015689142048358917,
    0.014630177058279514,
    0.013449075631797314,
    0.016202431172132492,
    0.015120649710297585,
    0.015844060108065605,
    0.013401865027844906,
    0.014548970386385918,
    0.013539140112698078,
    0.012061379849910736,
    0.011879309080541134,
    0.013190723955631256,
    0.01174446102231741,
    0.012342708185315132,
    0.01261213980615139,
    0.012046122923493385,
    0.011766958981752396,
    0.010493975132703781,
    0.012483476661145687,
    0.013250060379505157,
    0.010651672258973122,
    0.010098633356392384,
    0.010133573785424232,
    0.009904681704938412,
    0.00913961324840784,
    0.012297295033931732,
    0.011090700514614582,
    0.010442984290421009,
    0.008955538272857666,
    0.009361299686133862,
    0.011825323104858398,
    0.009877858683466911,
    0.010692885145545006,
    0.00969669595360756,
    0.010756861418485641,
    0.008001590147614479,
    0.00813153013586998,
    0.008611731231212616,
    0.009513813070952892,
    0.009788210503757,
    0.009459090419113636,
    0.009946719743311405,
    0.011241011321544647,
    0.008017617277801037,
    0.008817413821816444,
    0.008331281132996082
  ],
  "stopped_epoch": 97
}