{
  "epochs_recorded": [
    0,
    1,
    2,
    3,
    4,
    5,
    6,
    7,
    8,
    9,
    10,
    11,
    12,
    13,
    14,
    15,
    16,
    17,
    18,
    19,
    20,
    21
  ],
  "train_loss": [
    0.12361069023609161,
    0.06838783621788025,
    0.060798633843660355,
    0.05922127887606621,
    0.05833734571933746,
    0.0578351728618145,
    0.056023284792900085,
    0.05607178807258606,
    0.0559689886868,
    0.055653925985097885,
    0.05559106916189194,
    0.05481165274977684,
    0.055741820484399796,
    0.0554504431784153,
    0.05506443977355957,
    0.05535510182380676,
    0.05510546639561653,
    0.05599568411707878,
    0.0559363029897213,
    0.05576685816049576,
    0.05552758648991585,
    0.055473219603300095
  ],
  "val_loss": [
    0.22090570628643036,
    0.07560767978429794,
    0.07171091437339783,
    0.06988067179918289,
    0.07103194296360016,
    0.07275326550006866,
    0.06976450234651566,
    0.06968831270933151,
    0.07221473753452301,
    0.07189615070819855,
    0.06938102096319199,
    0.06961385905742645,
    0.06889724731445312,
    0.07033275067806244,
    0.06931737810373306,
    0.07006841897964478,
    0.0691063329577446,
    0.07260749489068985,
    0.07265850156545639,
    0.0697489008307457,
    0.07084207236766815,
    0.06947179138660431,
    0.07143067568540573
  ],
  "stopped_epoch": 22
}