{
  "epochs_recorded": [
    0,
    1,
    2,
    3,
    4,
    5,
    6,
    7,
    8,
    9,
    10,
    11,
    12,
    13,
    14,
    15,
    16,
    17,
    18,
    19,
    20,
    21,
    22,
    23,
    24,
    25,
    26,
    27,
    28,
    29,
    30,
    31,
    32,
    33,
    34,
    35,
    36,
    37,
    38,
    39,
    40,
    41,
    42,
    43,
    44,
    45,
    46,
    47,
    48,
    49,
    50,
    51,
    52,
    53,
    54,
    55,
    56,
    57,
    58,
    59,
    60
  ],
  "train_loss": [
    0.8878119587898254,
    0.7122402191162109,
    0.6306613683700562,
    0.5660130381584167,
    1.0266828536987305,
    0.581007719039917,
    0.5350412726402283,
    0.5271791219711304,
    0.5209267139434814,
    0.5359188914299011,
    0.5021493434906006,
    0.5147409439086914,
    0.5095652937889099,
    0.5012813806533813,
    0.49510127305984497,
    0.495411217212677,
    0.48908883333206177,
    0.5182172060012817,
    0.48896312713623047,
    0.5133804678916931,
    0.49801239371299744,
    0.5041489601135254,
    0.5401045083999634,
    0.49574601650238037,
    0.49533942341804504,
    0.4877825081348419,
    0.4836721420288086,
    0.47801950573921204,
    0.4704740643501282,
    0.4770379960536957,
    0.4829413890838623,
    0.4761585295200348,
    0.4738560914993286,
    0.48993417620658875,
    0.47857213020324707,
    0.4773252010345459,
    0.4716494083404541,
    0.47040989995002747,
    0.5098973512649536,
    0.4727928638458252,
    0.48344361782073975,
    0.4794553220272064,
    0.4689631760120392,
    0.4860258102416992,
    0.47258949279785156,
    0.46572422981262207,
    0.47419410943984985,
    0.47797441482543945,
    0.48482200503349304,
    0.47658079862594604,
    0.4628676772117615,
    0.5126884579658508,
    0.4614601731300354,
    0.4702037572860718,
    0.47353634238243103,
    0.4693341851234436,
    0.4873533546924591,
    0.46420708298683167,
    0.48396944999694824,
    0.47882866859436035,
    0.47004377841949463
  ],
  "val_loss": [
    0.4411119818687439,
    0.20742984116077423,
    0.2297234684228897,
    0.11412227898836136,
    0.1058133915066719,
    0.0882946327328682,
    0.0910973846912384,
    0.13811545073986053,
    0.08725734800100327,
    0.09227055311203003,
    0.13418568670749664,
    0.08288054168224335,
    0.07702989876270294,
    0.07353172451257706,
    0.06343285739421844,
    0.06503023952245712,
    0.061355654150247574,
    0.08817175030708313,
    0.05397966504096985,
    0.08665987104177475,
    0.06897808611392975,
    0.08338487893342972,
    0.07024138420820236,
    0.04969834163784981,
    0.061119526624679565,
    0.06043711677193642,
    0.053340330719947815,
    0.051506444811820984,
    0.1227412298321724,
    0.06462354958057404,
    0.04298504441976547,
    0.044639065861701965,
    0.04824000969529152,
    0.04285590723156929,
    0.04220019653439522,
    0.041470762342214584,
    0.046601634472608566,
    0.04912825673818588,
    0.06342379748821259,
    0.044729456305503845,
    0.042666997760534286,
    0.04160458594560623,
    0.042254723608493805,
    0.042488012462854385,
    0.04131337255239487,
    0.040427617728710175,
    0.0424986407160759,
    0.05114111304283142,
    0.05125126987695694,
    0.0399586483836174,
    0.03957752883434296,
    0.039019063115119934,
    0.03929855674505234,
    0.04011319950222969,
    0.03972575068473816,
    0.0396525003015995,
    0.03943454846739769,
    0.040450967848300934,
    0.04002925008535385,
    0.03941493481397629,
    0.039343833923339844,
    0.03954063728451729
  ],
  "stopped_epoch": 61
}