{
  "epochs_recorded": [
    0,
    1,
    2,
    3,
    4,
    5,
    6,
    7,
    8,
    9,
    10,
    11,
    12,
    13,
    14,
    15,
    16,
    17,
    18,
    19,
    20,
    21,
    22,
    23,
    24,
    25,
    26,
    27,
    28,
    29,
    30,
    31,
    32,
    33,
    34,
    35,
    36,
    37,
    38,
    39,
    40,
    41,
    42,
    43,
    44,
    45,
    46,
    47,
    48,
    49,
    50,
    51
  ],
  "train_loss": [
    0.35065850615501404,
    0.21138019859790802,
    0.17553028464317322,
    0.13230539858341217,
    0.10233595222234726,
    0.0883239358663559,
    0.08043208718299866,
    0.07539566606283188,
    0.06829101592302322,
    0.06384587287902832,
    0.05967408046126366,
    0.05905325710773468,
    0.05576791241765022,
    0.0536595918238163,
    0.051417186856269836,
    0.04872315749526024,
    0.04764919728040695,
    0.04665980488061905,
    0.04523273557424545,
    0.0452708974480629,
    0.04406217485666275,
    0.04430486261844635,
    0.04293788969516754,
    0.04127565026283264,
    0.040161315351724625,
    0.03993356600403786,
    0.03818076476454735,
    0.03764980286359787,
    0.03761833533644676,
    0.03649435564875603,
    0.036890458315610886,
    0.036478329449892044,
    0.03497103601694107,
    0.03518414869904518,
    0.034401651471853256,
    0.0341951884329319,
    0.0337216816842556,
    0.03363288566470146,
    0.03267219662666321,
    0.030752137303352356,
    0.031348541378974915,
    0.030932674184441566,
    0.031031880527734756,
    0.03042769618332386,
    0.028890609741210938,
    0.0294354110956192,
    0.029456088319420815,
    0.02857503667473793,
    0.028675761073827744,
    0.028722476214170456,
    0.028205251321196556,
    0.027636196464300156
  ],
  "val_loss": [
    1.0998262166976929,
    0.17668628692626953,
    0.14034000039100647,
    0.09786058217287064,
    0.06014051288366318,
    0.04521429166197777,
    0.04904687777161598,
    0.05585591495037079,
    0.05243711546063423,
    0.04606135934591293,
    0.04501517862081528,
    0.04193831607699394,
    0.041069842875003815,
    0.04347492754459381,
    0.04226720705628395,
    0.03954849764704704,
    0.034839529544115067,
    0.04028482362627983,
    0.0323980413377285,
    0.03837636485695839,
    0.03223954513669014,
    0.03631500154733658,
    0.03330894932150841,
    0.03386388346552849,
    0.03424438089132309,
    0.028993723914027214,
    0.03066400997340679,
    0.0281695369631052,
    0.027513297274708748,
    0.02728087827563286,
    0.029109587892889977,
    0.025340942665934563,
    0.025025349110364914,
    0.028964852914214134,
    0.02788640931248665,
    0.024489784613251686,
    0.022905495017766953,
    0.02643725648522377,
    0.02614591270685196,
    0.022810615599155426,
    0.024329498410224915,
    0.023854244500398636,
    0.021294817328453064,
    0.02382531203329563,
    0.022582734003663063,
    0.022273823618888855,
    0.02230353280901909,
    0.023610463365912437,
    0.02132876217365265,
    0.021377049386501312,
    0.024107184261083603,
    0.024788208305835724,
    0.025018511340022087
  ],
  "stopped_epoch": 52
}