{
  "epochs_recorded": [
    0,
    1,
    2,
    3,
    4,
    5,
    6,
    7,
    8,
    9,
    10,
    11,
    12,
    13,
    14,
    15,
    16,
    17,
    18
  ],
  "train_loss": [
    1.7654125690460205,
    0.9817535281181335,
    0.948523223400116,
    0.924350380897522,
    0.8752725720405579,
    0.6931750178337097,
    0.6036913990974426,
    0.6365185379981995,
    0.603931188583374,
    0.5962647199630737,
    0.6438540816307068,
    0.681489884853363,
    0.597104549407959,
    0.6266250014305115,
    0.6199552416801453,
    0.6026387214660645,
    0.5828335881233215,
    0.5829691886901855,
    0.6153104901313782
  ],
  "val_loss": [
    1.3490062952041626,
    0.5555875897407532,
    2.391275405883789,
    0.5426121354103088,
    0.26056206226348877,
    0.3087550699710846,
    0.28111976385116577,
    0.22252894937992096,
    0.1746218055486679,
    0.152053102850914,
    0.18781214952468872,
    0.47532662749290466,
    0.1972638964653015,
    0.1702800691127777,
    0.1777743548154831,
    0.1583751142024994,
    0.16988815367221832,
    0.1857757568359375,
    0.15544366836547852,
    0.2546026110649109
  ],
  "stopped_epoch": 19
}