{
  "epochs_recorded": [
    0,
    1,
    2,
    3,
    4,
    5,
    6,
    7,
    8,
    9,
    10,
    11,
    12,
    13,
    14,
    15,
    16,
    17,
    18,
    19,
    20,
    21,
    22,
    23,
    24,
    25,
    26,
    27,
    28,
    29,
    30,
    31,
    32,
    33,
    34,
    35,
    36,
    37,
    38,
    39,
    40,
    41,
    42,
    43
  ],
  "train_loss": [
    1.1861562728881836,
    0.8069593906402588,
    0.6570843458175659,
    0.5814347863197327,
    0.5614719390869141,
    0.5411239266395569,
    0.5609408617019653,
    0.5416929721832275,
    0.5524786114692688,
    0.53456050157547,
    0.5265173316001892,
    0.5297417640686035,
    0.5144872069358826,
    0.5451288819313049,
    0.5117061734199524,
    0.521614670753479,
    0.5237205624580383,
    0.525545060634613,
    0.5158938765525818,
    0.5315577387809753,
    0.519356369972229,
    0.5219831466674805,
    0.5005288124084473,
    0.5245784521102905,
    0.5243593454360962,
    0.5205859541893005,
    0.5164434909820557,
    0.5128602981567383,
    0.4926237463951111,
    0.5241144299507141,
    0.5118809938430786,
    0.5163599848747253,
    0.5103311538696289,
    0.512276828289032,
    0.5133622884750366,
    0.5173813104629517,
    0.491007536649704,
    0.506727397441864,
    0.5228409171104431,
    0.49489134550094604,
    0.5204958319664001,
    0.5220308899879456,
    0.5356252789497375,
    0.5236950516700745
  ],
  "val_loss": [
    1.2758991718292236,
    0.7921764254570007,
    0.359954833984375,
    0.1675439476966858,
    0.16881820559501648,
    0.09815428406000137,
    0.22570568323135376,
    0.09671375900506973,
    0.09456069022417068,
    0.0949670597910881,
    0.08637594431638718,
    0.09663724899291992,
    0.09148570895195007,
    0.08936426043510437,
    0.0847732424736023,
    0.08382974565029144,
    0.08394230902194977,
    0.08343121409416199,
    0.08210544288158417,
    0.11225364357233047,
    0.09557045996189117,
    0.08236867934465408,
    0.08792205154895782,
    0.0868486762046814,
    0.08107216656208038,
    0.0816066637635231,
    0.08503299951553345,
    0.08557779341936111,
    0.0868033766746521,
    0.08948206901550293,
    0.08616761863231659,
    0.08559132367372513,
    0.0836772546172142,
    0.08411628752946854,
    0.08068090677261353,
    0.08634891360998154,
    0.0819820910692215,
    0.08496756851673126,
    0.08449088037014008,
    0.09598017483949661,
    0.08890552818775177,
    0.08237223327159882,
    11.331223487854004,
    11.309194564819336,
    0.285338431596756
  ],
  "stopped_epoch": 44
}