{
  "epochs_recorded": [
    0,
    1,
    2,
    3,
    4,
    5,
    6,
    7,
    8,
    9,
    10,
    11,
    12,
    13,
    14,
    15,
    16,
    17,
    18,
    19,
    20,
    21,
    22,
    23,
    24,
    25,
    26,
    27,
    28,
    29,
    30,
    31,
    32
  ],
  "train_loss": [
    0.16583213210105896,
    0.07621029019355774,
    0.0676192045211792,
    0.06438300013542175,
    0.0626787394285202,
    0.06194433569908142,
    0.05916905403137207,
    0.05905042961239815,
    0.05806169658899307,
    0.05641091987490654,
    0.05570361018180847,
    0.05458486080169678,
    0.05397995561361313,
    0.05469686910510063,
    0.053937725722789764,
    0.052613191306591034,
    0.05317235365509987,
    0.053974781185388565,
    0.05339880287647247,
    0.05398816242814064,
    0.052362605929374695,
    0.05247734487056732,
    0.051591988652944565,
    0.05159478262066841,
    0.052195485681295395,
    0.052033424377441406,
    0.053019508719444275,
    0.052240196615457535,
    0.053138088434934616,
    0.05208417773246765,
    0.051636673510074615,
    0.051980067044496536,
    0.05308634415268898
  ],
  "val_loss": [
    0.3561125695705414,
    0.09120920300483704,
    0.07275097072124481,
    0.06960378587245941,
    0.07164881378412247,
    0.07223071902990341,
    0.06826324760913849,
    0.06675368547439575,
    0.06621365249156952,
    0.0674845427274704,
    0.06627589464187622,
    0.06396101415157318,
    0.06275661289691925,
    0.0629030093550682,
    0.06576845794916153,
    0.06301543861627579,
    0.062094565480947495,
    0.06814619153738022,
    0.06768007576465607,
    0.06261046230792999,
    0.06273528188467026,
    0.06287068873643875,
    0.06627996265888214,
    0.061474818736314774,
    0.06270948052406311,
    0.06277959793806076,
    0.0680689737200737,
    0.06208617240190506,
    0.06284927576780319,
    0.067920982837677,
    0.06315192580223083,
    0.06212014704942703,
    0.062263745814561844,
    0.06455250084400177
  ],
  "stopped_epoch": 33
}