{
  "epochs_recorded": [
    0,
    1,
    2,
    3,
    4,
    5,
    6,
    7,
    8,
    9,
    10,
    11,
    12,
    13,
    14,
    15,
    16,
    17,
    18,
    19,
    20,
    21,
    22,
    23,
    24,
    25,
    26,
    27,
    28,
    29,
    30,
    31,
    32,
    33,
    34,
    35,
    36,
    37,
    38,
    39,
    40,
    41,
    42,
    43,
    44,
    45,
    46,
    47,
    48,
    49,
    50,
    51,
    52,
    53,
    54,
    55,
    56,
    57,
    58,
    59,
    60,
    61,
    62,
    63,
    64,
    65,
    66,
    67,
    68,
    69
  ],
  "train_loss": [
    0.6724905967712402,
    0.2255420684814453,
    0.193161740899086,
    0.16570106148719788,
    0.11231361329555511,
    0.06959862262010574,
    0.06051690876483917,
    0.05547145754098892,
    0.051327019929885864,
    0.0480845682322979,
    0.04399414360523224,
    0.04131874442100525,
    0.04077712446451187,
    0.03857625648379326,
    0.03599236533045769,
    0.03446636721491814,
    0.03407313674688339,
    0.03363664075732231,
    0.03239087387919426,
    0.030693979933857918,
    0.02934306673705578,
    0.02891578897833824,
    0.0281077791005373,
    0.027556831017136574,
    0.025400493294000626,
    0.02542201429605484,
    0.024818239733576775,
    0.023901328444480896,
    0.022397033870220184,
    0.02295110374689102,
    0.02194545418024063,
    0.021211689338088036,
    0.021226635202765465,
    0.020558888092637062,
    0.02005510777235031,
    0.02070925384759903,
    0.018908511847257614,
    0.019582007080316544,
    0.01943313330411911,
    0.01854659989476204,
    0.01846969686448574,
    0.018321573734283447,
    0.01778947003185749,
    0.017070036381483078,
    0.017303617671132088,
    0.017867080867290497,
    0.017524171620607376,
    0.017122620716691017,
    0.016862129792571068,
    0.017269553616642952,
    0.01596136763691902,
    0.015315834432840347,
    0.016431616619229317,
    0.01623811386525631,
    0.01530540268868208,
    0.015185283496975899,
    0.015866093337535858,
    0.015187228098511696,
    0.015248613432049751,
    0.014730513095855713,
    0.014633247628808022,
    0.014829806983470917,
    0.015069846995174885,
    0.014700496569275856,
    0.014614059589803219,
    0.014647726900875568,
    0.014232998713850975,
    0.01401044987142086,
    0.014190994203090668,
    0.013869638554751873
  ],
  "val_loss": [
    0.5231796503067017,
    0.1857077032327652,
    0.1776711791753769,
    0.15831731259822845,
    0.1219477578997612,
    0.060201495885849,
    0.047720108181238174,
    0.043288931250572205,
    0.04093663766980171,
    0.03832927346229553,
    0.034820374101400375,
    0.0328466072678566,
    0.03196404129266739,
    0.029472360387444496,
    0.028472406789660454,
    0.027712564915418625,
    0.02623567171394825,
    0.02514643222093582,
    0.025819430127739906,
    0.024597205221652985,
    0.023374777287244797,
    0.021467577666044235,
    0.02084347791969776,
    0.019776977598667145,
    0.01913662627339363,
    0.019195299595594406,
    0.01684606820344925,
    0.017028143629431725,
    0.01537744328379631,
    0.015023274347186089,
    0.014846435748040676,
    0.013303058221936226,
    0.013628185726702213,
    0.01273299939930439,
    0.012627949938178062,
    0.011901779100298882,
    0.01144346222281456,
    0.011773418635129929,
    0.010394686833024025,
    0.01078648492693901,
    0.010304064489901066,
    0.01015146728605032,
    0.009937592782080173,
    0.009687954559922218,
    0.009166968055069447,
    0.009113567881286144,
    0.00900387391448021,
    0.009402202442288399,
    0.009803298860788345,
    0.008618811145424843,
    0.009488492272794247,
    0.009736879728734493,
    0.009256080724298954,
    0.009164802730083466,
    0.00961208250373602,
    0.007997673936188221,
    0.00879402831196785,
    0.00805709045380354,
    0.0079666618257761,
    0.007962102070450783,
    0.007362325210124254,
    0.007883208803832531,
    0.008600608445703983,
    0.008280954323709011,
    0.00798159372061491,
    0.007920404896140099,
    0.008077817969024181,
    0.007739368826150894,
    0.007820982486009598,
    0.00869026593863964,
    0.0073906839825212955
  ],
  "stopped_epoch": 70
}