{
  "epochs_recorded": [
    0,
    1,
    2,
    3,
    4,
    5,
    6,
    7,
    8,
    9,
    10,
    11,
    12,
    13,
    14,
    15,
    16,
    17,
    18,
    19,
    20,
    21,
    22,
    23,
    24,
    25,
    26
  ],
  "train_loss": [
    0.6709724068641663,
    0.6672934889793396,
    0.5552762746810913,
    0.497722864151001,
    0.48029693961143494,
    0.47846221923828125,
    0.46155595779418945,
    0.477469801902771,
    0.471041738986969,
    0.47632694244384766,
    0.4666539132595062,
    0.5115288496017456,
    0.4558284878730774,
    0.447960764169693,
    0.4763980507850647,
    0.4769991934299469,
    0.4578578770160675,
    0.4514547288417816,
    0.49557334184646606,
    0.4611385762691498,
    0.4643263816833496,
    0.5121715664863586,
    0.49007612466812134,
    0.47826671600341797,
    0.4652084708213806,
    0.4741271734237671,
    0.4787776470184326
  ],
  "val_loss": [
    5.5773701667785645,
    9.999034881591797,
    0.20807665586471558,
    0.10393766313791275,
    0.08368328213691711,
    0.07304372638463974,
    0.07129807025194168,
    0.07104676961898804,
    0.07066618651151657,
    0.07048501819372177,
    0.0706804096698761,
    0.07044272869825363,
    0.07056345045566559,
    0.07050177454948425,
    0.07034849375486374,
    0.07175717502832413,
    0.07161286473274231,
    0.07018035650253296,
    0.07106086611747742,
    0.0726068913936615,
    0.07075423747301102,
    0.07060965895652771,
    0.08557966351509094,
    0.08152469992637634,
    0.0740535706281662,
    0.07115861773490906,
    0.0707138255238533,
    0.07678188383579254
  ],
  "stopped_epoch": 27
}