{
  "epochs_recorded": [
    0,
    1,
    2,
    3,
    4,
    5,
    6,
    7,
    8,
    9,
    10,
    11,
    12,
    13,
    14,
    15,
    16,
    17,
    18,
    19,
    20,
    21,
    22,
    23,
    24,
    25,
    26,
    27,
    28,
    29,
    30,
    31,
    32,
    33,
    34,
    35,
    36,
    37,
    38,
    39,
    40,
    41,
    42,
    43,
    44,
    45,
    46,
    47,
    48,
    49,
    50,
    51,
    52,
    53,
    54,
    55,
    56,
    57,
    58,
    59,
    60,
    61,
    62,
    63,
    64,
    65,
    66,
    67,
    68,
    69,
    70,
    71,
    72,
    73,
    74,
    75,
    76,
    77,
    78,
    79,
    80,
    81,
    82,
    83,
    84,
    85,
    86,
    87,
    88,
    89,
    90
  ],
  "train_loss": [
    1.0751903057098389,
    0.9052425622940063,
    0.8065727949142456,
    0.7114617824554443,
    0.6588610410690308,
    0.5956454873085022,
    0.567087709903717,
    0.5665668249130249,
    0.5392268896102905,
    0.5451840162277222,
    0.5527718663215637,
    0.5571439862251282,
    0.5099998116493225,
    0.46802276372909546,
    0.5011304020881653,
    0.5034534931182861,
    0.49379903078079224,
    0.47395268082618713,
    0.5162211060523987,
    0.475397527217865,
    0.490778386592865,
    0.5254877209663391,
    0.4946993589401245,
    0.4847587049007416,
    0.48855432868003845,
    0.4855118989944458,
    0.48348385095596313,
    0.5030872821807861,
    0.5018355846405029,
    0.4752615690231323,
    0.5156164169311523,
    0.4967609941959381,
    0.48320287466049194,
    0.48798125982284546,
    0.4878879487514496,
    0.4846042990684509,
    0.48108816146850586,
    0.4958645701408386,
    0.4853476881980896,
    0.4660203456878662,
    0.4624041020870209,
    0.46128371357917786,
    0.45873236656188965,
    0.48459169268608093,
    0.47855144739151,
    0.4700238108634949,
    0.4772873818874359,
    0.46632471680641174,
    0.4669327735900879,
    0.4480467140674591,
    0.4533616304397583,
    0.4529527723789215,
    0.4583022892475128,
    0.47445741295814514,
    0.4645370841026306,
    0.4669460654258728,
    0.4634931683540344,
    0.45011332631111145,
    0.45661497116088867,
    0.46026748418807983,
    0.45220130681991577,
    0.4669433534145355,
    0.4477054178714752,
    0.4634222984313965,
    0.44809362292289734,
    0.44681406021118164,
    0.4574054181575775,
    0.4450128674507141,
    0.4543077349662781,
    0.4539676308631897,
    0.4481808841228485,
    0.5280115604400635,
    0.4533270299434662,
    0.44796112179756165,
    0.4423171281814575,
    0.4517443776130676,
    0.44898080825805664,
    0.44995933771133423,
    0.44251883029937744,
    0.44046369194984436,
    0.4577261805534363,
    0.44858187437057495,
    0.4440828859806061,
    0.4647468328475952,
    0.44326967000961304,
    0.44860774278640747,
    0.45756015181541443,
    0.4465947449207306,
    0.44759857654571533,
    0.44253861904144287,
    0.43548303842544556
  ],
  "val_loss": [
    0.7380732893943787,
    0.2011437565088272,
    0.2165108472108841,
    0.14009326696395874,
    0.15022939443588257,
    0.17553013563156128,
    0.14352655410766602,
    0.12120041251182556,
    0.10288596898317337,
    0.10179002583026886,
    0.10269014537334442,
    0.09168048948049545,
    0.08809100836515427,
    0.08467661589384079,
    0.08327654004096985,
    0.08129610121250153,
    0.07920143753290176,
    0.07940156757831573,
    0.0790090337395668,
    0.07758864015340805,
    0.07693853229284286,
    0.0751667469739914,
    0.0754903107881546,
    0.0748034194111824,
    0.07513387501239777,
    0.07557681202888489,
    0.07529426366090775,
    0.0740128830075264,
    0.07555870711803436,
    0.07352256774902344,
    0.07182655483484268,
    0.07108017802238464,
    0.06935027241706848,
    0.08820267766714096,
    0.06688530743122101,
    0.06584437191486359,
    0.06592555344104767,
    0.06514642387628555,
    0.06219511851668358,
    0.06358996033668518,
    0.06864175945520401,
    0.07742486894130707,
    0.09377750754356384,
    0.06998979300260544,
    0.05585179477930069,
    0.06108618900179863,
    0.05746103450655937,
    0.05241895094513893,
    0.04661745950579643,
    0.0458807647228241,
    0.04351703077554703,
    0.04395958036184311,
    0.041934382170438766,
    0.040534645318984985,
    0.039492975920438766,
    0.043560244143009186,
    0.040614012628793716,
    0.04428647831082344,
    0.07851483672857285,
    0.051191434264183044,
    0.06831885129213333,
    0.033515408635139465,
    0.04505106434226036,
    0.037509191781282425,
    0.03910569101572037,
    0.04244156926870346,
    0.033026646822690964,
    0.035116858780384064,
    0.07661193609237671,
    0.035397931933403015,
    0.04005482792854309,
    0.03336252272129059,
    0.036721501499414444,
    0.04355618357658386,
    0.03641126677393913,
    0.04588888958096504,
    0.03296918049454689,
    0.038720861077308655,
    0.037424199283123016,
    0.02765437215566635,
    0.03846609219908714,
    0.022921040654182434,
    0.03637411817908287,
    0.024698181077837944,
    0.02729705348610878,
    0.029979417100548744,
    0.02591049112379551,
    0.02337449975311756,
    0.03536785766482353,
    0.0748380720615387,
    0.030255388468503952,
    0.034263983368873596
  ],
  "stopped_epoch": 91
}