{
  "epochs_recorded": [
    0,
    1,
    2,
    3,
    4,
    5,
    6,
    7,
    8,
    9,
    10,
    11,
    12,
    13,
    14,
    15,
    16
  ],
  "train_loss": [
    2.575864553451538,
    0.10549502074718475,
    0.09386150538921356,
    0.08483834564685822,
    0.07680486887693405,
    0.07621753960847855,
    0.07129452377557755,
    0.06992080807685852,
    0.06775954365730286,
    0.06653770804405212,
    0.06659311056137085,
    0.06735755503177643,
    0.0650886744260788,
    0.06380525231361389,
    0.06345517933368683,
    0.06557462364435196,
    0.06236771494150162
  ],
  "val_loss": [
    0.27780959010124207,
    0.08558760583400726,
    0.07916105538606644,
    0.07025515288114548,
    0.07676327973604202,
    0.07125681638717651,
    0.06955842673778534,
    0.06923656165599823,
    0.07306545972824097,
    0.07052003592252731,
    0.07192990928888321,
    0.07454314827919006,
    0.07155606150627136,
    0.07002214342355728,
    0.07232465595006943,
    0.07031882554292679,
    0.07011036574840546,
    0.07686246931552887
  ],
  "stopped_epoch": 17
}