{
  "epochs_recorded": [
    0,
    1,
    2,
    3,
    4,
    5,
    6,
    7,
    8,
    9,
    10,
    11,
    12,
    13,
    14,
    15,
    16,
    17,
    18,
    19,
    20,
    21,
    22,
    23,
    24,
    25,
    26,
    27,
    28,
    29,
    30,
    31,
    32,
    33,
    34,
    35,
    36,
    37,
    38,
    39,
    40,
    41,
    42,
    43,
    44,
    45,
    46,
    47,
    48,
    49,
    50,
    51,
    52,
    53,
    54,
    55,
    56,
    57,
    58,
    59,
    60,
    61,
    62,
    63,
    64,
    65,
    66,
    67,
    68,
    69,
    70,
    71,
    72,
    73
  ],
  "train_loss": [
    1.5068129301071167,
    1.0558713674545288,
    1.0336220264434814,
    1.0123308897018433,
    0.8572829961776733,
    0.7656956911087036,
    0.6793946623802185,
    0.7720057368278503,
    0.7023999094963074,
    0.6870555281639099,
    0.6703630685806274,
    0.7009071111679077,
    0.7275120615959167,
    0.5809466242790222,
    0.5943710207939148,
    0.5938223004341125,
    0.5781838893890381,
    0.6184712648391724,
    0.5929624438285828,
    0.5336812138557434,
    0.5600508451461792,
    0.5611521601676941,
    0.5506359934806824,
    0.5176650881767273,
    0.5322707891464233,
    0.5332247018814087,
    0.565547525882721,
    0.5253536701202393,
    0.5156727433204651,
    0.5644188523292542,
    0.55791836977005,
    0.5378775596618652,
    0.5782722234725952,
    0.5217064023017883,
    0.49097543954849243,
    0.5028062462806702,
    0.4857148826122284,
    0.5156163573265076,
    0.5454128980636597,
    0.48322948813438416,
    0.49608951807022095,
    0.487186074256897,
    0.4796949028968811,
    0.49743199348449707,
    0.4810364246368408,
    0.4747416079044342,
    0.48771393299102783,
    0.48190534114837646,
    0.4808628559112549,
    0.45619505643844604,
    0.45034465193748474,
    0.45312225818634033,
    0.45958226919174194,
    0.44925108551979065,
    0.4565015137195587,
    0.4510725736618042,
    0.4658850431442261,
    0.45352086424827576,
    0.46367180347442627,
    0.4682007431983948,
    0.4726812243461609,
    0.45679688453674316,
    0.4586264491081238,
    0.45466119050979614,
    0.4541645646095276,
    0.4438261389732361,
    0.4411494731903076,
    0.44873207807540894,
    0.45983654260635376,
    0.44392263889312744,
    0.4561694264411926,
    0.4965918958187103,
    0.4420319199562073,
    0.4539373815059662
  ],
  "val_loss": [
    2.55352783203125,
    0.3183542490005493,
    0.3601185083389282,
    0.3485344648361206,
    0.24698105454444885,
    0.1354905366897583,
    0.22170591354370117,
    0.18493767082691193,
    0.18613609671592712,
    0.21095651388168335,
    0.16579502820968628,
    0.17408870160579681,
    0.1359887719154358,
    0.10690739005804062,
    0.11350719630718231,
    0.10597801208496094,
    0.08887508511543274,
    0.10365135222673416,
    0.10910852253437042,
    0.09048139303922653,
    0.09975611418485641,
    0.09070777148008347,
    0.07889953255653381,
    0.08047480881214142,
    0.08026338368654251,
    0.07737593352794647,
    0.07441998273134232,
    0.07789842784404755,
    0.08979848772287369,
    0.06934774667024612,
    0.07762538641691208,
    0.10753922164440155,
    0.069104865193367,
    0.05739293247461319,
    0.07096264511346817,
    0.06731050461530685,
    0.044799163937568665,
    0.05110358074307442,
    0.048552416265010834,
    0.04854535683989525,
    0.04253697395324707,
    0.0366426445543766,
    0.044480662792921066,
    0.04611140117049217,
    0.04698238894343376,
    0.05263955891132355,
    0.03230731934309006,
    0.05264085903763771,
    0.06342241168022156,
    0.02819041721522808,
    0.030475497245788574,
    0.03370058164000511,
    0.037726517766714096,
    0.03537134826183319,
    0.02313533052802086,
    0.02578503079712391,
    0.028122715651988983,
    0.0227754358202219,
    0.02969312109053135,
    0.027482347562909126,
    0.024026649072766304,
    0.03545370697975159,
    0.032579485327005386,
    0.03012782894074917,
    0.021310806274414062,
    0.03912428393959999,
    0.02337353676557541,
    0.03183455765247345,
    0.030012018978595734,
    0.04020720347762108,
    0.039261024445295334,
    0.026345660910010338,
    0.028640475124120712,
    0.03771653771400452,
    0.022562909871339798
  ],
  "stopped_epoch": 74
}