{
  "epochs_recorded": [
    0,
    1,
    2,
    3,
    4,
    5,
    6,
    7,
    8,
    9,
    10,
    11,
    12,
    13,
    14,
    15,
    16,
    17,
    18,
    19,
    20,
    21,
    22,
    23,
    24,
    25,
    26,
    27,
    28,
    29,
    30,
    31,
    32,
    33,
    34,
    35,
    36,
    37,
    38,
    39,
    40,
    41,
    42,
    43,
    44,
    45,
    46,
    47,
    48
  ],
  "train_loss": [
    1.0500807762145996,
    0.8420539498329163,
    0.6920496225357056,
    0.6110503673553467,
    0.6395279169082642,
    0.7224990129470825,
    0.573340654373169,
    0.5767163038253784,
    0.5584380626678467,
    0.5350942611694336,
    0.5287808775901794,
    0.5237635970115662,
    0.5283675789833069,
    0.539340615272522,
    0.5173654556274414,
    0.5133728981018066,
    0.512913703918457,
    0.5331313610076904,
    0.5244186520576477,
    0.5373643040657043,
    0.5221322178840637,
    0.5192806720733643,
    0.5053580403327942,
    0.537751317024231,
    0.5305824875831604,
    0.5165668725967407,
    0.526238203048706,
    0.5191494226455688,
    0.49372798204421997,
    0.5250243544578552,
    0.5080903768539429,
    0.5137915015220642,
    0.5062377452850342,
    0.5067598819732666,
    0.5104767680168152,
    0.5089060068130493,
    0.49878767132759094,
    0.5180323123931885,
    0.5179687142372131,
    0.4902946949005127,
    0.5225710272789001,
    0.5304882526397705,
    0.5260377526283264,
    0.5326864719390869,
    0.5305432677268982,
    0.5092833638191223,
    0.4972969591617584,
    0.5088361501693726,
    0.5232464075088501
  ],
  "val_loss": [
    1.505313515663147,
    1.5279629230499268,
    0.7540983557701111,
    0.16003116965293884,
    0.11860530823469162,
    0.10761387646198273,
    0.11533726006746292,
    0.10668665170669556,
    0.10179273784160614,
    0.09630901366472244,
    0.09529754519462585,
    0.09088611602783203,
    0.11828193813562393,
    0.09602812677621841,
    0.09035076200962067,
    0.08792989701032639,
    0.09224235266447067,
    0.08929335325956345,
    0.09184470772743225,
    0.08442599326372147,
    0.08642606437206268,
    0.08781944215297699,
    0.08689571171998978,
    0.08924581855535507,
    0.08577657490968704,
    0.08443047851324081,
    0.08428792655467987,
    0.10797235369682312,
    0.09145274013280869,
    0.08439765870571136,
    0.0869213119149208,
    0.09382785856723785,
    0.0816439688205719,
    0.08259840309619904,
    0.08316607773303986,
    0.08904704451560974,
    0.0891091376543045,
    0.08651342988014221,
    0.08364341408014297,
    0.0811564028263092,
    0.08503799140453339,
    0.08524731546640396,
    0.08433341979980469,
    0.08361997455358505,
    0.10466436296701431,
    0.2999483048915863,
    0.09874071925878525,
    0.08196555823087692,
    0.0867515355348587,
    0.0828496664762497
  ],
  "stopped_epoch": 49
}