{
  "epochs_recorded": [
    0,
    1,
    2,
    3,
    4,
    5,
    6,
    7,
    8,
    9,
    10,
    11,
    12,
    13,
    14,
    15,
    16,
    17,
    18,
    19,
    20,
    21,
    22,
    23,
    24,
    25,
    26
  ],
  "train_loss": [
    0.6121451258659363,
    0.503368616104126,
    0.504808247089386,
    0.48452937602996826,
    0.4974195957183838,
    0.4607858657836914,
    0.4807173013687134,
    0.4762295186519623,
    0.5253642797470093,
    0.4952903091907501,
    0.4639158844947815,
    0.4631597697734833,
    0.48040348291397095,
    0.4823130965232849,
    0.46143823862075806,
    0.4962938129901886,
    0.47630736231803894,
    0.45957082509994507,
    0.47818058729171753,
    0.5079914331436157,
    0.501395583152771,
    0.4873713254928589,
    0.471590518951416,
    0.5076534748077393,
    0.4591379165649414,
    0.47960710525512695,
    0.4636692404747009
  ],
  "val_loss": [
    1.4361324310302734,
    0.4349147379398346,
    0.08539828658103943,
    0.07484135031700134,
    0.07440464943647385,
    0.07741193473339081,
    0.07459578663110733,
    0.0716279000043869,
    0.07906316220760345,
    0.09997615963220596,
    0.08520160615444183,
    0.0742785856127739,
    0.07260444015264511,
    0.0722019225358963,
    0.07109256088733673,
    0.07065875828266144,
    0.07211965322494507,
    0.06996698677539825,
    0.07026020437479019,
    0.07145144790410995,
    0.07140087336301804,
    0.07078519463539124,
    0.07270264625549316,
    0.07215254008769989,
    0.07750093936920166,
    0.07880041003227234,
    0.07199880480766296,
    0.07123621553182602
  ],
  "stopped_epoch": 27
}