{
  "epochs_recorded": [
    0,
    1,
    2,
    3,
    4,
    5,
    6,
    7,
    8,
    9,
    10,
    11,
    12,
    13,
    14,
    15,
    16,
    17,
    18,
    19,
    20,
    21,
    22,
    23,
    24,
    25,
    26,
    27,
    28,
    29,
    30,
    31,
    32,
    33,
    34,
    35,
    36,
    37,
    38,
    39,
    40,
    41,
    42,
    43,
    44,
    45,
    46
  ],
  "train_loss": [
    1.4190747737884521,
    0.9032884836196899,
    0.7391498684883118,
    0.648978054523468,
    0.6328051090240479,
    0.6035221815109253,
    0.5792174339294434,
    0.5641785264015198,
    0.5161908268928528,
    0.6002905964851379,
    0.5478954315185547,
    0.5155048370361328,
    0.6235404014587402,
    0.5035222768783569,
    0.5041556358337402,
    0.4974890947341919,
    0.4830155670642853,
    0.5200371146202087,
    0.49756211042404175,
    0.5041999816894531,
    0.4895845651626587,
    0.5030518174171448,
    0.5154982209205627,
    0.48817071318626404,
    0.4905690550804138,
    0.4996519982814789,
    0.4845852553844452,
    0.483024924993515,
    0.4755786955356598,
    0.4844721853733063,
    0.4821925163269043,
    0.4796569347381592,
    0.48940736055374146,
    0.48689746856689453,
    0.4711850583553314,
    0.4723254144191742,
    0.4697735011577606,
    0.4843465983867645,
    0.5012012720108032,
    0.5118180513381958,
    0.49814367294311523,
    0.4981570541858673,
    0.6145499348640442,
    0.509932816028595,
    0.48769497871398926,
    0.47786858677864075,
    0.5399967432022095
  ],
  "val_loss": [
    0.38870304822921753,
    0.3050573468208313,
    2.402125120162964,
    0.4185452163219452,
    0.17412465810775757,
    0.1059727892279625,
    0.09449543058872223,
    0.08477455377578735,
    0.06975382566452026,
    0.06642843037843704,
    0.09899038076400757,
    0.0967610776424408,
    0.07080316543579102,
    0.05691380426287651,
    0.058081913739442825,
    0.05670325458049774,
    0.05306972563266754,
    0.055486392229795456,
    0.05054233968257904,
    0.051926448941230774,
    0.05376134812831879,
    0.05127080902457237,
    0.05550963431596756,
    0.04767954722046852,
    0.04813918471336365,
    0.049430109560489655,
    0.0471971221268177,
    0.04603029415011406,
    0.04372081160545349,
    0.044264860451221466,
    0.04409513995051384,
    0.04426051303744316,
    0.042538441717624664,
    0.04315138980746269,
    0.0440547950565815,
    0.045787911862134933,
    0.04797226935625076,
    0.0421188622713089,
    0.04413522779941559,
    0.04751833900809288,
    0.0644872635602951,
    0.05280972644686699,
    0.04885920509696007,
    0.06733115017414093,
    0.05591621249914169,
    0.05307293310761452,
    0.04582587257027626,
    0.04288024827837944
  ],
  "stopped_epoch": 47
}