{
  "epochs_recorded": [
    0,
    1,
    2,
    3,
    4,
    5,
    6,
    7,
    8,
    9,
    10,
    11,
    12,
    13,
    14,
    15,
    16,
    17,
    18,
    19,
    20,
    21,
    22,
    23,
    24,
    25,
    26,
    27,
    28,
    29,
    30,
    31,
    32,
    33,
    34,
    35,
    36,
    37,
    38,
    39,
    40,
    41,
    42,
    43,
    44,
    45,
    46,
    47,
    48,
    49,
    50,
    51,
    52,
    53,
    54,
    55,
    56,
    57,
    58,
    59,
    60,
    61,
    62,
    63,
    64,
    65
  ],
  "train_loss": [
    1.5404651165008545,
    1.0213885307312012,
    0.7926565408706665,
    0.6400212049484253,
    0.7091149687767029,
    0.6171251535415649,
    0.5539008378982544,
    0.5506916642189026,
    0.5361555218696594,
    0.5432828664779663,
    0.5263016223907471,
    0.5205429196357727,
    0.5771249532699585,
    0.5035097599029541,
    0.5119034647941589,
    0.5170238018035889,
    0.5092647671699524,
    0.5218498706817627,
    0.5338494777679443,
    0.5047122836112976,
    0.5140196681022644,
    0.5228685736656189,
    0.5272022485733032,
    0.4935690462589264,
    0.4972142279148102,
    0.5024626851081848,
    0.6952917575836182,
    0.5381791591644287,
    0.49908313155174255,
    0.49143069982528687,
    0.49141591787338257,
    0.48715460300445557,
    0.48037731647491455,
    0.4989051818847656,
    0.4803481996059418,
    0.46970710158348083,
    0.4665442407131195,
    0.47168368101119995,
    0.5379781126976013,
    0.4781377911567688,
    0.4930267930030823,
    0.4802344739437103,
    0.46465012431144714,
    0.4827248454093933,
    0.47045719623565674,
    0.482150137424469,
    0.47717925906181335,
    0.476121187210083,
    0.47859594225883484,
    0.4735862612724304,
    0.4657711386680603,
    0.5022189021110535,
    0.463970422744751,
    0.4736787676811218,
    0.4669399559497833,
    0.46472251415252686,
    0.4745967984199524,
    0.46826523542404175,
    0.48036304116249084,
    0.47159120440483093,
    0.47358620166778564,
    0.47139987349510193,
    0.47967180609703064,
    0.46427085995674133,
    0.4729819595813751,
    0.4863671362400055
  ],
  "val_loss": [
    0.5737242698669434,
    3.8244316577911377,
    0.4474075436592102,
    0.819348931312561,
    0.2895302176475525,
    0.18350309133529663,
    0.11891814321279526,
    0.10126534104347229,
    0.08113044500350952,
    0.0962248146533966,
    0.09396138787269592,
    0.08444955945014954,
    0.07485876232385635,
    0.09468807280063629,
    0.07222864776849747,
    0.07406137138605118,
    0.06762634962797165,
    0.05947986617684364,
    0.05906819924712181,
    0.06048706918954849,
    0.07207319140434265,
    0.07103493809700012,
    0.063898965716362,
    0.059368785470724106,
    0.08808537572622299,
    0.08826500177383423,
    0.06091616675257683,
    0.04874240979552269,
    0.08192116767168045,
    0.05432915687561035,
    0.05373694375157356,
    0.048321761190891266,
    0.04767690598964691,
    0.05618041008710861,
    0.05131518840789795,
    0.06571105122566223,
    0.04301515966653824,
    0.06878013908863068,
    0.05018044635653496,
    0.10719653218984604,
    0.05568530037999153,
    0.04537137970328331,
    0.04174649715423584,
    0.04065695405006409,
    0.041380882263183594,
    0.039967432618141174,
    0.039568837732076645,
    0.03977334871888161,
    0.03962129354476929,
    0.04211805388331413,
    0.038955751806497574,
    0.0422375351190567,
    0.03761681169271469,
    0.03828541934490204,
    0.03900919854640961,
    0.03819022327661514,
    0.037539053708314896,
    0.03881485387682915,
    0.037699390202760696,
    0.039420340210199356,
    0.038305968046188354,
    0.04001772403717041,
    0.03804991766810417,
    0.03774770349264145,
    0.03929637372493744,
    0.03798358887434006,
    0.05856141075491905
  ],
  "stopped_epoch": 66
}