{
  "epochs_recorded": [
    0,
    1,
    2,
    3,
    4,
    5,
    6,
    7,
    8,
    9,
    10,
    11,
    12,
    13,
    14,
    15,
    16,
    17,
    18,
    19,
    20,
    21,
    22,
    23,
    24,
    25,
    26,
    27,
    28,
    29,
    30
  ],
  "train_loss": [
    0.3979308605194092,
    0.24058035016059875,
    0.20104096829891205,
    0.17789165675640106,
    0.1659521460533142,
    0.15669433772563934,
    0.14662408828735352,
    0.13518349826335907,
    0.12540535628795624,
    0.11525344103574753,
    0.10815500468015671,
    0.10003045201301575,
    0.09490078687667847,
    0.0891641154885292,
    0.08290909975767136,
    0.08360761404037476,
    0.07742175459861755,
    0.07552734762430191,
    0.0743226483464241,
    0.07355596870183945,
    0.07098312675952911,
    0.06923720240592957,
    0.06673136353492737,
    0.0669579729437828,
    0.0658828467130661,
    0.06421137601137161,
    0.06379471719264984,
    0.0640178844332695,
    0.06347978860139847,
    0.0634094700217247,
    0.05971533805131912
  ],
  "val_loss": [
    0.6115121245384216,
    0.20764686167240143,
    0.14565126597881317,
    0.12910422682762146,
    0.12564337253570557,
    0.12044912576675415,
    0.10880307108163834,
    0.09848447144031525,
    0.08972582966089249,
    0.08291139453649521,
    0.0742812305688858,
    0.06838724762201309,
    0.06387948244810104,
    0.059689491987228394,
    0.057414937764406204,
    0.05325150489807129,
    0.05046384036540985,
    0.05229561775922775,
    0.05290354788303375,
    0.04835706204175949,
    0.051957760006189346,
    0.048062507063150406,
    0.049542125314474106,
    0.049355629831552505,
    0.04974009469151497,
    0.05032883584499359,
    0.05270654708147049,
    0.05356443300843239,
    0.05352562293410301,
    0.056889522820711136,
    0.055673304945230484,
    0.056486912071704865
  ],
  "stopped_epoch": 31
}