{
  "epochs_recorded": [
    0,
    1,
    2,
    3,
    4,
    5,
    6,
    7,
    8,
    9,
    10,
    11,
    12,
    13,
    14,
    15,
    16,
    17,
    18,
    19,
    20,
    21,
    22,
    23,
    24,
    25,
    26,
    27,
    28,
    29,
    30,
    31,
    32,
    33,
    34,
    35,
    36,
    37,
    38,
    39,
    40,
    41,
    42
  ],
  "train_loss": [
    0.9547687768936157,
    0.8053581714630127,
    0.7017627954483032,
    0.5699055194854736,
    0.9454995393753052,
    0.5661418437957764,
    0.5626698732376099,
    0.521118700504303,
    0.5049232244491577,
    0.5965781211853027,
    0.5425133109092712,
    0.509122908115387,
    0.5156186819076538,
    0.4882507622241974,
    0.48455360531806946,
    0.48950934410095215,
    0.4740464985370636,
    0.5064163208007812,
    0.48649337887763977,
    0.49429595470428467,
    0.4921448230743408,
    0.5074852705001831,
    0.5173705816268921,
    0.4790179431438446,
    0.4784092903137207,
    0.49682947993278503,
    0.4732643961906433,
    0.47093385457992554,
    0.4683014452457428,
    0.4684061110019684,
    0.47146016359329224,
    0.4754454493522644,
    0.48294946551322937,
    0.48298418521881104,
    0.46861615777015686,
    0.4691244661808014,
    0.4623076915740967,
    0.4724304974079132,
    0.5012438893318176,
    0.46447280049324036,
    0.4805464744567871,
    0.474068284034729,
    0.4654519259929657
  ],
  "val_loss": [
    0.46435263752937317,
    5.398659706115723,
    0.7267009019851685,
    0.17247280478477478,
    0.12520737946033478,
    0.12013455480337143,
    0.11280369013547897,
    0.11465161293745041,
    0.11186959594488144,
    0.07655587792396545,
    0.1272282600402832,
    0.08983414620161057,
    0.06481330096721649,
    0.052597060799598694,
    0.050308991223573685,
    0.06257525086402893,
    0.05495264008641243,
    0.04801595211029053,
    0.045784808695316315,
    0.044683512300252914,
    0.047390472143888474,
    0.046222977340221405,
    0.04178366810083389,
    0.05375184491276741,
    0.04268253222107887,
    0.048359718173742294,
    0.04986438900232315,
    0.04027016460895538,
    0.04124455899000168,
    0.044608429074287415,
    0.07230275124311447,
    0.043060947209596634,
    0.039420828223228455,
    0.03846737742424011,
    0.044182561337947845,
    0.04140245541930199,
    0.038728129118680954,
    0.03860720619559288,
    0.040955886244773865,
    0.041619811207056046,
    0.03886716440320015,
    0.04547221586108208,
    0.04217471927404404,
    0.040158022195100784
  ],
  "stopped_epoch": 43
}