{
  "epochs_recorded": [
    0,
    1,
    2,
    3,
    4,
    5,
    6,
    7,
    8,
    9,
    10,
    11,
    12,
    13,
    14,
    15,
    16,
    17,
    18,
    19,
    20,
    21,
    22,
    23,
    24,
    25,
    26,
    27,
    28,
    29
  ],
  "train_loss": [
    0.8601880073547363,
    0.6221463084220886,
    0.5763294696807861,
    0.5167073607444763,
    0.4969933331012726,
    0.5015747547149658,
    0.47723716497421265,
    0.4971035420894623,
    0.4732564687728882,
    0.4752490222454071,
    0.47064244747161865,
    0.47777092456817627,
    0.4521975815296173,
    0.4403388202190399,
    0.5145454406738281,
    0.4560754895210266,
    0.4407903552055359,
    0.45017996430397034,
    0.44975414872169495,
    0.44022998213768005,
    0.45794257521629333,
    0.4611035883426666,
    0.4510170519351959,
    0.4483214318752289,
    0.45319223403930664,
    0.4533735513687134,
    0.44645681977272034,
    0.45218557119369507,
    0.46669501066207886,
    0.44538426399230957
  ],
  "val_loss": [
    3.629922866821289,
    1.3466225862503052,
    2.269873857498169,
    0.3443872034549713,
    0.09930465370416641,
    0.07696003466844559,
    0.07379510253667831,
    0.07495584338903427,
    0.07359269261360168,
    0.07664100080728531,
    0.07992161065340042,
    0.02864670753479004,
    0.031574588268995285,
    0.08838903158903122,
    0.06945820152759552,
    0.021420272067189217,
    0.07190945744514465,
    0.025658883154392242,
    0.028204338625073433,
    0.04643651470541954,
    0.021050861105322838,
    0.046945761889219284,
    0.05078878253698349,
    0.07578139007091522,
    0.06536410003900528,
    0.043230459094047546,
    0.04575904458761215,
    0.03498179838061333,
    0.11889907717704773,
    0.025433845818042755,
    0.06717783212661743
  ],
  "stopped_epoch": 30
}