{
  "epochs_recorded": [
    0,
    1,
    2,
    3,
    4,
    5,
    6,
    7,
    8,
    9,
    10,
    11,
    12,
    13,
    14,
    15,
    16,
    17,
    18,
    19,
    20,
    21,
    22,
    23,
    24,
    25,
    26,
    27,
    28,
    29,
    30,
    31,
    32,
    33,
    34,
    35,
    36,
    37,
    38,
    39,
    40,
    41,
    42,
    43,
    44,
    45,
    46,
    47,
    48,
    49,
    50,
    51,
    52,
    53,
    54,
    55,
    56,
    57,
    58,
    59,
    60,
    61,
    62,
    63
  ],
  "train_loss": [
    0.9187251329421997,
    0.7151666879653931,
    0.6539361476898193,
    0.6682617664337158,
    0.598910391330719,
    0.5952161550521851,
    0.5288423299789429,
    0.5113193988800049,
    0.49682289361953735,
    0.49087202548980713,
    0.4835679829120636,
    0.49690520763397217,
    0.4782501459121704,
    0.4759492874145508,
    0.47789448499679565,
    0.4763294756412506,
    0.4831252694129944,
    0.4919908046722412,
    0.47660478949546814,
    0.48728325963020325,
    0.46855422854423523,
    0.49023014307022095,
    0.49824628233909607,
    0.4755135774612427,
    0.48751091957092285,
    0.48100557923316956,
    0.470898300409317,
    0.4759676456451416,
    0.4613041281700134,
    0.4689670205116272,
    0.4844145178794861,
    0.4645286202430725,
    0.4677828550338745,
    0.4849196672439575,
    0.4678032100200653,
    0.4657067060470581,
    0.46860310435295105,
    0.4718365967273712,
    0.4872204065322876,
    0.467075914144516,
    0.47368377447128296,
    0.46586981415748596,
    0.462491512298584,
    0.480018675327301,
    0.4654369056224823,
    0.4573701024055481,
    0.4665406346321106,
    0.4714859127998352,
    0.47895267605781555,
    0.4663093388080597,
    0.45858606696128845,
    0.4874832034111023,
    0.471468985080719,
    0.46025165915489197,
    0.46285611391067505,
    0.4641912281513214,
    0.4709276556968689,
    0.46258652210235596,
    0.4806617498397827,
    0.46884414553642273,
    0.4712728261947632,
    0.46916523575782776,
    0.46304747462272644,
    0.4762229323387146
  ],
  "val_loss": [
    0.5051676034927368,
    0.36105597019195557,
    0.1607791930437088,
    0.18905462324619293,
    0.16558168828487396,
    0.18603740632534027,
    0.11747783422470093,
    0.09221857786178589,
    0.07117612659931183,
    0.057821694761514664,
    0.05184858664870262,
    0.05919279158115387,
    0.06283629685640335,
    0.05468281731009483,
    0.04825247824192047,
    0.046038322150707245,
    0.046052493155002594,
    0.04304025322198868,
    0.04419944807887077,
    0.049883823841810226,
    0.043917275965213776,
    0.04231986030936241,
    0.04203169792890549,
    0.04226086661219597,
    0.04259059950709343,
    0.04110242798924446,
    0.042916592210531235,
    0.043990302830934525,
    0.040422674268484116,
    0.04317430406808853,
    0.0421103797852993,
    0.05401565507054329,
    0.04364688694477081,
    0.04322976991534233,
    0.0411844477057457,
    0.04048965498805046,
    0.039835114032030106,
    0.03916982188820839,
    0.043636370450258255,
    0.04031873121857643,
    0.03891824558377266,
    0.04528551921248436,
    0.0596805177628994,
    0.03897211700677872,
    0.03778780996799469,
    0.039362482726573944,
    0.03875471651554108,
    0.040277887135744095,
    0.04103134572505951,
    0.03741813823580742,
    0.03846985846757889,
    0.03746217116713524,
    0.04041830077767372,
    0.04116614907979965,
    0.03716258704662323,
    0.03762140870094299,
    0.03818391263484955,
    0.03803729638457298,
    0.03816813603043556,
    0.03812785446643829,
    0.04067634418606758,
    0.04010143131017685,
    0.03773383051156998,
    0.03860755264759064,
    0.04385799542069435
  ],
  "stopped_epoch": 64
}