{
  "epochs_recorded": [
    0,
    1,
    2,
    3,
    4,
    5,
    6,
    7,
    8,
    9,
    10,
    11,
    12,
    13,
    14,
    15,
    16,
    17,
    18,
    19,
    20,
    21,
    22,
    23,
    24,
    25,
    26,
    27,
    28,
    29,
    30,
    31,
    32,
    33,
    34,
    35,
    36,
    37,
    38,
    39,
    40,
    41,
    42,
    43,
    44,
    45,
    46,
    47,
    48,
    49,
    50,
    51,
    52,
    53,
    54,
    55,
    56,
    57,
    58,
    59,
    60,
    61,
    62,
    63,
    64,
    65,
    66,
    67,
    68,
    69,
    70,
    71,
    72,
    73,
    74,
    75,
    76,
    77,
    78,
    79,
    80,
    81,
    82,
    83,
    84,
    85,
    86,
    87,
    88,
    89,
    90,
    91,
    92,
    93,
    94,
    95,
    96,
    97,
    98,
    99
  ],
  "train_loss": [
    0.3778718113899231,
    0.18516051769256592,
    0.1053866297006607,
    0.08388838917016983,
    0.07369036972522736,
    0.06752899289131165,
    0.0636601522564888,
    0.05993110314011574,
    0.0555417537689209,
    0.051514219492673874,
    0.04713147133588791,
    0.04274534061551094,
    0.04076465591788292,
    0.04100340977311134,
    0.03757200017571449,
    0.03644222021102905,
    0.03288609907031059,
    0.031548526138067245,
    0.03175535798072815,
    0.03016897477209568,
    0.032063599675893784,
    0.030192658305168152,
    0.028590843081474304,
    0.028316976502537727,
    0.025590384379029274,
    0.02507271245121956,
    0.024356191977858543,
    0.02411605790257454,
    0.023184647783637047,
    0.024122925475239754,
    0.022785909473896027,
    0.022065510973334312,
    0.02087365835905075,
    0.020748401060700417,
    0.021750491112470627,
    0.02157062105834484,
    0.02139955200254917,
    0.020308611914515495,
    0.019417917355895042,
    0.01945946179330349,
    0.018142666667699814,
    0.01813221536576748,
    0.01877330243587494,
    0.018634168431162834,
    0.020159559324383736,
    0.017855755984783173,
    0.017637060955166817,
    0.017406105995178223,
    0.016524553298950195,
    0.016234956681728363,
    0.016584552824497223,
    0.0164226982742548,
    0.015494758263230324,
    0.015470560640096664,
    0.014944907277822495,
    0.015693748369812965,
    0.01534331776201725,
    0.016291970387101173,
    0.01512072328478098,
    0.015124570578336716,
    0.015913117676973343,
    0.015114975161850452,
    0.014752370305359364,
    0.01431284099817276,
    0.0139383589848876,
    0.014194101095199585,
    0.014130214229226112,
    0.014497041702270508,
    0.014374911785125732,
    0.013855189085006714,
    0.01373218558728695,
    0.014149601571261883,
    0.01329442486166954,
    0.013185616582632065,
    0.013606489636003971,
    0.01361936330795288,
    0.013396166265010834,
    0.012601487338542938,
    0.012777707539498806,
    0.012635763734579086,
    0.01237427070736885,
    0.012871277518570423,
    0.012984548695385456,
    0.012571817263960838,
    0.012636912986636162,
    0.012442571111023426,
    0.012254121713340282,
    0.012439418584108353,
    0.012402333319187164,
    0.012315408326685429,
    0.0115050645545125,
    0.01176686305552721,
    0.011959340423345566,
    0.01182059571146965,
    0.012579946778714657,
    0.012750357389450073,
    0.011947683990001678,
    0.011311338283121586,
    0.010929737240076065,
    0.011871405877172947
  ],
  "val_loss": [
    1.8690508604049683,
    0.2118719220161438,
    0.11606850475072861,
    0.08306420594453812,
    0.07150553911924362,
    0.06461134552955627,
    0.06493458896875381,
    0.060165394097566605,
    0.05416654050350189,
    0.052413348108530045,
    0.05171460285782814,
    0.04333384335041046,
    0.040590085089206696,
    0.042384058237075806,
    0.03894207254052162,
    0.030382687225937843,
    0.03076798841357231,
    0.027300085872411728,
    0.03396560624241829,
    0.025378400459885597,
    0.023848382756114006,
    0.02562054619193077,
    0.021553628146648407,
    0.021393002942204475,
    0.018834685906767845,
    0.017759433016180992,
    0.017985425889492035,
    0.019404232501983643,
    0.016822613775730133,
    0.01809941604733467,
    0.019356288015842438,
    0.016543181613087654,
    0.01498485542833805,
    0.015720443800091743,
    0.01647709123790264,
    0.013993480242788792,
    0.014991290867328644,
    0.0154895493760705,
    0.014132602140307426,
    0.014377147890627384,
    0.012714876793324947,
    0.012705354951322079,
    0.011965355835855007,
    0.013562815263867378,
    0.014099188148975372,
    0.015925031155347824,
    0.0125731797888875,
    0.013004076667129993,
    0.011399048380553722,
    0.012274668551981449,
    0.010547543875873089,
    0.010845917277038097,
    0.009437031112611294,
    0.012210586108267307,
    0.009477582760155201,
    0.010896277613937855,
    0.010665267705917358,
    0.01309705525636673,
    0.010295532643795013,
    0.009308445267379284,
    0.010058742947876453,
    0.009566904045641422,
    0.008749200962483883,
    0.009082761593163013,
    0.009442307986319065,
    0.008055759593844414,
    0.008993413299322128,
    0.008157927542924881,
    0.0103830611333251,
    0.010501638986170292,
    0.0085940882563591,
    0.010414982214570045,
    0.008121850900352001,
    0.010761158540844917,
    0.007709500379860401,
    0.0074115716852247715,
    0.00913459062576294,
    0.00876002386212349,
    0.009236181154847145,
    0.008342730812728405,
    0.007864225655794144,
    0.007494914345443249,
    0.0070475065149366856,
    0.006912732031196356,
    0.00835641659796238,
    0.007128091994673014,
    0.006983213592320681,
    0.0068804980255663395,
    0.008153531700372696,
    0.0073665594682097435,
    0.007513618562370539,
    0.006308128125965595,
    0.007336720824241638,
    0.007063375785946846,
    0.007587545085698366,
    0.006573440507054329,
    0.0072026061825454235,
    0.006830192636698484,
    0.0072530522011220455,
    0.007475638762116432,
    0.008716065436601639
  ],
  "stopped_epoch": 100
}