{
  "epochs_recorded": [
    0,
    1,
    2,
    3,
    4,
    5,
    6,
    7,
    8,
    9,
    10,
    11,
    12,
    13,
    14,
    15,
    16,
    17,
    18,
    19,
    20,
    21,
    22,
    23,
    24,
    25,
    26,
    27,
    28,
    29,
    30,
    31,
    32,
    33,
    34,
    35,
    36,
    37,
    38,
    39,
    40,
    41,
    42,
    43,
    44,
    45,
    46,
    47,
    48,
    49,
    50,
    51,
    52,
    53,
    54,
    55,
    56,
    57,
    58,
    59,
    60,
    61,
    62,
    63,
    64,
    65,
    66,
    67,
    68,
    69,
    70,
    71,
    72
  ],
  "train_loss": [
    0.5016000270843506,
    0.23987852036952972,
    0.22961963713169098,
    0.22144022583961487,
    0.19628994166851044,
    0.1296212524175644,
    0.0949929803609848,
    0.08211492747068405,
    0.0791817158460617,
    0.07526805996894836,
    0.06761340796947479,
    0.06122022494673729,
    0.05948389694094658,
    0.05634601414203644,
    0.05404279753565788,
    0.05426628142595291,
    0.05123254656791687,
    0.05400335416197777,
    0.05074550211429596,
    0.05107835680246353,
    0.05234716087579727,
    0.04861469566822052,
    0.04675619676709175,
    0.047400426119565964,
    0.04390299320220947,
    0.04594588279724121,
    0.0441262386739254,
    0.041168298572301865,
    0.03864758461713791,
    0.03740929812192917,
    0.03871077671647072,
    0.03983384743332863,
    0.03733006864786148,
    0.0355653278529644,
    0.0351494736969471,
    0.03402891010046005,
    0.03218633309006691,
    0.03301495313644409,
    0.03168794512748718,
    0.03277738392353058,
    0.0358157642185688,
    0.03843725100159645,
    0.03504827991127968,
    0.0311262346804142,
    0.030641140416264534,
    0.029911963269114494,
    0.030391549691557884,
    0.03220384940505028,
    0.02926664613187313,
    0.03397057205438614,
    0.03391125798225403,
    0.03120339848101139,
    0.03387420251965523,
    0.029370497912168503,
    0.029005100950598717,
    0.03238129988312721,
    0.028876977041363716,
    0.029378727078437805,
    0.02950754202902317,
    0.02970474399626255,
    0.030935553833842278,
    0.0282561294734478,
    0.028116194531321526,
    0.029695473611354828,
    0.029962630942463875,
    0.02926466427743435,
    0.03137516230344772,
    0.028850767761468887,
    0.02832893095910549,
    0.03116932138800621,
    0.029108654707670212,
    0.02833244763314724,
    0.029424555599689484
  ],
  "val_loss": [
    1.6205374002456665,
    0.24510934948921204,
    0.22296907007694244,
    0.21679149568080902,
    0.20181088149547577,
    0.13110488653182983,
    0.11603246629238129,
    0.08446073532104492,
    0.0772029235959053,
    0.07509706914424896,
    0.0698138028383255,
    0.06749404966831207,
    0.05941125005483627,
    0.06133285537362099,
    0.05720154941082001,
    0.05669679492712021,
    0.05680764093995094,
    0.05808961018919945,
    0.062401846051216125,
    0.0571916401386261,
    0.06062749773263931,
    0.052400872111320496,
    0.05396309867501259,
    0.050307564437389374,
    0.04986097291111946,
    0.05344292148947716,
    0.04924840107560158,
    0.04657050594687462,
    0.0397527851164341,
    0.041852355003356934,
    0.036318205296993256,
    0.04249243438243866,
    0.03468649461865425,
    0.034387506544589996,
    0.031700439751148224,
    0.03482668474316597,
    0.029258165508508682,
    0.0328851118683815,
    0.027224158868193626,
    0.031103605404496193,
    0.03001733124256134,
    0.039804503321647644,
    0.03577699512243271,
    0.029323510825634003,
    0.028275027871131897,
    0.02785504423081875,
    0.025495996698737144,
    0.029442530125379562,
    0.02717415988445282,
    0.025804152712225914,
    0.029631532728672028,
    0.02678528241813183,
    0.02538815513253212,
    0.033160317689180374,
    0.026914699003100395,
    0.031139589846134186,
    0.02630423940718174,
    0.03304533660411835,
    0.024618778377771378,
    0.02768167480826378,
    0.029705429449677467,
    0.02627786621451378,
    0.0234034676104784,
    0.023374147713184357,
    0.023798884823918343,
    0.026410995051264763,
    0.03145771846175194,
    0.026776952669024467,
    0.02610115334391594,
    0.024253632873296738,
    0.02699367329478264,
    0.024835005402565002,
    0.02361868880689144,
    0.02446623332798481
  ],
  "stopped_epoch": 73
}