{
  "epochs_recorded": [
    0,
    1,
    2,
    3,
    4,
    5,
    6,
    7,
    8,
    9,
    10,
    11,
    12,
    13,
    14,
    15,
    16,
    17,
    18,
    19,
    20,
    21,
    22,
    23,
    24,
    25,
    26,
    27,
    28,
    29,
    30,
    31,
    32,
    33,
    34,
    35,
    36,
    37,
    38,
    39,
    40,
    41,
    42,
    43,
    44,
    45,
    46,
    47,
    48,
    49,
    50,
    51,
    52,
    53,
    54,
    55,
    56,
    57,
    58,
    59,
    60,
    61,
    62
  ],
  "train_loss": [
    0.30649855732917786,
    0.13332468271255493,
    0.09987472742795944,
    0.08695833384990692,
    0.07829245179891586,
    0.07573502510786057,
    0.07073172926902771,
    0.06913703680038452,
    0.06291516125202179,
    0.06135685369372368,
    0.06230328604578972,
    0.05795411765575409,
    0.054573070257902145,
    0.05381755903363228,
    0.050224099308252335,
    0.04940595477819443,
    0.04772724211215973,
    0.04538485407829285,
    0.045572299510240555,
    0.04533257335424423,
    0.044083572924137115,
    0.04291067644953728,
    0.041767850518226624,
    0.044031109660863876,
    0.04235751926898956,
    0.04051459953188896,
    0.04002882167696953,
    0.040114641189575195,
    0.038660235702991486,
    0.03720874711871147,
    0.03687099739909172,
    0.03631226718425751,
    0.03533156216144562,
    0.0365603081882,
    0.03462487459182739,
    0.03515375405550003,
    0.03426370024681091,
    0.033906321972608566,
    0.033619608730077744,
    0.03393253684043884,
    0.03263881057500839,
    0.032564014196395874,
    0.03268583491444588,
    0.03172546252608299,
    0.03163907676935196,
    0.03133588656783104,
    0.030571959912776947,
    0.031070580706000328,
    0.03018178977072239,
    0.029208416119217873,
    0.029355211183428764,
    0.030610712245106697,
    0.029628964141011238,
    0.03107529878616333,
    0.029476657509803772,
    0.027966191992163658,
    0.027053549885749817,
    0.027949146926403046,
    0.02692096307873726,
    0.026942448690533638,
    0.02713732235133648,
    0.02864588052034378,
    0.027526730671525
  ],
  "val_loss": [
    1.6329519748687744,
    0.1541062742471695,
    0.09393072128295898,
    0.07911308109760284,
    0.07179111242294312,
    0.0650409385561943,
    0.06674586981534958,
    0.06476236879825592,
    0.055237237364053726,
    0.05574851110577583,
    0.05452726408839226,
    0.053152039647102356,
    0.051000747829675674,
    0.04708028957247734,
    0.04287777841091156,
    0.04008607938885689,
    0.04050210490822792,
    0.03609021380543709,
    0.036789752542972565,
    0.03554382547736168,
    0.03627978637814522,
    0.035219766199588776,
    0.03347687050700188,
    0.034111857414245605,
    0.03577933460474014,
    0.03024868480861187,
    0.02939661778509617,
    0.034172769635915756,
    0.030651815235614777,
    0.026585109531879425,
    0.027538087218999863,
    0.025413310155272484,
    0.026738755404949188,
    0.025586776435375214,
    0.027211064472794533,
    0.025379039347171783,
    0.02678278647363186,
    0.02494114823639393,
    0.0277593731880188,
    0.022617973387241364,
    0.02509971894323826,
    0.021426808089017868,
    0.02414882928133011,
    0.02369268611073494,
    0.02487552911043167,
    0.024576198309659958,
    0.02303987555205822,
    0.019990041851997375,
    0.021385982632637024,
    0.021734219044446945,
    0.022389082238078117,
    0.01967063546180725,
    0.023164618760347366,
    0.017225250601768494,
    0.021831562742590904,
    0.019869234412908554,
    0.02013782039284706,
    0.02162129618227482,
    0.017986617982387543,
    0.01845729909837246,
    0.019029460847377777,
    0.019432980567216873,
    0.0199277363717556,
    0.021731922402977943
  ],
  "stopped_epoch": 63
}