{
  "epochs_recorded": [
    0,
    1,
    2,
    3,
    4,
    5,
    6,
    7,
    8,
    9,
    10,
    11,
    12,
    13,
    14,
    15,
    16,
    17,
    18,
    19,
    20,
    21,
    22,
    23,
    24,
    25,
    26,
    27,
    28,
    29,
    30,
    31,
    32,
    33,
    34,
    35,
    36,
    37,
    38,
    39,
    40,
    41,
    42,
    43,
    44,
    45,
    46,
    47,
    48,
    49,
    50,
    51,
    52,
    53,
    54,
    55,
    56,
    57,
    58,
    59,
    60,
    61
  ],
  "train_loss": [
    0.2937588691711426,
    0.1615362912416458,
    0.05933398753404617,
    0.04571589455008507,
    0.03554217889904976,
    0.030088549479842186,
    0.02675233781337738,
    0.02571110799908638,
    0.025014249607920647,
    0.02002609334886074,
    0.016099566593766212,
    0.015316023491322994,
    0.014712228439748287,
    0.013575036078691483,
    0.012727413326501846,
    0.014164422638714314,
    0.01133030280470848,
    0.01118551567196846,
    0.012162668630480766,
    0.010801014490425587,
    0.009508810006082058,
    0.009372834116220474,
    0.009657777845859528,
    0.009554639458656311,
    0.009572860784828663,
    0.008756451308727264,
    0.008707985281944275,
    0.008886673487722874,
    0.00989785697311163,
    0.00856879260390997,
    0.008338728919625282,
    0.008610408753156662,
    0.008952534757554531,
    0.008432423695921898,
    0.008096080273389816,
    0.009243988431990147,
    0.008452286943793297,
    0.00834603887051344,
    0.008600587956607342,
    0.008292773738503456,
    0.007748913019895554,
    0.007819508202373981,
    0.007965128868818283,
    0.008233902975916862,
    0.008050024509429932,
    0.007320295553654432,
    0.00736392242833972,
    0.007792340591549873,
    0.007959313690662384,
    0.008323639631271362,
    0.007446588948369026,
    0.007511553820222616,
    0.006960279308259487,
    0.007449281867593527,
    0.007408958859741688,
    0.006827852223068476,
    0.007412007078528404,
    0.007402004208415747,
    0.007635818794369698,
    0.007997117005288601,
    0.007636500522494316,
    0.007597597315907478
  ],
  "val_loss": [
    0.2370784878730774,
    0.17834044992923737,
    0.09335782378911972,
    0.04767998680472374,
    0.04090486466884613,
    0.0292681697756052,
    0.027722198516130447,
    0.024029124528169632,
    0.024473192170262337,
    0.022564411163330078,
    0.01747964695096016,
    0.015386584214866161,
    0.014546629041433334,
    0.014170613139867783,
    0.013624049723148346,
    0.014627380296587944,
    0.012767144478857517,
    0.011641597375273705,
    0.011687763035297394,
    0.012040567584335804,
    0.010262420400977135,
    0.010163241997361183,
    0.010002621449530125,
    0.009905451908707619,
    0.010040801018476486,
    0.009409572929143906,
    0.009955819696187973,
    0.009616122581064701,
    0.010841691866517067,
    0.010335228405892849,
    0.009307708591222763,
    0.009974821470677853,
    0.00928098987787962,
    0.009234032593667507,
    0.008906159549951553,
    0.010593211278319359,
    0.008811336010694504,
    0.009081506170332432,
    0.010074612684547901,
    0.009123468771576881,
    0.009386020712554455,
    0.008376574143767357,
    0.007977807894349098,
    0.008582601323723793,
    0.008777853101491928,
    0.008446290157735348,
    0.007617039605975151,
    0.008226141333580017,
    0.008282586000859737,
    0.00995675753802061,
    0.008968181908130646,
    0.008477755822241306,
    0.007269570138305426,
    0.00812794640660286,
    0.00728217326104641,
    0.007414288353174925,
    0.0075940596871078014,
    0.007499420549720526,
    0.007292720023542643,
    0.009537482634186745,
    0.008152666501700878,
    0.008288774639368057,
    0.009136839769780636
  ],
  "stopped_epoch": 62
}