{
  "epochs_recorded": [
    0,
    1,
    2,
    3,
    4,
    5,
    6,
    7,
    8,
    9,
    10,
    11,
    12,
    13,
    14,
    15,
    16,
    17,
    18,
    19,
    20,
    21,
    22,
    23,
    24,
    25,
    26,
    27,
    28,
    29
  ],
  "train_loss": [
    0.5453859567642212,
    0.23498764634132385,
    0.19509507715702057,
    0.1659480333328247,
    0.14190791547298431,
    0.13035477697849274,
    0.12160113453865051,
    0.11804914474487305,
    0.1142696887254715,
    0.11173705756664276,
    0.10940209031105042,
    0.10777031630277634,
    0.10391256958246231,
    0.10401885211467743,
    0.10077870637178421,
    0.1012827455997467,
    0.09879984706640244,
    0.09833097457885742,
    0.09708395600318909,
    0.09674716740846634,
    0.09826605021953583,
    0.09812787175178528,
    0.09525621682405472,
    0.09365588426589966,
    0.09386584907770157,
    0.09382466226816177,
    0.09252709150314331,
    0.09553113579750061,
    0.09444709867238998,
    0.09339028596878052
  ],
  "val_loss": [
    2.4992904663085938,
    0.224504292011261,
    0.17091281712055206,
    0.1475018858909607,
    0.12382969260215759,
    0.10955028235912323,
    0.10101206600666046,
    0.10256996005773544,
    0.09654442965984344,
    0.09541961550712585,
    0.09592775255441666,
    0.09393007308244705,
    0.09504366666078568,
    0.09379491955041885,
    0.09189455211162567,
    0.09517374634742737,
    0.09244006127119064,
    0.09055306762456894,
    0.09552409499883652,
    0.09308889508247375,
    0.09017400443553925,
    0.09725312143564224,
    0.09650111198425293,
    0.09255453944206238,
    0.10175834596157074,
    0.09298534691333771,
    0.09335789829492569,
    0.09926113486289978,
    0.09525840729475021,
    0.09979657828807831,
    0.09297231584787369
  ],
  "stopped_epoch": 30
}