{
  "epochs_recorded": [
    0,
    1,
    2,
    3,
    4,
    5,
    6,
    7,
    8,
    9,
    10,
    11,
    12,
    13,
    14,
    15,
    16,
    17,
    18,
    19,
    20,
    21,
    22,
    23,
    24,
    25,
    26,
    27,
    28,
    29,
    30,
    31,
    32,
    33,
    34,
    35,
    36,
    37,
    38,
    39,
    40,
    41,
    42,
    43,
    44,
    45,
    46,
    47,
    48,
    49,
    50,
    51,
    52,
    53,
    54,
    55,
    56,
    57,
    58,
    59,
    60,
    61,
    62,
    63,
    64,
    65,
    66,
    67,
    68,
    69,
    70,
    71,
    72,
    73,
    74,
    75,
    76,
    77,
    78,
    79,
    80,
    81,
    82,
    83,
    84,
    85,
    86
  ],
  "train_loss": [
    2.1094911098480225,
    0.15352070331573486,
    0.09258723258972168,
    0.08542732149362564,
    0.07685703039169312,
    0.0774417370557785,
    0.07188788056373596,
    0.07204543799161911,
    0.07245105504989624,
    0.06992931663990021,
    0.06961528956890106,
    0.06834676861763,
    0.06768861413002014,
    0.06688141822814941,
    0.06607577204704285,
    0.06573974341154099,
    0.06510302424430847,
    0.06527649611234665,
    0.06619154661893845,
    0.06379380822181702,
    0.06265813112258911,
    0.062171850353479385,
    0.06080632284283638,
    0.060742978006601334,
    0.06021106615662575,
    0.060375481843948364,
    0.06006452068686485,
    0.059777628630399704,
    0.06081925332546234,
    0.0592399500310421,
    0.058370161801576614,
    0.058320302516222,
    0.0604398213326931,
    0.06143653765320778,
    0.05796601623296738,
    0.05942468345165253,
    0.058977480977773666,
    0.05751141905784607,
    0.05729928985238075,
    0.055933378636837006,
    0.05528583005070686,
    0.054535552859306335,
    0.05466219782829285,
    0.054875198751688004,
    0.05359282344579697,
    0.05413118749856949,
    0.053767409175634384,
    0.05321652814745903,
    0.05193838104605675,
    0.052786849439144135,
    0.05173884332180023,
    0.050712909549474716,
    0.05022677406668663,
    0.047699037939310074,
    0.04564191773533821,
    0.04627510532736778,
    0.04182982072234154,
    0.040150273591279984,
    0.03886428475379944,
    0.03879446163773537,
    0.036174699664115906,
    0.0348144993185997,
    0.034785665571689606,
    0.03482682257890701,
    0.03555285185575485,
    0.035138145089149475,
    0.035044822841882706,
    0.030001645907759666,
    0.03343464434146881,
    0.0335683710873127,
    0.030155446380376816,
    0.028896382078528404,
    0.028394130989909172,
    0.02522595226764679,
    0.025562157854437828,
    0.03025059774518013,
    0.029019545763731003,
    0.02592267096042633,
    0.02727612480521202,
    0.024311082437634468,
    0.022976787760853767,
    0.022739427164196968,
    0.02265898883342743,
    0.022545108571648598,
    0.023607119917869568,
    0.02191530540585518,
    0.022795261815190315
  ],
  "val_loss": [
    0.27780959010124207,
    0.1595744490623474,
    0.08845164626836777,
    0.08290649205446243,
    0.07354383170604706,
    0.07804270088672638,
    0.0712091401219368,
    0.06937085092067719,
    0.06924208253622055,
    0.06951014697551727,
    0.06930927187204361,
    0.06917779892683029,
    0.07011942565441132,
    0.07009713351726532,
    0.06959268450737,
    0.06920180469751358,
    0.06904128193855286,
    0.07070191204547882,
    0.07752642780542374,
    0.07237811386585236,
    0.07018580287694931,
    0.06882204860448837,
    0.07035265862941742,
    0.06884028017520905,
    0.06924626976251602,
    0.06991062313318253,
    0.06984034180641174,
    0.06900861114263535,
    0.06893737614154816,
    0.07052253931760788,
    0.06924489140510559,
    0.06869595497846603,
    0.0683874860405922,
    0.07224982976913452,
    0.07087957113981247,
    0.06774502247571945,
    0.06804726272821426,
    0.07003103196620941,
    0.06688482314348221,
    0.0669715404510498,
    0.0647316575050354,
    0.06489641219377518,
    0.06616802513599396,
    0.06436873227357864,
    0.06264692544937134,
    0.06352899968624115,
    0.06213592365384102,
    0.06727888435125351,
    0.06299261003732681,
    0.06112128123641014,
    0.06981157511472702,
    0.056643929332494736,
    0.05616200342774391,
    0.05898831784725189,
    0.044432803988456726,
    0.059529174119234085,
    0.043476175516843796,
    0.03523128479719162,
    0.03033994697034359,
    0.031465884298086166,
    0.026144709438085556,
    0.026685819029808044,
    0.021925952285528183,
    0.021623142063617706,
    0.01886584796011448,
    0.061611298471689224,
    0.03125792369246483,
    0.021213121712207794,
    0.031084833666682243,
    0.028231553733348846,
    0.03914584964513779,
    0.020118704065680504,
    0.02495058812201023,
    0.020682567730545998,
    0.016126541420817375,
    0.024612408131361008,
    0.018595416098833084,
    0.01067130547016859,
    0.020692944526672363,
    0.01783081144094467,
    0.018486717715859413,
    0.019844746217131615,
    0.019373087212443352,
    0.019723108038306236,
    0.02026395872235298,
    0.017192525789141655,
    0.013061515986919403,
    0.013949625194072723
  ],
  "stopped_epoch": 87
}