{
  "epochs_recorded": [
    0,
    1,
    2,
    3,
    4,
    5,
    6,
    7,
    8,
    9,
    10,
    11,
    12,
    13,
    14,
    15,
    16,
    17,
    18,
    19,
    20,
    21,
    22,
    23,
    24,
    25,
    26,
    27,
    28,
    29,
    30,
    31,
    32,
    33,
    34,
    35,
    36,
    37,
    38,
    39,
    40,
    41,
    42,
    43,
    44,
    45,
    46,
    47,
    48,
    49,
    50,
    51,
    52,
    53,
    54,
    55,
    56,
    57,
    58,
    59,
    60,
    61,
    62,
    63,
    64,
    65,
    66,
    67,
    68
  ],
  "train_loss": [
    0.2565155327320099,
    0.14171408116817474,
    0.11768808960914612,
    0.10249515622854233,
    0.0923721194267273,
    0.09133906662464142,
    0.08531758934259415,
    0.08177408576011658,
    0.08090437948703766,
    0.07823581993579865,
    0.07540865987539291,
    0.07742984592914581,
    0.07444222271442413,
    0.0715879276394844,
    0.0705287978053093,
    0.07064017653465271,
    0.06948425620794296,
    0.06846077740192413,
    0.06690206378698349,
    0.06751699000597,
    0.06642606854438782,
    0.06496066600084305,
    0.06474769115447998,
    0.06500770896673203,
    0.06394320726394653,
    0.06359648704528809,
    0.06319700181484222,
    0.062226392328739166,
    0.06364978104829788,
    0.062063660472631454,
    0.06068868562579155,
    0.06219681724905968,
    0.061245713382959366,
    0.06043565273284912,
    0.06092908978462219,
    0.06183682382106781,
    0.06077766418457031,
    0.06065521761775017,
    0.05986732989549637,
    0.06080157682299614,
    0.06001006066799164,
    0.059986162930727005,
    0.05876016616821289,
    0.05937826260924339,
    0.05856062471866608,
    0.058679524809122086,
    0.05877429619431496,
    0.05700860172510147,
    0.05729997530579567,
    0.059434566646814346,
    0.0574386790394783,
    0.05753234401345253,
    0.05766574293375015,
    0.057183366268873215,
    0.057679127901792526,
    0.05801589414477348,
    0.05734702944755554,
    0.056233301758766174,
    0.05674925819039345,
    0.056900039315223694,
    0.05580143630504608,
    0.056369658559560776,
    0.056434206664562225,
    0.057196687906980515,
    0.0561247244477272,
    0.05533318966627121,
    0.05511598661541939,
    0.05558690056204796,
    0.05618033930659294
  ],
  "val_loss": [
    0.2397904396057129,
    0.08177646994590759,
    0.07431401312351227,
    0.07169529795646667,
    0.0692576915025711,
    0.06991059333086014,
    0.06802883744239807,
    0.06897386908531189,
    0.06713094562292099,
    0.06688401848077774,
    0.06680396944284439,
    0.06719469279050827,
    0.06695712357759476,
    0.0667552724480629,
    0.0676867663860321,
    0.0660276710987091,
    0.0658031702041626,
    0.06566964834928513,
    0.06570783257484436,
    0.06554661691188812,
    0.06501014530658722,
    0.0650373175740242,
    0.06591116636991501,
    0.06471900641918182,
    0.06450027227401733,
    0.06543485075235367,
    0.06446678936481476,
    0.06456797569990158,
    0.06416728347539902,
    0.06440157443284988,
    0.06419211626052856,
    0.0637606605887413,
    0.06422324478626251,
    0.06356393545866013,
    0.06343982368707657,
    0.06407913565635681,
    0.06440681964159012,
    0.06341433525085449,
    0.06432650983333588,
    0.06453091651201248,
    0.06316712498664856,
    0.06271553784608841,
    0.06280676275491714,
    0.06315792351961136,
    0.06260431557893753,
    0.06341107189655304,
    0.0635383129119873,
    0.06257882714271545,
    0.06353435665369034,
    0.06246677413582802,
    0.062332883477211,
    0.06354734301567078,
    0.062295883893966675,
    0.06341017037630081,
    0.06449835002422333,
    0.06276576220989227,
    0.06318976730108261,
    0.06257347762584686,
    0.06200479343533516,
    0.06182846054434776,
    0.0625835508108139,
    0.06264228373765945,
    0.062336694449186325,
    0.06421389430761337,
    0.06269162893295288,
    0.06246976926922798,
    0.06269306689500809,
    0.06326387822628021,
    0.061855707317590714,
    0.06401233375072479
  ],
  "stopped_epoch": 69
}