{
  "epochs_recorded": [
    0,
    1,
    2,
    3,
    4,
    5,
    6,
    7,
    8,
    9,
    10,
    11,
    12,
    13,
    14,
    15,
    16,
    17,
    18,
    19,
    20,
    21
  ],
  "train_loss": [
    1.1636595726013184,
    0.883145809173584,
    0.8458181619644165,
    0.813881516456604,
    0.7915786504745483,
    0.6831021904945374,
    0.6931225061416626,
    0.6919018030166626,
    0.6610780954360962,
    0.672650933265686,
    0.6362830996513367,
    0.6292177438735962,
    0.611774206161499,
    0.603162407875061,
    0.580924391746521,
    0.5682296752929688,
    0.5670187473297119,
    0.580649733543396,
    0.5772859454154968,
    0.586770236492157,
    0.5911753177642822,
    0.5826522707939148
  ],
  "val_loss": [
    1.4000071287155151,
    0.9739225506782532,
    0.3128383159637451,
    0.15560874342918396,
    0.15552514791488647,
    0.15155106782913208,
    0.10344434529542923,
    0.11916490644216537,
    0.10127177089452744,
    0.10896441340446472,
    0.104616679251194,
    0.09916778653860092,
    0.09848220646381378,
    0.09885969012975693,
    0.10249703377485275,
    0.1024681106209755,
    0.10307454317808151,
    0.10053092241287231,
    0.10057319700717926,
    0.10100997984409332,
    0.10085640102624893,
    0.09900140017271042,
    0.10083179175853729
  ],
  "stopped_epoch": 22
}