{
  "epochs_recorded": [
    0,
    1,
    2,
    3,
    4,
    5,
    6,
    7,
    8,
    9,
    10,
    11,
    12,
    13,
    14
  ],
  "train_loss": [
    94.85662841796875,
    4.616796970367432,
    0.6435509324073792,
    0.3029336929321289,
    0.2237401157617569,
    0.16730763018131256,
    0.14543038606643677,
    0.12214218825101852,
    0.11229208111763,
    0.10485870391130447,
    0.09760519117116928,
    0.08448038250207901,
    0.08284559100866318,
    0.08163908123970032,
    0.07875940948724747
  ],
  "val_loss": [
    0.4136688709259033,
    34.8233528137207,
    1.227391242980957,
    0.3397097885608673,
    0.0779305174946785,
    0.0695275366306305,
    0.0698593258857727,
    0.10251852124929428,
    0.09989745169878006,
    0.07582931220531464,
    0.0714198648929596,
    0.07145833224058151,
    0.0849136933684349,
    0.06964889168739319,
    0.09269244223833084,
    0.07625140994787216
  ],
  "stopped_epoch": 15
}