{
  "epochs_recorded": [
    0,
    1,
    2,
    3,
    4,
    5,
    6,
    7,
    8,
    9,
    10,
    11,
    12,
    13,
    14,
    15,
    16,
    17,
    18,
    19,
    20,
    21,
    22,
    23,
    24,
    25,
    26,
    27,
    28,
    29,
    30,
    31,
    32,
    33,
    34,
    35,
    36,
    37,
    38,
    39,
    40,
    41,
    42,
    43,
    44,
    45,
    46,
    47,
    48,
    49,
    50,
    51,
    52,
    53,
    54,
    55,
    56,
    57,
    58,
    59,
    60,
    61,
    62,
    63,
    64,
    65,
    66,
    67,
    68,
    69,
    70,
    71,
    72,
    73,
    74,
    75,
    76,
    77,
    78,
    79,
    80,
    81,
    82,
    83,
    84,
    85,
    86,
    87,
    88,
    89,
    90,
    91,
    92,
    93,
    94,
    95,
    96,
    97,
    98,
    99
  ],
  "train_loss": [
    0.2467191517353058,
    0.06750169396400452,
    0.061397045850753784,
    0.06117302551865578,
    0.05956622213125229,
    0.05894223600625992,
    0.05802912637591362,
    0.058597926050424576,
    0.0591355562210083,
    0.05794630944728851,
    0.05755625665187836,
    0.05718370899558067,
    0.05804203078150749,
    0.05719425156712532,
    0.05665288120508194,
    0.05642515793442726,
    0.05652063712477684,
    0.05731460452079773,
    0.05779596418142319,
    0.05579094961285591,
    0.05516035854816437,
    0.055205088108778,
    0.053941234946250916,
    0.0535818450152874,
    0.05270646885037422,
    0.05242851749062538,
    0.05341027304530144,
    0.05194322019815445,
    0.05270064249634743,
    0.05291426181793213,
    0.05064568668603897,
    0.05115369334816933,
    0.05222538113594055,
    0.05292965844273567,
    0.049519799649715424,
    0.05303003266453743,
    0.05209629237651825,
    0.051986586302518845,
    0.05172443762421608,
    0.049413051456213,
    0.04748139530420303,
    0.047409698367118835,
    0.04839423671364784,
    0.042832862585783005,
    0.04055670648813248,
    0.03960461914539337,
    0.039550941437482834,
    0.031185880303382874,
    0.031102105975151062,
    0.03128623962402344,
    0.025785336270928383,
    0.020267345011234283,
    0.020287495106458664,
    0.016815172508358955,
    0.019014691933989525,
    0.018432283774018288,
    0.015625085681676865,
    0.014094741083681583,
    0.013235693797469139,
    0.017115939408540726,
    0.01608862727880478,
    0.013229575008153915,
    0.01566634140908718,
    0.013750654645264149,
    0.012735889293253422,
    0.012246822938323021,
    0.013504542410373688,
    0.013100603595376015,
    0.013841468840837479,
    0.0161347147077322,
    0.014414041303098202,
    0.013202236033976078,
    0.01185227558016777,
    0.012367051094770432,
    0.010979633778333664,
    0.010760591365396976,
    0.0099860904738307,
    0.010379206389188766,
    0.01177128404378891,
    0.009955116547644138,
    0.0098411338403821,
    0.010143191553652287,
    0.009513283148407936,
    0.011437475681304932,
    0.010250341147184372,
    0.010576644912362099,
    0.01017033215612173,
    0.009689039550721645,
    0.011744964867830276,
    0.009500552900135517,
    0.009309794753789902,
    0.009203929454088211,
    0.009609656408429146,
    0.009969715029001236,
    0.013588381931185722,
    0.012558388523757458,
    0.01002643071115017,
    0.010283594951033592,
    0.00875156745314598,
    0.010286868549883366
  ],
  "val_loss": [
    0.25734618306159973,
    0.07803258299827576,
    0.07373862713575363,
    0.07114666700363159,
    0.07021709531545639,
    0.07203064113855362,
    0.07105422765016556,
    0.06933940947055817,
    0.07025998085737228,
    0.07308494299650192,
    0.07181674242019653,
    0.06997234374284744,
    0.06950864940881729,
    0.06923036277294159,
    0.0706707164645195,
    0.06989309191703796,
    0.06910176575183868,
    0.07123944908380508,
    0.076468326151371,
    0.06944148242473602,
    0.0660899356007576,
    0.06445489823818207,
    0.06908787041902542,
    0.06277080625295639,
    0.06258682906627655,
    0.06424789130687714,
    0.06751222908496857,
    0.06354852765798569,
    0.06068975478410721,
    0.06791117042303085,
    0.06129758805036545,
    0.06376305222511292,
    0.06275111436843872,
    0.05917755141854286,
    0.06450554728507996,
    0.059132471680641174,
    0.06499294191598892,
    0.06675202399492264,
    0.06102779507637024,
    0.06088770925998688,
    0.061604537069797516,
    0.05652422085404396,
    0.05889347195625305,
    0.06522350013256073,
    0.0512225516140461,
    0.04702519252896309,
    0.028340917080640793,
    0.0318295918405056,
    0.02543792501091957,
    0.04201027378439903,
    0.04709964245557785,
    0.02341340109705925,
    0.018675487488508224,
    0.01837325282394886,
    0.016660841181874275,
    0.01691448502242565,
    0.01200260128825903,
    0.012877033092081547,
    0.012080763466656208,
    0.010815165005624294,
    0.02065867930650711,
    0.01268785446882248,
    0.018211346119642258,
    0.021296262741088867,
    0.011126812547445297,
    0.010174930095672607,
    0.017985958606004715,
    0.013742313720285892,
    0.013135585933923721,
    0.011753586120903492,
    0.019359149038791656,
    0.012629879638552666,
    0.01352259423583746,
    0.014800090342760086,
    0.010631443001329899,
    0.009053117595613003,
    0.00841086357831955,
    0.01048359740525484,
    0.013427037745714188,
    0.00796155259013176,
    0.0073904008604586124,
    0.007945172488689423,
    0.007513107731938362,
    0.007444943301379681,
    0.01070977933704853,
    0.008439429104328156,
    0.008164618164300919,
    0.008346397429704666,
    0.009610360488295555,
    0.00868222676217556,
    0.006244175601750612,
    0.007256590761244297,
    0.007409359328448772,
    0.008489137515425682,
    0.010431032627820969,
    0.015601493418216705,
    0.008927409537136555,
    0.008205292746424675,
    0.007179053965955973,
    0.007395802065730095,
    0.010856172069907188
  ],
  "stopped_epoch": 100
}