{
  "epochs_recorded": [
    0,
    1,
    2,
    3,
    4,
    5,
    6,
    7,
    8,
    9,
    10,
    11,
    12,
    13,
    14,
    15,
    16,
    17,
    18,
    19,
    20,
    21,
    22,
    23,
    24,
    25,
    26,
    27,
    28,
    29,
    30,
    31,
    32,
    33,
    34,
    35,
    36,
    37,
    38,
    39,
    40,
    41,
    42,
    43,
    44,
    45,
    46,
    47,
    48,
    49,
    50,
    51,
    52,
    53,
    54,
    55,
    56,
    57,
    58,
    59,
    60,
    61,
    62,
    63,
    64,
    65,
    66,
    67,
    68,
    69,
    70,
    71,
    72,
    73,
    74,
    75,
    76,
    77,
    78,
    79,
    80
  ],
  "train_loss": [
    1.0309054851531982,
    0.2093534916639328,
    0.19894911348819733,
    0.19780981540679932,
    0.19172655045986176,
    0.12540267407894135,
    0.04826861247420311,
    0.04328985512256622,
    0.03647097200155258,
    0.03099914640188217,
    0.028426699340343475,
    0.02861441858112812,
    0.02649671584367752,
    0.02622290886938572,
    0.025256523862481117,
    0.02419154718518257,
    0.020806437358260155,
    0.01903165876865387,
    0.016583571210503578,
    0.014920638874173164,
    0.014447164721786976,
    0.013275054283440113,
    0.01426008902490139,
    0.011800174601376057,
    0.011105061508715153,
    0.010446577332913876,
    0.012060651555657387,
    0.01087797898799181,
    0.010368798859417439,
    0.009985288605093956,
    0.011463272385299206,
    0.009328987449407578,
    0.008696768432855606,
    0.009428832679986954,
    0.008702230639755726,
    0.008661110885441303,
    0.009375453926622868,
    0.008233346045017242,
    0.00821089930832386,
    0.008276473730802536,
    0.008370934054255486,
    0.008079925552010536,
    0.008091428317129612,
    0.00861925445497036,
    0.007890943437814713,
    0.00808548741042614,
    0.007928086444735527,
    0.007554054260253906,
    0.009563891217112541,
    0.008808032609522343,
    0.007509161252528429,
    0.008046524599194527,
    0.007565220817923546,
    0.008531655184924603,
    0.007589461747556925,
    0.007216480560600758,
    0.007609561085700989,
    0.007257275748997927,
    0.008287682197988033,
    0.0077370936051011086,
    0.00786468293517828,
    0.00737138744443655,
    0.007314145565032959,
    0.007502538152039051,
    0.007280638907104731,
    0.007652469910681248,
    0.007099626120179892,
    0.007088670507073402,
    0.006745754275470972,
    0.007304716855287552,
    0.006720813922584057,
    0.00674772122874856,
    0.007621643599122763,
    0.007334334775805473,
    0.007502361666411161,
    0.007501612883061171,
    0.006608452647924423,
    0.007332250010222197,
    0.006664169020950794,
    0.00712317880243063,
    0.007146392483264208
  ],
  "val_loss": [
    0.24387827515602112,
    0.2086004763841629,
    0.17737960815429688,
    0.17427051067352295,
    0.18064329028129578,
    0.16345268487930298,
    0.05318396911025047,
    0.04180070012807846,
    0.03952718898653984,
    0.03188947215676308,
    0.02888776734471321,
    0.03027140349149704,
    0.028657637536525726,
    0.026859216392040253,
    0.024610484018921852,
    0.025959327816963196,
    0.021648719906806946,
    0.024082116782665253,
    0.019394075497984886,
    0.016356373205780983,
    0.015375964343547821,
    0.015205375850200653,
    0.01858733594417572,
    0.011998322792351246,
    0.012283973395824432,
    0.01097212452441454,
    0.013611065223813057,
    0.010658725164830685,
    0.013094748370349407,
    0.010147158987820148,
    0.01201686728745699,
    0.0116383982822299,
    0.009420361369848251,
    0.010434181429445744,
    0.010198192670941353,
    0.00944735947996378,
    0.013744470663368702,
    0.008884098380804062,
    0.008420322090387344,
    0.009363535791635513,
    0.009071314707398415,
    0.008445137180387974,
    0.008156548254191875,
    0.008238071575760841,
    0.008807533420622349,
    0.007922067306935787,
    0.010479426011443138,
    0.008500900119543076,
    0.009243224747478962,
    0.009846442379057407,
    0.01024424098432064,
    0.00806757714599371,
    0.00888672936707735,
    0.009997878223657608,
    0.008050487376749516,
    0.00749747222289443,
    0.007618889678269625,
    0.008400313556194305,
    0.00801287591457367,
    0.009051673114299774,
    0.009283930994570255,
    0.008030696772038937,
    0.0076671866700053215,
    0.007093572989106178,
    0.009721167385578156,
    0.00865013524889946,
    0.007070416118949652,
    0.006857133004814386,
    0.008018666878342628,
    0.007035823538899422,
    0.007916799746453762,
    0.006742741446942091,
    0.007224815897643566,
    0.007845339365303516,
    0.008176934905350208,
    0.009405897930264473,
    0.007396917790174484,
    0.007697471417486668,
    0.007898995652794838,
    0.007167066913098097,
    0.008023342117667198,
    0.008056038990616798
  ],
  "stopped_epoch": 81
}