{
  "epochs_recorded": [
    0,
    1,
    2,
    3,
    4,
    5,
    6,
    7,
    8,
    9,
    10,
    11,
    12,
    13,
    14,
    15,
    16,
    17,
    18
  ],
  "train_loss": [
    0.7648956775665283,
    0.6720366477966309,
    0.7177796363830566,
    0.5975124835968018,
    0.5487138628959656,
    0.5579216480255127,
    0.5634487867355347,
    0.5576063394546509,
    0.5547124147415161,
    0.5524719953536987,
    0.5484746694564819,
    0.5675042867660522,
    0.5497447848320007,
    0.567071795463562,
    0.5707566738128662,
    0.5584872961044312,
    0.6047784686088562,
    0.5807905197143555,
    0.5539861917495728
  ],
  "val_loss": [
    1.664950966835022,
    0.26708465814590454,
    0.27358949184417725,
    0.207674041390419,
    0.146085724234581,
    0.11787217855453491,
    0.1506856232881546,
    0.1364409327507019,
    0.13566622138023376,
    0.11000886559486389,
    0.117082878947258,
    0.13492463529109955,
    0.13106529414653778,
    0.21809089183807373,
    0.15377983450889587,
    0.16244181990623474,
    0.11911547929048538,
    0.21840257942676544,
    0.1328301876783371,
    0.12237895280122757
  ],
  "stopped_epoch": 19
}