{
  "epochs_recorded": [
    0,
    1,
    2,
    3,
    4,
    5,
    6,
    7,
    8,
    9,
    10,
    11,
    12,
    13,
    14,
    15,
    16,
    17,
    18,
    19,
    20,
    21,
    22,
    23,
    24,
    25,
    26,
    27,
    28,
    29,
    30,
    31,
    32,
    33,
    34,
    35,
    36,
    37,
    38,
    39,
    40,
    41,
    42,
    43
  ],
  "train_loss": [
    0.8115278482437134,
    0.7349047064781189,
    0.6593201160430908,
    0.5922439694404602,
    1.0789148807525635,
    0.5545464158058167,
    0.7081652879714966,
    0.6359332203865051,
    0.5461859703063965,
    0.5487813353538513,
    0.5431776642799377,
    0.5216359496116638,
    0.5156974792480469,
    0.4960349202156067,
    0.49585604667663574,
    0.4891507029533386,
    0.49252456426620483,
    0.5136097073554993,
    0.4959459900856018,
    0.4891543984413147,
    0.4893817901611328,
    0.49151986837387085,
    0.5035538077354431,
    0.48285558819770813,
    0.47978872060775757,
    0.48078471422195435,
    0.47426432371139526,
    0.4796399176120758,
    0.475022554397583,
    0.4769938290119171,
    0.481018602848053,
    0.47387832403182983,
    0.4734556972980499,
    0.5002158284187317,
    0.47047853469848633,
    0.4723146855831146,
    0.4631957411766052,
    0.4720988869667053,
    0.4910358190536499,
    0.4611250162124634,
    0.4766363203525543,
    0.4687528610229492,
    0.46700870990753174,
    0.47816964983940125
  ],
  "val_loss": [
    0.46159255504608154,
    1.2956337928771973,
    0.3380129933357239,
    0.10883672535419464,
    0.1021549254655838,
    0.09528723359107971,
    0.07683847099542618,
    0.10934602469205856,
    0.1128258928656578,
    0.09291311353445053,
    0.07223553955554962,
    0.0656650960445404,
    0.06498946249485016,
    0.056650713086128235,
    0.05134761333465576,
    0.05159558728337288,
    0.04889225959777832,
    0.046058379113674164,
    0.04617953673005104,
    0.04518549144268036,
    0.04166635498404503,
    0.04155796021223068,
    0.04295191913843155,
    0.04055117443203926,
    0.04043886810541153,
    0.041621819138526917,
    0.04140445590019226,
    0.04137994721531868,
    0.04020410403609276,
    0.04059986770153046,
    0.0426815040409565,
    0.04204590246081352,
    0.04027029126882553,
    0.04038194566965103,
    0.03796818479895592,
    0.040503837168216705,
    0.044390156865119934,
    0.03976701200008392,
    0.039206117391586304,
    0.03987235948443413,
    0.039415959268808365,
    0.039280351251363754,
    0.03936610370874405,
    0.04621812701225281,
    0.03980732336640358
  ],
  "stopped_epoch": 44
}