{
  "epochs_recorded": [
    0,
    1,
    2,
    3,
    4,
    5,
    6,
    7,
    8,
    9,
    10,
    11,
    12,
    13,
    14,
    15,
    16,
    17,
    18,
    19,
    20,
    21,
    22,
    23,
    24,
    25,
    26,
    27,
    28,
    29,
    30,
    31,
    32,
    33,
    34,
    35,
    36,
    37,
    38,
    39,
    40,
    41,
    42,
    43,
    44,
    45,
    46,
    47,
    48,
    49,
    50,
    51,
    52,
    53,
    54,
    55,
    56,
    57
  ],
  "train_loss": [
    0.9183990955352783,
    0.2988475561141968,
    0.2590876519680023,
    0.24685722589492798,
    0.2387494593858719,
    0.22172077000141144,
    0.17078973352909088,
    0.14271220564842224,
    0.12243835628032684,
    0.10821357369422913,
    0.10326143354177475,
    0.09353943169116974,
    0.08624304085969925,
    0.0827101618051529,
    0.07673051208257675,
    0.07301317900419235,
    0.07233099639415741,
    0.069452665746212,
    0.06667546927928925,
    0.06527983397245407,
    0.06391681730747223,
    0.0612221397459507,
    0.05814332515001297,
    0.05559360980987549,
    0.052491527050733566,
    0.04994876682758331,
    0.050375014543533325,
    0.04632633179426193,
    0.04337553679943085,
    0.043097276240587234,
    0.04161510616540909,
    0.039171889424324036,
    0.03788043558597565,
    0.03909171000123024,
    0.03741461783647537,
    0.035084404051303864,
    0.03555401787161827,
    0.0346125103533268,
    0.033955592662096024,
    0.032292112708091736,
    0.03149683028459549,
    0.03146490454673767,
    0.031120827421545982,
    0.031996097415685654,
    0.030802767723798752,
    0.028565220534801483,
    0.0293985977768898,
    0.02826377935707569,
    0.027903474867343903,
    0.028210217133164406,
    0.027691051363945007,
    0.0277491994202137,
    0.02755732089281082,
    0.026368262246251106,
    0.02584388479590416,
    0.02738853543996811,
    0.025528257712721825,
    0.026310177519917488
  ],
  "val_loss": [
    0.9221748113632202,
    0.36951690912246704,
    0.24346840381622314,
    0.2278662919998169,
    0.2218552976846695,
    0.21926623582839966,
    0.1739118993282318,
    0.12495779246091843,
    0.1101151779294014,
    0.09971605241298676,
    0.0841364786028862,
    0.08301045745611191,
    0.07529817521572113,
    0.0706138014793396,
    0.06574597209692001,
    0.06391339749097824,
    0.06262236833572388,
    0.06169838085770607,
    0.0619107149541378,
    0.05829056724905968,
    0.058112677186727524,
    0.0583949089050293,
    0.054101038724184036,
    0.05171765759587288,
    0.04566662758588791,
    0.042895928025245667,
    0.0466349832713604,
    0.04165414720773697,
    0.03743990883231163,
    0.03300189599394798,
    0.038691647350788116,
    0.0335833765566349,
    0.031905703246593475,
    0.031246328726410866,
    0.03281862661242485,
    0.028237003833055496,
    0.02737879566848278,
    0.027477040886878967,
    0.026067791506648064,
    0.025652505457401276,
    0.0261091236025095,
    0.02758980356156826,
    0.02382952906191349,
    0.026748545467853546,
    0.022294944152235985,
    0.022918496280908585,
    0.0231198500841856,
    0.020849715918302536,
    0.018937986344099045,
    0.020509522408246994,
    0.02221841737627983,
    0.01919197477400303,
    0.020702578127384186,
    0.01992601715028286,
    0.02034420520067215,
    0.02110292948782444,
    0.019129134714603424,
    0.020413467660546303,
    0.022678954526782036
  ],
  "stopped_epoch": 58
}