{
  "epochs_recorded": [
    0,
    1,
    2,
    3,
    4,
    5,
    6,
    7,
    8,
    9,
    10,
    11,
    12,
    13,
    14,
    15,
    16,
    17,
    18,
    19,
    20,
    21,
    22,
    23,
    24,
    25,
    26,
    27,
    28,
    29,
    30,
    31,
    32,
    33,
    34,
    35,
    36,
    37,
    38,
    39,
    40,
    41,
    42,
    43,
    44,
    45,
    46,
    47,
    48,
    49,
    50
  ],
  "train_loss": [
    0.9468205571174622,
    0.7348769903182983,
    0.6557677984237671,
    0.5884436368942261,
    0.5859895944595337,
    0.5907090902328491,
    0.5505792498588562,
    0.5248171091079712,
    0.5390884876251221,
    0.5132761597633362,
    0.52409827709198,
    0.5115848779678345,
    0.5469346642494202,
    0.4962218403816223,
    0.5108234882354736,
    0.49504947662353516,
    0.5629631876945496,
    0.5110758543014526,
    0.5115524530410767,
    0.5023782253265381,
    0.48419487476348877,
    0.5059919953346252,
    0.5139498710632324,
    0.5223041772842407,
    0.49655652046203613,
    0.514923095703125,
    0.4905456304550171,
    0.49398863315582275,
    0.48833802342414856,
    0.48041313886642456,
    0.4845156669616699,
    0.504309892654419,
    0.4835754930973053,
    0.4823026657104492,
    0.48819229006767273,
    0.47758805751800537,
    0.48211830854415894,
    0.47688689827919006,
    0.48149827122688293,
    0.4862428307533264,
    0.49047911167144775,
    0.4872377812862396,
    0.5166100263595581,
    0.46706247329711914,
    0.48251962661743164,
    0.49905213713645935,
    0.480948269367218,
    0.4743741750717163,
    0.5129514932632446,
    0.48634645342826843,
    0.4908284544944763
  ],
  "val_loss": [
    0.3069952130317688,
    0.21943399310112,
    0.16559207439422607,
    0.13780604302883148,
    0.11525978893041611,
    0.10866495966911316,
    0.08757705986499786,
    0.09560298174619675,
    0.08214002847671509,
    0.09288846701383591,
    0.07875557988882065,
    0.10051731020212173,
    0.06578732281923294,
    0.0638284906744957,
    0.2007310688495636,
    0.06917066127061844,
    0.24248534440994263,
    0.07876940816640854,
    0.15915890038013458,
    0.2557345926761627,
    0.058116789907217026,
    0.06390862166881561,
    0.4081418514251709,
    0.15894374251365662,
    0.04753510653972626,
    0.05574605613946915,
    0.05162839964032173,
    0.09888502955436707,
    0.1679646521806717,
    0.050042711198329926,
    0.05454627424478531,
    0.044421982020139694,
    0.04347183182835579,
    0.04377340152859688,
    0.043811120092868805,
    0.04905715957283974,
    0.04727157950401306,
    0.06268512457609177,
    0.04806256294250488,
    0.046668343245983124,
    0.05064478889107704,
    0.0419495552778244,
    0.04284407198429108,
    0.08526267111301422,
    0.051299553364515305,
    0.04781085625290871,
    0.052897896617650986,
    0.05234919860959053,
    0.052006401121616364,
    0.08910921961069107,
    0.049994755536317825,
    0.046877697110176086
  ],
  "stopped_epoch": 51
}