{
  "epochs_recorded": [
    0,
    1,
    2,
    3,
    4,
    5,
    6,
    7,
    8,
    9,
    10,
    11,
    12,
    13,
    14,
    15,
    16,
    17,
    18,
    19,
    20,
    21,
    22,
    23,
    24,
    25,
    26,
    27,
    28,
    29,
    30,
    31,
    32,
    33,
    34,
    35,
    36,
    37,
    38,
    39,
    40,
    41,
    42,
    43,
    44,
    45,
    46
  ],
  "train_loss": [
    0.8766451478004456,
    0.6646740436553955,
    0.5552339553833008,
    0.49411091208457947,
    0.49439293146133423,
    0.48296836018562317,
    0.4624521732330322,
    0.47571027278900146,
    0.4729364216327667,
    0.4765421450138092,
    0.4660681486129761,
    0.5088046193122864,
    0.4566308856010437,
    0.4477495551109314,
    0.4719286561012268,
    0.4696713089942932,
    0.4525779187679291,
    0.4529065489768982,
    0.48901718854904175,
    0.4529639780521393,
    0.45427122712135315,
    0.4787026643753052,
    0.461953341960907,
    0.4648486375808716,
    0.44744881987571716,
    0.4512690305709839,
    0.45506206154823303,
    0.45679759979248047,
    0.45477351546287537,
    0.4423680305480957,
    0.4590962827205658,
    0.45324718952178955,
    0.45450595021247864,
    0.44321200251579285,
    0.4482255280017853,
    0.4429073929786682,
    0.4443749785423279,
    0.44767722487449646,
    0.44415926933288574,
    0.4373394846916199,
    0.43691137433052063,
    0.4383850693702698,
    0.4387798011302948,
    0.4486820101737976,
    0.437103807926178,
    0.43642720580101013,
    0.4392816424369812
  ],
  "val_loss": [
    0.990801215171814,
    1.0460968017578125,
    0.23915816843509674,
    0.13166719675064087,
    0.07850644737482071,
    0.07865401357412338,
    0.07383164018392563,
    0.07118850201368332,
    0.07155276089906693,
    0.07053321599960327,
    0.06984005123376846,
    0.06951937079429626,
    0.06942714750766754,
    0.07062271982431412,
    0.06936433911323547,
    0.06920559704303741,
    0.06890188902616501,
    0.0694442018866539,
    0.06813482940196991,
    0.0710412785410881,
    0.07192716002464294,
    0.08091356605291367,
    0.057004280388355255,
    0.04709182679653168,
    0.046441350132226944,
    0.04556189104914665,
    0.041288699954748154,
    0.0403873436152935,
    0.06074581295251846,
    0.03530723601579666,
    0.05210505798459053,
    0.03680149465799332,
    0.03705047443509102,
    0.061917565762996674,
    0.032533589750528336,
    0.03486054763197899,
    0.14453136920928955,
    0.0183997992426157,
    0.059498630464076996,
    0.02853112481534481,
    0.01940714567899704,
    0.03757849708199501,
    0.031658705323934555,
    0.020357728004455566,
    0.019707582890987396,
    0.045094024389982224,
    0.02585727907717228,
    0.03319229930639267
  ],
  "stopped_epoch": 47
}