{
  "epochs_recorded": [
    0,
    1,
    2,
    3,
    4,
    5,
    6,
    7,
    8,
    9,
    10,
    11,
    12,
    13,
    14,
    15,
    16,
    17,
    18,
    19,
    20,
    21,
    22,
    23,
    24,
    25,
    26,
    27,
    28,
    29,
    30,
    31,
    32,
    33,
    34,
    35,
    36,
    37,
    38,
    39,
    40,
    41,
    42,
    43,
    44,
    45,
    46,
    47,
    48,
    49,
    50,
    51,
    52
  ],
  "train_loss": [
    1.4186506271362305,
    0.984019935131073,
    0.8437788486480713,
    0.5801759362220764,
    0.7432072162628174,
    0.6239408850669861,
    0.567375123500824,
    0.5334698557853699,
    0.520142674446106,
    0.5216525793075562,
    0.5358017683029175,
    0.500564455986023,
    0.5215663909912109,
    0.4799182116985321,
    0.5041698813438416,
    0.4878590703010559,
    0.46737140417099,
    0.5021624565124512,
    0.4904859960079193,
    0.4851527214050293,
    0.4811839759349823,
    0.5012615919113159,
    0.5080748796463013,
    0.4764616787433624,
    0.4805202782154083,
    0.49028560519218445,
    0.47064581513404846,
    0.4780007302761078,
    0.46949324011802673,
    0.47303104400634766,
    0.4693671464920044,
    0.4753192961215973,
    0.4783026874065399,
    0.4866631031036377,
    0.4696895182132721,
    0.46721601486206055,
    0.45842331647872925,
    0.4704872667789459,
    0.4961332082748413,
    0.47279471158981323,
    0.4783245623111725,
    0.47997939586639404,
    0.46760934591293335,
    0.48314130306243896,
    0.46848052740097046,
    0.4663389027118683,
    0.46824055910110474,
    0.4791065752506256,
    0.4878627359867096,
    0.47905492782592773,
    0.47201964259147644,
    0.49744439125061035,
    0.46987730264663696
  ],
  "val_loss": [
    0.2690558135509491,
    10.119403839111328,
    2.1144607067108154,
    0.6202753782272339,
    0.23614972829818726,
    0.1276145875453949,
    0.22086165845394135,
    0.14174020290374756,
    0.11390220373868942,
    0.06800923496484756,
    0.08055567741394043,
    0.05649853125214577,
    0.0709136426448822,
    0.047312069684267044,
    0.046139564365148544,
    0.05216297134757042,
    0.04375312849879265,
    0.04417981952428818,
    0.0444302000105381,
    0.04167872294783592,
    0.04188619926571846,
    0.04352867230772972,
    0.07657922804355621,
    0.04209653288125992,
    0.04335341602563858,
    0.041302651166915894,
    0.04053625091910362,
    0.04113910719752312,
    0.04246428981423378,
    0.040118589997291565,
    0.04195656627416611,
    0.04099726676940918,
    0.04034809023141861,
    0.04019039124250412,
    0.04450886696577072,
    0.03985516354441643,
    0.03972815349698067,
    0.038916200399398804,
    0.04794682189822197,
    0.04418325424194336,
    0.03985307365655899,
    0.04206845164299011,
    0.03937515243887901,
    0.03836251422762871,
    0.04102053493261337,
    0.04264289513230324,
    0.041794996708631516,
    0.04164809733629227,
    0.04041607677936554,
    0.039222054183483124,
    0.0395553857088089,
    0.03898421674966812,
    0.0389210470020771,
    0.03972581773996353
  ],
  "stopped_epoch": 53
}