{
  "epochs_recorded": [
    0,
    1,
    2,
    3,
    4,
    5,
    6,
    7,
    8,
    9,
    10,
    11,
    12,
    13,
    14,
    15,
    16,
    17,
    18,
    19,
    20,
    21,
    22,
    23,
    24,
    25,
    26,
    27,
    28,
    29,
    30,
    31,
    32,
    33
  ],
  "train_loss": [
    0.3406895101070404,
    0.06719019263982773,
    0.058838944882154465,
    0.057572998106479645,
    0.056249089539051056,
    0.055553775280714035,
    0.05520704761147499,
    0.05538329482078552,
    0.05523112788796425,
    0.05545646697282791,
    0.05574515461921692,
    0.05586845055222511,
    0.05565076693892479,
    0.05585342273116112,
    0.055195245891809464,
    0.055503539741039276,
    0.05455109477043152,
    0.05624505877494812,
    0.05798719450831413,
    0.062306132167577744,
    0.05596748739480972,
    0.055462561547756195,
    0.05360285937786102,
    0.052233725786209106,
    0.05296964570879936,
    0.051781557500362396,
    0.05259603634476662,
    0.05170617997646332,
    0.053802184760570526,
    0.056940142065286636,
    0.05156402662396431,
    0.051771219819784164,
    0.05434528738260269,
    0.057213153690099716
  ],
  "val_loss": [
    0.25734618306159973,
    0.09779161214828491,
    0.07866107672452927,
    0.07111848145723343,
    0.07761354744434357,
    0.0712251141667366,
    0.06994510442018509,
    0.07010011374950409,
    0.07299628108739853,
    0.07272759824991226,
    0.07154033333063126,
    0.0743231549859047,
    0.07083556056022644,
    0.0721176266670227,
    0.07083018869161606,
    0.07004012912511826,
    0.0696529895067215,
    0.07171127200126648,
    0.0798911601305008,
    0.06882510334253311,
    0.06953185796737671,
    0.07474909722805023,
    0.0663503110408783,
    0.06467658281326294,
    0.06275980174541473,
    0.06519854813814163,
    0.06624804437160492,
    0.06731312721967697,
    0.06283475458621979,
    0.06758841127157211,
    0.06537605077028275,
    0.06525630503892899,
    0.06512703746557236,
    0.06639283895492554,
    0.07104317843914032
  ],
  "stopped_epoch": 34
}