{
  "epochs_recorded": [
    0,
    1,
    2,
    3,
    4,
    5,
    6,
    7,
    8,
    9,
    10,
    11,
    12,
    13,
    14,
    15,
    16,
    17,
    18,
    19,
    20,
    21,
    22,
    23,
    24,
    25,
    26,
    27,
    28,
    29,
    30,
    31,
    32,
    33,
    34,
    35,
    36,
    37,
    38,
    39,
    40,
    41,
    42,
    43,
    44,
    45,
    46,
    47,
    48,
    49,
    50,
    51,
    52,
    53,
    54,
    55,
    56,
    57,
    58,
    59,
    60,
    61,
    62,
    63,
    64,
    65,
    66,
    67,
    68,
    69,
    70,
    71,
    72,
    73,
    74,
    75,
    76,
    77,
    78,
    79,
    80,
    81,
    82,
    83,
    84,
    85,
    86,
    87,
    88,
    89,
    90,
    91,
    92,
    93,
    94,
    95,
    96,
    97,
    98,
    99
  ],
  "train_loss": [
    0.2348867952823639,
    0.12161193042993546,
    0.0975252091884613,
    0.0887882336974144,
    0.08393750339746475,
    0.08082141727209091,
    0.07457669079303741,
    0.07591898739337921,
    0.07300154864788055,
    0.06960658729076385,
    0.07011951506137848,
    0.06731544435024261,
    0.0670585185289383,
    0.06508215516805649,
    0.0641925111413002,
    0.06369059532880783,
    0.06314945966005325,
    0.06342297792434692,
    0.0631822794675827,
    0.06236628070473671,
    0.06294897198677063,
    0.060652490705251694,
    0.059434808790683746,
    0.060201678425073624,
    0.058939360082149506,
    0.059466853737831116,
    0.057981234043836594,
    0.05786712467670441,
    0.059020109474658966,
    0.05801871418952942,
    0.057205602526664734,
    0.058157358318567276,
    0.057517919689416885,
    0.060756515711545944,
    0.05630522593855858,
    0.05845528468489647,
    0.05775250121951103,
    0.05609738826751709,
    0.056182824075222015,
    0.05562031269073486,
    0.05455943942070007,
    0.05453283712267876,
    0.05412944778800011,
    0.05392587184906006,
    0.054249051958322525,
    0.052791010588407516,
    0.053146153688430786,
    0.0538782961666584,
    0.05287850275635719,
    0.054021865129470825,
    0.05358600988984108,
    0.052164334803819656,
    0.05332254245877266,
    0.052744895219802856,
    0.05322049930691719,
    0.052248187363147736,
    0.05301274359226227,
    0.0515655092895031,
    0.051510829478502274,
    0.051409635692834854,
    0.05148329213261604,
    0.051836542785167694,
    0.05254490301012993,
    0.05140015482902527,
    0.051897451281547546,
    0.05212824046611786,
    0.05115217715501785,
    0.050746168941259384,
    0.05073986202478409,
    0.05130304396152496,
    0.05115611106157303,
    0.05134379863739014,
    0.05052709951996803,
    0.04981361702084541,
    0.04927240312099457,
    0.049443989992141724,
    0.050476428121328354,
    0.05078824609518051,
    0.05047371983528137,
    0.04926825687289238,
    0.04892703890800476,
    0.048793863505125046,
    0.049680233001708984,
    0.05129367858171463,
    0.048625729978084564,
    0.04740126058459282,
    0.047543324530124664,
    0.048893168568611145,
    0.047726865857839584,
    0.04695453122258186,
    0.04622717946767807,
    0.045066919177770615,
    0.04609622061252594,
    0.0455571785569191,
    0.042923860251903534,
    0.04281706362962723,
    0.043018341064453125,
    0.04016266018152237,
    0.03937371075153351,
    0.04151402413845062
  ],
  "val_loss": [
    0.13504309952259064,
    0.10073794424533844,
    0.07052476704120636,
    0.06861856579780579,
    0.06999676674604416,
    0.07203089445829391,
    0.06908852607011795,
    0.06757037341594696,
    0.06793459504842758,
    0.06737459450960159,
    0.06523901224136353,
    0.06431466341018677,
    0.0639180913567543,
    0.06370871514081955,
    0.06355303525924683,
    0.06317628920078278,
    0.06271570175886154,
    0.06535452604293823,
    0.06352441012859344,
    0.062333639711141586,
    0.06478721648454666,
    0.061655301600694656,
    0.063401959836483,
    0.061673592776060104,
    0.062028948217630386,
    0.06163061037659645,
    0.06756837666034698,
    0.06147582828998566,
    0.061413154006004333,
    0.0663335993885994,
    0.06142168119549751,
    0.06171981990337372,
    0.061746131628751755,
    0.06296379119157791,
    0.06613699346780777,
    0.06142318248748779,
    0.061496905982494354,
    0.06282865256071091,
    0.061128873378038406,
    0.060984812676906586,
    0.06073487177491188,
    0.06235561519861221,
    0.06317663937807083,
    0.06416802108287811,
    0.06040792167186737,
    0.06102448329329491,
    0.0617668442428112,
    0.06316323578357697,
    0.06523364037275314,
    0.060406628996133804,
    0.06186101958155632,
    0.0642366036772728,
    0.06220660358667374,
    0.060311585664749146,
    0.06455259025096893,
    0.06003156676888466,
    0.060937222093343735,
    0.06304106116294861,
    0.06073608249425888,
    0.06024547666311264,
    0.06110129505395889,
    0.06180327385663986,
    0.05961254611611366,
    0.0630168691277504,
    0.059870634227991104,
    0.0599442757666111,
    0.06379491835832596,
    0.06270250678062439,
    0.05967157334089279,
    0.060105904936790466,
    0.059615764766931534,
    0.06245746463537216,
    0.059069059789180756,
    0.06194983422756195,
    0.061005786061286926,
    0.06248081102967262,
    0.058685969561338425,
    0.05855366215109825,
    0.05885174870491028,
    0.06102914735674858,
    0.06314519047737122,
    0.05855216085910797,
    0.057738929986953735,
    0.06695941090583801,
    0.057893604040145874,
    0.0564686581492424,
    0.06164078786969185,
    0.05509040877223015,
    0.059911470860242844,
    0.05797265097498894,
    0.055415090173482895,
    0.05513090267777443,
    0.053856514394283295,
    0.048050060868263245,
    0.05303473025560379,
    0.04341147467494011,
    0.0412495993077755,
    0.04516899213194847,
    0.04082944989204407,
    0.043617501854896545,
    0.06093868240714073
  ],
  "stopped_epoch": 100
}