{
  "epochs_recorded": [
    0,
    1,
    2,
    3,
    4,
    5,
    6,
    7,
    8,
    9,
    10,
    11,
    12,
    13,
    14,
    15,
    16,
    17,
    18,
    19,
    20,
    21,
    22,
    23,
    24,
    25,
    26,
    27,
    28,
    29,
    30,
    31,
    32,
    33,
    34,
    35,
    36,
    37,
    38,
    39,
    40,
    41,
    42,
    43,
    44,
    45,
    46,
    47,
    48,
    49,
    50,
    51,
    52,
    53,
    54,
    55,
    56,
    57,
    58,
    59,
    60,
    61,
    62,
    63,
    64,
    65,
    66,
    67,
    68,
    69,
    70,
    71,
    72,
    73,
    74,
    75,
    76,
    77,
    78,
    79,
    80,
    81,
    82,
    83,
    84,
    85,
    86,
    87,
    88,
    89,
    90,
    91,
    92,
    93,
    94,
    95,
    96,
    97,
    98,
    99
  ],
  "train_loss": [
    1.2268290519714355,
    1.0440163612365723,
    1.0016827583312988,
    0.8828773498535156,
    0.8032678365707397,
    0.6481629610061646,
    0.5583213567733765,
    0.5538394451141357,
    0.5254005789756775,
    0.5154587030410767,
    0.49585580825805664,
    0.5393756031990051,
    0.488079696893692,
    0.4568072557449341,
    0.48942723870277405,
    0.4742327332496643,
    0.46067774295806885,
    0.4638344347476959,
    0.5007556080818176,
    0.46634718775749207,
    0.47820907831192017,
    0.5022599101066589,
    0.48088139295578003,
    0.4837498962879181,
    0.46291619539260864,
    0.46654611825942993,
    0.47104138135910034,
    0.4888327717781067,
    0.4882115125656128,
    0.4594893455505371,
    0.48795679211616516,
    0.4829607605934143,
    0.45796290040016174,
    0.47501707077026367,
    0.48458707332611084,
    0.48213064670562744,
    0.46989187598228455,
    0.48557305335998535,
    0.48822760581970215,
    0.4515875279903412,
    0.4560883939266205,
    0.4515930116176605,
    0.458039790391922,
    0.46691563725471497,
    0.4679471552371979,
    0.45892608165740967,
    0.4799838960170746,
    0.4525987207889557,
    0.45278775691986084,
    0.4399681091308594,
    0.4436590075492859,
    0.4428764879703522,
    0.4388115108013153,
    0.46331292390823364,
    0.4469287097454071,
    0.45315179228782654,
    0.442342609167099,
    0.4410901367664337,
    0.44610506296157837,
    0.4483707547187805,
    0.4820046126842499,
    0.4472305178642273,
    0.44791609048843384,
    0.4636927843093872,
    0.4424295723438263,
    0.4433635473251343,
    0.4426381289958954,
    0.4388231039047241,
    0.44852036237716675,
    0.4541008174419403,
    0.44934946298599243,
    0.48756566643714905,
    0.4381585717201233,
    0.4443782567977905,
    0.43636977672576904,
    0.4493860900402069,
    0.4541235566139221,
    0.43879467248916626,
    0.4382801353931427,
    0.4399524927139282,
    0.445957213640213,
    0.4383459687232971,
    0.43605151772499084,
    0.5818161964416504,
    0.4338870942592621,
    0.43848711252212524,
    0.45760828256607056,
    0.43337953090667725,
    0.43765830993652344,
    0.4375382959842682,
    0.43081381916999817,
    0.4391714334487915,
    0.43563112616539,
    0.44648778438568115,
    0.43852123618125916,
    0.44482311606407166,
    0.44713953137397766,
    0.4374130964279175,
    0.43676674365997314,
    0.4359056353569031
  ],
  "val_loss": [
    0.9837175011634827,
    0.1975741982460022,
    0.22418643534183502,
    0.20551052689552307,
    0.1335638016462326,
    0.1590111404657364,
    0.24971641600131989,
    0.20184326171875,
    0.21253414452075958,
    0.1340291053056717,
    0.08283492177724838,
    0.07743851840496063,
    0.07410387694835663,
    0.07346639037132263,
    0.07260212302207947,
    0.0717671662569046,
    0.07167625427246094,
    0.07069748640060425,
    0.0703653022646904,
    0.06894577294588089,
    0.06896460801362991,
    0.06874319911003113,
    0.06878434866666794,
    0.06852220743894577,
    0.06610812246799469,
    0.06499835103750229,
    0.06299807876348495,
    0.06530208885669708,
    0.05877094343304634,
    0.10270681232213974,
    0.06356526911258698,
    0.05422646552324295,
    0.0623699389398098,
    0.05596030130982399,
    0.050870176404714584,
    0.06207038089632988,
    0.07081766426563263,
    0.0588056743144989,
    0.04452403634786606,
    0.049376390874385834,
    0.04411913827061653,
    0.04305042698979378,
    0.046409543603658676,
    0.048433709889650345,
    0.0632333979010582,
    0.043454255908727646,
    0.04098261520266533,
    0.04949358105659485,
    0.048060860484838486,
    0.04776925593614578,
    0.03909648209810257,
    0.037633877247571945,
    0.032647501677274704,
    0.028085514903068542,
    0.030245905742049217,
    0.03221855312585831,
    0.028287749737501144,
    0.02628180757164955,
    0.0330464169383049,
    0.02883959747850895,
    0.02713162824511528,
    0.035003095865249634,
    0.028651384636759758,
    0.028625406324863434,
    0.029515080153942108,
    0.024610042572021484,
    0.027230653911828995,
    0.0343516580760479,
    0.024910682812333107,
    0.050106436014175415,
    0.028831185773015022,
    0.023504434153437614,
    0.036847520619630814,
    0.030240831896662712,
    0.027926521375775337,
    0.025483448058366776,
    0.025802236050367355,
    0.030378714203834534,
    0.021742023527622223,
    0.022408312186598778,
    0.029270224273204803,
    0.022517910227179527,
    0.02295716293156147,
    0.023121757432818413,
    0.021547215059399605,
    0.038850728422403336,
    0.034126415848731995,
    0.021728727966547012,
    0.024847310036420822,
    0.025407249107956886,
    0.02667260356247425,
    0.021412596106529236,
    0.02900080196559429,
    0.04195668175816536,
    0.022781766951084137,
    0.021043503656983376,
    0.018795520067214966,
    0.020424019545316696,
    0.03183303028345108,
    0.020227693021297455,
    0.018508169800043106
  ],
  "stopped_epoch": 100
}