{
  "epochs_recorded": [
    0,
    1,
    2,
    3,
    4,
    5,
    6,
    7,
    8,
    9,
    10,
    11,
    12,
    13,
    14,
    15,
    16,
    17,
    18,
    19,
    20,
    21,
    22,
    23,
    24,
    25,
    26,
    27,
    28,
    29,
    30,
    31,
    32,
    33,
    34,
    35,
    36,
    37,
    38,
    39,
    40,
    41,
    42,
    43,
    44,
    45,
    46,
    47,
    48,
    49,
    50,
    51,
    52,
    53,
    54,
    55,
    56,
    57,
    58,
    59,
    60,
    61,
    62,
    63,
    64,
    65,
    66,
    67,
    68,
    69,
    70,
    71,
    72,
    73,
    74,
    75,
    76,
    77,
    78,
    79,
    80,
    81,
    82,
    83,
    84,
    85,
    86,
    87,
    88,
    89,
    90
  ],
  "train_loss": [
    0.36286139488220215,
    0.23037384450435638,
    0.18689580261707306,
    0.1537688970565796,
    0.12522032856941223,
    0.10525176674127579,
    0.09389622509479523,
    0.08918732404708862,
    0.0830054059624672,
    0.07824783027172089,
    0.07507786154747009,
    0.07050767540931702,
    0.06761584430932999,
    0.06472296267747879,
    0.06106800213456154,
    0.058531370013952255,
    0.05778299644589424,
    0.054778698831796646,
    0.05282393470406532,
    0.05252571403980255,
    0.05038167163729668,
    0.0514521561563015,
    0.048303719609975815,
    0.04757079482078552,
    0.04591754078865051,
    0.046394944190979004,
    0.045180391520261765,
    0.044851042330265045,
    0.04463035985827446,
    0.04198905825614929,
    0.041899219155311584,
    0.04127021133899689,
    0.03959358111023903,
    0.03956945240497589,
    0.0387267991900444,
    0.037409741431474686,
    0.037053726613521576,
    0.036763861775398254,
    0.035656169056892395,
    0.03469433635473251,
    0.0346994623541832,
    0.03451935201883316,
    0.03483530506491661,
    0.034228384494781494,
    0.033414341509342194,
    0.03315037116408348,
    0.03199212625622749,
    0.030957894399762154,
    0.03177419304847717,
    0.031063837930560112,
    0.031406477093696594,
    0.030653521418571472,
    0.030354995280504227,
    0.030506042763590813,
    0.029429366812109947,
    0.029541781172156334,
    0.029147444292902946,
    0.02869780734181404,
    0.028246751055121422,
    0.027928447350859642,
    0.028908250853419304,
    0.02779901586472988,
    0.027304427698254585,
    0.02648923546075821,
    0.027342354878783226,
    0.026673732325434685,
    0.026885876432061195,
    0.02705526538193226,
    0.02689187042415142,
    0.02712986432015896,
    0.026278072968125343,
    0.026592910289764404,
    0.02590600773692131,
    0.025535615161061287,
    0.02500150352716446,
    0.02462330274283886,
    0.02494034357368946,
    0.025350458920001984,
    0.02514568530023098,
    0.024619219824671745,
    0.024445218965411186,
    0.024767756462097168,
    0.02421214058995247,
    0.023686785250902176,
    0.024246536195278168,
    0.023369939997792244,
    0.02388414554297924,
    0.022335171699523926,
    0.02281961217522621,
    0.021954627707600594,
    0.022641442716121674
  ],
  "val_loss": [
    0.604396641254425,
    0.1517903357744217,
    0.11251283437013626,
    0.09693416953086853,
    0.0644976794719696,
    0.056619349867105484,
    0.045603979378938675,
    0.05663426220417023,
    0.04776208847761154,
    0.051239676773548126,
    0.04311404749751091,
    0.04928410053253174,
    0.04410868510603905,
    0.04332353174686432,
    0.042381782084703445,
    0.042264506220817566,
    0.03928932547569275,
    0.04498950392007828,
    0.035487543791532516,
    0.04019435867667198,
    0.03536662831902504,
    0.04093462973833084,
    0.035619452595710754,
    0.03646938502788544,
    0.037868618965148926,
    0.03310232236981392,
    0.03574881702661514,
    0.03226885199546814,
    0.03304313123226166,
    0.03516997769474983,
    0.03408064693212509,
    0.029753003269433975,
    0.029668696224689484,
    0.030090579763054848,
    0.027840685099363327,
    0.02829722873866558,
    0.026877956464886665,
    0.03060787357389927,
    0.025459367781877518,
    0.02471540868282318,
    0.025602765381336212,
    0.026802869513630867,
    0.02298300340771675,
    0.029143352061510086,
    0.022806312888860703,
    0.02175516076385975,
    0.02447598986327648,
    0.023115696385502815,
    0.020941538736224174,
    0.021588828414678574,
    0.02473883330821991,
    0.023876983672380447,
    0.025448251515626907,
    0.02414333075284958,
    0.020897651091217995,
    0.020238308236002922,
    0.02161235176026821,
    0.021138109266757965,
    0.020692994818091393,
    0.019012603908777237,
    0.01928742229938507,
    0.02031080238521099,
    0.01953575201332569,
    0.020572280511260033,
    0.019617430865764618,
    0.0212789848446846,
    0.020109517499804497,
    0.02163034677505493,
    0.018278447911143303,
    0.019191693514585495,
    0.017645908519625664,
    0.018745504319667816,
    0.019847000017762184,
    0.01720542460680008,
    0.018956905230879784,
    0.017795361578464508,
    0.018762649968266487,
    0.021336717531085014,
    0.017810415476560593,
    0.018668005242943764,
    0.017581023275852203,
    0.01628207601606846,
    0.02138589136302471,
    0.021919721737504005,
    0.018741369247436523,
    0.020164556801319122,
    0.020623931661248207,
    0.02003610134124756,
    0.019496895372867584,
    0.01968248561024666,
    0.019308891147375107,
    0.019678782671689987
  ],
  "stopped_epoch": 91
}