{
  "epochs_recorded": [
    0,
    1,
    2,
    3,
    4,
    5,
    6,
    7,
    8,
    9,
    10
  ],
  "train_loss": [
    0.7501139640808105,
    0.8481523394584656,
    0.7145456075668335,
    0.6461147665977478,
    0.6543524861335754,
    0.6430619955062866,
    0.5975933074951172,
    0.6099441051483154,
    0.5765063166618347,
    0.6066440939903259,
    0.5777100324630737
  ],
  "val_loss": [
    1.8523002862930298,
    0.09220767766237259,
    0.10846628993749619,
    0.10055334120988846,
    0.0982787236571312,
    0.10005389153957367,
    0.13613402843475342,
    0.15269969403743744,
    0.1905522346496582,
    0.2504256069660187,
    0.2179207056760788,
    0.20476402342319489
  ],
  "stopped_epoch": 11
}