{
  "epochs_recorded": [
    0,
    1,
    2,
    3,
    4,
    5,
    6,
    7,
    8,
    9,
    10,
    11,
    12,
    13,
    14,
    15,
    16,
    17,
    18,
    19,
    20,
    21,
    22,
    23,
    24,
    25,
    26,
    27,
    28,
    29,
    30,
    31,
    32,
    33,
    34,
    35,
    36,
    37,
    38,
    39,
    40,
    41,
    42,
    43,
    44,
    45,
    46,
    47,
    48,
    49,
    50,
    51,
    52,
    53,
    54,
    55,
    56,
    57,
    58,
    59,
    60,
    61,
    62,
    63,
    64,
    65,
    66,
    67,
    68,
    69,
    70,
    71,
    72,
    73,
    74,
    75,
    76,
    77,
    78,
    79,
    80,
    81,
    82,
    83,
    84,
    85,
    86,
    87,
    88,
    89,
    90,
    91,
    92,
    93,
    94,
    95,
    96,
    97
  ],
  "train_loss": [
    0.6840097308158875,
    0.25813940167427063,
    0.22715692222118378,
    0.20242078602313995,
    0.14664669334888458,
    0.11070751398801804,
    0.09236034750938416,
    0.0861155092716217,
    0.07865532487630844,
    0.07407684624195099,
    0.06839260458946228,
    0.06613656878471375,
    0.06148241460323334,
    0.06061499938368797,
    0.05754569545388222,
    0.05711645632982254,
    0.05485973507165909,
    0.053573161363601685,
    0.05207335576415062,
    0.04936602711677551,
    0.046571098268032074,
    0.045432839542627335,
    0.04420812427997589,
    0.044272881001234055,
    0.04177132621407509,
    0.04040737450122833,
    0.03859027847647667,
    0.03657826781272888,
    0.03460277244448662,
    0.034663621336221695,
    0.034675370901823044,
    0.033905044198036194,
    0.03282061219215393,
    0.03189680725336075,
    0.033088065683841705,
    0.030584460124373436,
    0.02982264757156372,
    0.030451903119683266,
    0.029559947550296783,
    0.029520289972424507,
    0.02895154431462288,
    0.027579383924603462,
    0.0264725498855114,
    0.026218406856060028,
    0.025578046217560768,
    0.025042131543159485,
    0.02495066449046135,
    0.024455735459923744,
    0.023938436061143875,
    0.024251623079180717,
    0.023875268176198006,
    0.023868229240179062,
    0.02272312343120575,
    0.0231398344039917,
    0.022048184648156166,
    0.022359149530529976,
    0.02188650332391262,
    0.021091505885124207,
    0.02082815021276474,
    0.02073127031326294,
    0.020873358473181725,
    0.019995082169771194,
    0.020611252635717392,
    0.020617006346583366,
    0.01999671757221222,
    0.019291264936327934,
    0.019843775779008865,
    0.019402366131544113,
    0.018789498135447502,
    0.018611803650856018,
    0.018528539687395096,
    0.018488600850105286,
    0.01842878945171833,
    0.018724072724580765,
    0.0176643505692482,
    0.01790284924209118,
    0.018053563311696053,
    0.017801227048039436,
    0.017354723066091537,
    0.017894914373755455,
    0.01712707430124283,
    0.017608411610126495,
    0.01651945896446705,
    0.01640648953616619,
    0.01648024283349514,
    0.016720933839678764,
    0.016438312828540802,
    0.016752732917666435,
    0.015861721709370613,
    0.01638803631067276,
    0.0160934217274189,
    0.016681984066963196,
    0.016370536759495735,
    0.01587536744773388,
    0.016010815277695656,
    0.015888895839452744,
    0.016406890004873276,
    0.016089491546154022
  ],
  "val_loss": [
    0.8275532722473145,
    0.30348795652389526,
    0.2134629786014557,
    0.20169754326343536,
    0.16278840601444244,
    0.1031176820397377,
    0.08461509644985199,
    0.07906436920166016,
    0.07276255637407303,
    0.06778246909379959,
    0.06240389868617058,
    0.06122353672981262,
    0.05819519981741905,
    0.05567961558699608,
    0.05323963984847069,
    0.05108889937400818,
    0.05233236402273178,
    0.049997735768556595,
    0.04820798709988594,
    0.048245858401060104,
    0.04659735783934593,
    0.04319470375776291,
    0.04057129845023155,
    0.037697065621614456,
    0.03853170573711395,
    0.035826727747917175,
    0.03379280865192413,
    0.03376014158129692,
    0.030444461852312088,
    0.029342565685510635,
    0.032678090035915375,
    0.029252758249640465,
    0.027807366102933884,
    0.02807645872235298,
    0.028996972367167473,
    0.02479901723563671,
    0.02550698257982731,
    0.02589222975075245,
    0.023668674752116203,
    0.02300182357430458,
    0.02203587256371975,
    0.021754862740635872,
    0.02180314250290394,
    0.021817581728100777,
    0.02034696564078331,
    0.022169047966599464,
    0.01921606808900833,
    0.01998322643339634,
    0.01865357719361782,
    0.018243875354528427,
    0.017573226243257523,
    0.01810549944639206,
    0.017716186121106148,
    0.01713152416050434,
    0.016972318291664124,
    0.015197021886706352,
    0.017948679625988007,
    0.015894804149866104,
    0.015015657991170883,
    0.015780268236994743,
    0.013911116868257523,
    0.014287698082625866,
    0.013785263523459435,
    0.015292742289602757,
    0.013329274952411652,
    0.013496407307684422,
    0.013481632806360722,
    0.012733441777527332,
    0.013000386767089367,
    0.014060070738196373,
    0.013017408549785614,
    0.01244586706161499,
    0.012437796220183372,
    0.013034921139478683,
    0.013084185309708118,
    0.012266231700778008,
    0.013524677604436874,
    0.0118614686653018,
    0.012622649781405926,
    0.012270268984138966,
    0.011774314567446709,
    0.011790107935667038,
    0.010505256243050098,
    0.010693123564124107,
    0.011244399473071098,
    0.01051327120512724,
    0.010778547264635563,
    0.010343845002353191,
    0.009956239722669125,
    0.010556752793490887,
    0.010484197176992893,
    0.01071950700134039,
    0.011474480852484703,
    0.010447587817907333,
    0.011363492347300053,
    0.010258913971483707,
    0.01034825760871172,
    0.010755910538136959,
    0.011096532456576824
  ],
  "stopped_epoch": 98
}