{
  "epochs_recorded": [
    0,
    1,
    2,
    3,
    4,
    5,
    6,
    7,
    8,
    9,
    10,
    11,
    12,
    13,
    14,
    15,
    16,
    17,
    18,
    19,
    20,
    21,
    22,
    23,
    24,
    25,
    26,
    27,
    28,
    29,
    30,
    31,
    32,
    33,
    34,
    35,
    36,
    37,
    38,
    39,
    40,
    41,
    42,
    43,
    44,
    45,
    46,
    47,
    48,
    49,
    50,
    51,
    52,
    53,
    54,
    55,
    56,
    57,
    58,
    59,
    60,
    61,
    62,
    63,
    64,
    65,
    66,
    67,
    68,
    69,
    70,
    71,
    72,
    73,
    74,
    75,
    76,
    77,
    78,
    79,
    80,
    81,
    82,
    83,
    84,
    85,
    86,
    87,
    88,
    89,
    90,
    91,
    92,
    93,
    94,
    95,
    96,
    97,
    98,
    99
  ],
  "train_loss": [
    2.4270224571228027,
    0.2667439877986908,
    0.22542648017406464,
    0.2106504589319229,
    0.2110261768102646,
    0.1985342800617218,
    0.1737488955259323,
    0.146473228931427,
    0.11759801208972931,
    0.08258801698684692,
    0.0684574544429779,
    0.06370075047016144,
    0.06221919134259224,
    0.06018573418259621,
    0.06109846010804176,
    0.06183295324444771,
    0.057714901864528656,
    0.058216605335474014,
    0.056028906255960464,
    0.054101020097732544,
    0.052391957491636276,
    0.05114717036485672,
    0.05054206773638725,
    0.048376064747571945,
    0.04602387920022011,
    0.04428904131054878,
    0.043998800218105316,
    0.04406222328543663,
    0.04227571561932564,
    0.04069533199071884,
    0.03630512207746506,
    0.03597312048077583,
    0.03624192252755165,
    0.03664841502904892,
    0.033176716417074203,
    0.034078024327754974,
    0.03219519555568695,
    0.02870463766157627,
    0.02723822370171547,
    0.027029376477003098,
    0.02677883580327034,
    0.026665758341550827,
    0.02516631782054901,
    0.02441425248980522,
    0.022981874644756317,
    0.02225782722234726,
    0.023403583094477654,
    0.024567728862166405,
    0.02712857909500599,
    0.024672159925103188,
    0.023546641692519188,
    0.022883595898747444,
    0.02335275150835514,
    0.022736942395567894,
    0.02133820950984955,
    0.020271752029657364,
    0.020854193717241287,
    0.021600160747766495,
    0.02111147902905941,
    0.021069517359137535,
    0.019892390817403793,
    0.01859574019908905,
    0.018317576497793198,
    0.019025078043341637,
    0.017627395689487457,
    0.01775309070944786,
    0.017894603312015533,
    0.018124409019947052,
    0.019405201077461243,
    0.018941057845950127,
    0.018444659188389778,
    0.014912626706063747,
    0.015051182359457016,
    0.014314692467451096,
    0.013823225162923336,
    0.014021520502865314,
    0.01791316829621792,
    0.015167360194027424,
    0.014563510194420815,
    0.013892563991248608,
    0.013487955555319786,
    0.013170164078474045,
    0.01489785872399807,
    0.01238663773983717,
    0.01197065319865942,
    0.012053215876221657,
    0.012098822742700577,
    0.011035902425646782,
    0.01178683154284954,
    0.011476435698568821,
    0.011341755278408527,
    0.012342682108283043,
    0.010911054909229279,
    0.011394144035875797,
    0.013653673231601715,
    0.011390917003154755,
    0.010624514892697334,
    0.010731680318713188,
    0.010427270084619522,
    0.01263783685863018
  ],
  "val_loss": [
    1.003809928894043,
    0.2979004979133606,
    0.19276684522628784,
    0.1812717765569687,
    0.17710700631141663,
    0.1716230809688568,
    0.14957338571548462,
    0.12545189261436462,
    0.10325364023447037,
    0.0778520405292511,
    0.05330949276685715,
    0.0490826852619648,
    0.04839708283543587,
    0.047788456082344055,
    0.048971857875585556,
    0.04694512486457825,
    0.04535884037613869,
    0.04487013444304466,
    0.050274524837732315,
    0.04178016632795334,
    0.04281794652342796,
    0.04099060967564583,
    0.04069121181964874,
    0.03844442963600159,
    0.037752147763967514,
    0.034472089260816574,
    0.037878766655921936,
    0.04170340672135353,
    0.037131018936634064,
    0.034093428403139114,
    0.031147293746471405,
    0.02819697931408882,
    0.025811851024627686,
    0.02822352573275566,
    0.026900913566350937,
    0.02744036726653576,
    0.025860847905278206,
    0.024504676461219788,
    0.021462660282850266,
    0.02062057889997959,
    0.019970184192061424,
    0.019984310492873192,
    0.020062293857336044,
    0.01929047890007496,
    0.019605711102485657,
    0.018067944794893265,
    0.02040843479335308,
    0.017628967761993408,
    0.025548068806529045,
    0.018747907131910324,
    0.018990669399499893,
    0.018613668158650398,
    0.018411803990602493,
    0.018251538276672363,
    0.019472258165478706,
    0.016997935250401497,
    0.01788829267024994,
    0.017662297934293747,
    0.016422316431999207,
    0.01492261327803135,
    0.016082335263490677,
    0.014518695883452892,
    0.01601981557905674,
    0.015142584219574928,
    0.014451513066887856,
    0.015190968289971352,
    0.014470409601926804,
    0.012521708384156227,
    0.01978006213903427,
    0.013398289680480957,
    0.01555556058883667,
    0.013029205612838268,
    0.010781057178974152,
    0.011090517044067383,
    0.010554020293056965,
    0.00954147893935442,
    0.012566573917865753,
    0.014995165169239044,
    0.010423116385936737,
    0.012840289622545242,
    0.010863972827792168,
    0.008518126793205738,
    0.01606423780322075,
    0.008008779026567936,
    0.007967387326061726,
    0.009818599559366703,
    0.007723580580204725,
    0.009570418857038021,
    0.007972847670316696,
    0.008074852637946606,
    0.007250030059367418,
    0.010667023248970509,
    0.00820128247141838,
    0.006453054491430521,
    0.013063804246485233,
    0.010601751506328583,
    0.006845214404165745,
    0.005940312519669533,
    0.006772245746105909,
    0.009522849693894386,
    0.006959301419556141
  ],
  "stopped_epoch": 100
}