{
  "epochs_recorded": [
    0,
    1,
    2,
    3,
    4,
    5,
    6,
    7,
    8,
    9,
    10,
    11,
    12,
    13,
    14,
    15,
    16,
    17,
    18,
    19,
    20,
    21,
    22,
    23,
    24,
    25,
    26,
    27,
    28,
    29,
    30,
    31,
    32,
    33,
    34,
    35,
    36,
    37,
    38,
    39,
    40,
    41,
    42
  ],
  "train_loss": [
    0.6909816861152649,
    0.27236565947532654,
    0.2343330830335617,
    0.2122960239648819,
    0.15047115087509155,
    0.10956036299467087,
    0.08960174769163132,
    0.07294216752052307,
    0.06433822214603424,
    0.062136515974998474,
    0.05768883228302002,
    0.05548911914229393,
    0.055388644337654114,
    0.05553809180855751,
    0.05416001006960869,
    0.0507357120513916,
    0.050692200660705566,
    0.05070113018155098,
    0.0506894588470459,
    0.049472376704216,
    0.04846195876598358,
    0.046515513211488724,
    0.048559561371803284,
    0.047944631427526474,
    0.046160988509655,
    0.0447469986975193,
    0.044923681765794754,
    0.04393026977777481,
    0.04361812770366669,
    0.04336747154593468,
    0.0468064546585083,
    0.043123532086610794,
    0.0409882627427578,
    0.040234290063381195,
    0.04067520052194595,
    0.041424140334129333,
    0.041252925992012024,
    0.04236260801553726,
    0.041392721235752106,
    0.04090122878551483,
    0.03846471384167671,
    0.03842052444815636,
    0.038628123700618744
  ],
  "val_loss": [
    0.7091876864433289,
    0.2159879356622696,
    0.18728823959827423,
    0.18359056115150452,
    0.14871111512184143,
    0.13560138642787933,
    0.06806481629610062,
    0.06195396929979324,
    0.0557076558470726,
    0.055159397423267365,
    0.051918670535087585,
    0.046987418085336685,
    0.04391307011246681,
    0.044041577726602554,
    0.04325157031416893,
    0.043781768530607224,
    0.039935074746608734,
    0.04108187556266785,
    0.04609110206365585,
    0.04504983499646187,
    0.04417414590716362,
    0.04053359851241112,
    0.050224870443344116,
    0.044702138751745224,
    0.038798898458480835,
    0.03803889825940132,
    0.03697989135980606,
    0.03939361870288849,
    0.040143996477127075,
    0.04005257040262222,
    0.038392599672079086,
    0.03608488664031029,
    0.036424633115530014,
    0.03506448119878769,
    0.03556288778781891,
    0.03589930012822151,
    0.03609739616513252,
    0.03997097909450531,
    0.0352957546710968,
    0.04241786152124405,
    0.03676967695355415,
    0.03548474609851837,
    0.03665350377559662,
    0.03997853398323059
  ],
  "stopped_epoch": 43
}