{
  "epochs_recorded": [
    0,
    1,
    2,
    3,
    4,
    5,
    6,
    7,
    8,
    9,
    10,
    11,
    12,
    13,
    14,
    15,
    16,
    17,
    18,
    19,
    20,
    21,
    22,
    23,
    24,
    25,
    26,
    27,
    28,
    29,
    30,
    31,
    32,
    33,
    34,
    35,
    36,
    37,
    38,
    39,
    40,
    41,
    42,
    43,
    44,
    45,
    46,
    47,
    48,
    49,
    50,
    51,
    52,
    53,
    54,
    55,
    56,
    57,
    58,
    59,
    60,
    61,
    62,
    63,
    64,
    65,
    66,
    67,
    68,
    69
  ],
  "train_loss": [
    1.6786234378814697,
    1.41111159324646,
    1.3916858434677124,
    1.140315294265747,
    0.9819643497467041,
    0.8297396898269653,
    0.7280652523040771,
    0.7300679087638855,
    0.6825534105300903,
    0.7365388870239258,
    0.6554194688796997,
    0.6608958840370178,
    0.6687707901000977,
    0.6445034742355347,
    0.5987171530723572,
    0.5922826528549194,
    0.5829278230667114,
    0.6754200458526611,
    0.5834633708000183,
    0.5874770879745483,
    0.5706143975257874,
    0.5606108903884888,
    0.5587583184242249,
    0.5913499593734741,
    0.5672858357429504,
    0.55540931224823,
    0.5711732506752014,
    0.5540810823440552,
    0.5132923722267151,
    0.5466619729995728,
    0.5335655212402344,
    0.5476060509681702,
    0.5579433441162109,
    0.5349345207214355,
    0.5407161712646484,
    0.5486611723899841,
    0.5477360486984253,
    0.5345757007598877,
    0.5617548227310181,
    0.5214970707893372,
    0.5737613439559937,
    0.5409548878669739,
    0.5497254133224487,
    0.5494078397750854,
    0.5249283909797668,
    0.5161537528038025,
    0.530074954032898,
    0.5416518449783325,
    0.5667834281921387,
    0.5291769504547119,
    0.5045279860496521,
    0.5284489989280701,
    0.5315057039260864,
    0.5281041860580444,
    0.5208026170730591,
    0.5365501642227173,
    0.5256984233856201,
    0.5179314017295837,
    0.5555887818336487,
    0.5506716370582581,
    0.5347115993499756,
    0.541771411895752,
    0.5267371535301208,
    0.5315789580345154,
    0.5309975147247314,
    0.531888484954834,
    0.5020509958267212,
    0.6147254705429077,
    0.5815956592559814,
    0.54826819896698
  ],
  "val_loss": [
    1.6264853477478027,
    0.7493643164634705,
    0.2623291313648224,
    0.30079570412635803,
    0.1942899376153946,
    0.591683030128479,
    0.4063340723514557,
    0.268812358379364,
    0.1857347935438156,
    0.15489645302295685,
    0.1459118127822876,
    0.1426706165075302,
    0.13697826862335205,
    0.12201259285211563,
    0.12393712997436523,
    0.17048469185829163,
    0.10718642920255661,
    0.11320703476667404,
    0.11490204185247421,
    0.11363384127616882,
    0.10654964298009872,
    0.10086336731910706,
    0.1263432651758194,
    0.19263462722301483,
    0.13315744698047638,
    0.11720964312553406,
    0.10136835277080536,
    0.09852484613656998,
    0.09831336885690689,
    0.10023433715105057,
    0.09567829966545105,
    0.0976606160402298,
    0.09344926476478577,
    0.09358317404985428,
    0.09320896863937378,
    0.09014645218849182,
    0.09020018577575684,
    0.08742893487215042,
    0.08888639509677887,
    0.15035273134708405,
    0.09259334206581116,
    0.09250742942094803,
    0.08999647945165634,
    0.09115764498710632,
    0.09074006974697113,
    0.08532257378101349,
    0.08561957627534866,
    0.08373384177684784,
    0.08394715934991837,
    0.08333955705165863,
    0.08347803354263306,
    0.08409494161605835,
    0.0841999277472496,
    0.08417118340730667,
    0.08304528892040253,
    0.08481784909963608,
    0.08379369974136353,
    0.08468698710203171,
    0.08422992378473282,
    0.08347068727016449,
    0.08276134729385376,
    0.08506126701831818,
    0.08288897573947906,
    0.08432182669639587,
    0.08472096174955368,
    0.08374486118555069,
    0.08404406905174255,
    0.08991134911775589,
    0.08940356969833374,
    0.09823598712682724,
    0.11208448559045792
  ],
  "stopped_epoch": 70
}