{
  "epochs_recorded": [
    0,
    1,
    2,
    3,
    4,
    5,
    6,
    7,
    8,
    9,
    10,
    11,
    12,
    13,
    14,
    15,
    16,
    17,
    18,
    19,
    20,
    21
  ],
  "train_loss": [
    66.0303955078125,
    2.018749713897705,
    0.5814536809921265,
    0.40496256947517395,
    0.35009777545928955,
    0.3133968114852905,
    0.29444316029548645,
    0.2866162061691284,
    0.2704871594905853,
    0.2686753571033478,
    0.2669561505317688,
    0.2581424415111542,
    0.25607582926750183,
    0.25510844588279724,
    0.24880185723304749,
    0.2456912398338318,
    0.24481520056724548,
    0.2475513219833374,
    0.24419042468070984,
    0.2419615387916565,
    0.24412548542022705,
    0.24227645993232727
  ],
  "val_loss": [
    2.6334965229034424,
    4.236981391906738,
    4.122084140777588,
    0.7745372653007507,
    0.737622857093811,
    0.4301236867904663,
    0.3023969531059265,
    0.2821654677391052,
    0.23353667557239532,
    0.23366405069828033,
    0.23207570612430573,
    0.23693698644638062,
    0.22734245657920837,
    0.23326370120048523,
    0.22853831946849823,
    0.22878819704055786,
    0.22922272980213165,
    0.2313190996646881,
    0.23198899626731873,
    0.22989124059677124,
    0.2314833700656891,
    0.23040840029716492,
    0.22782155871391296
  ],
  "stopped_epoch": 22
}