{
  "epochs_recorded": [
    0,
    1,
    2,
    3,
    4,
    5,
    6,
    7,
    8,
    9,
    10,
    11,
    12,
    13,
    14,
    15,
    16,
    17,
    18,
    19,
    20,
    21,
    22,
    23,
    24,
    25
  ],
  "train_loss": [
    0.6326417326927185,
    0.5575031042098999,
    0.5648033618927002,
    0.5433874130249023,
    0.5391460657119751,
    0.47985967993736267,
    0.5051761865615845,
    0.4711795151233673,
    0.5057153701782227,
    0.5078490972518921,
    0.4995841979980469,
    0.4848009943962097,
    0.4918275475502014,
    0.5117856860160828,
    0.4674643874168396,
    0.5138295888900757,
    0.5093140602111816,
    0.47821763157844543,
    0.5234701633453369,
    0.5190731287002563,
    0.5215798616409302,
    0.4952831268310547,
    0.4879310131072998,
    0.5080768465995789,
    0.4792018532752991,
    0.512903094291687
  ],
  "val_loss": [
    2.4982352256774902,
    0.08203945308923721,
    0.08610238134860992,
    0.09502610564231873,
    0.11927308142185211,
    0.08319076895713806,
    0.07561304420232773,
    0.07123469561338425,
    0.0703808069229126,
    0.07155068218708038,
    0.0720565915107727,
    0.07278052717447281,
    0.07032846659421921,
    0.07081370055675507,
    0.07113249599933624,
    0.07072862237691879,
    0.07013741880655289,
    0.4037899076938629,
    0.07309798896312714,
    0.0710977092385292,
    0.07086780667304993,
    0.07144664973020554,
    0.07181015610694885,
    0.07348909974098206,
    0.08095064759254456,
    0.07162100821733475,
    0.07159765809774399
  ],
  "stopped_epoch": 26
}