{
  "epochs_recorded": [
    0,
    1,
    2,
    3,
    4,
    5,
    6,
    7,
    8,
    9,
    10,
    11,
    12,
    13,
    14,
    15
  ],
  "train_loss": [
    1.1203712224960327,
    1.0538384914398193,
    0.9691051244735718,
    0.9280567169189453,
    0.7938756346702576,
    0.8977103233337402,
    0.823645293712616,
    0.8048387169837952,
    0.7672388553619385,
    0.7397882342338562,
    0.7106823325157166,
    0.6557291150093079,
    0.8030035495758057,
    0.7563802003860474,
    0.5840559005737305,
    0.6690753698348999
  ],
  "val_loss": [
    0.42393791675567627,
    0.6070798635482788,
    0.37037524580955505,
    0.20961861312389374,
    0.18156969547271729,
    0.15977172553539276,
    0.1236005574464798,
    0.14675824344158173,
    0.1814064085483551,
    0.26601549983024597,
    0.18205907940864563,
    0.2740154564380646,
    0.12366324663162231,
    0.3168773949146271,
    0.19467177987098694,
    0.12817451357841492,
    0.24400299787521362
  ],
  "stopped_epoch": 16
}