{
  "epochs_recorded": [
    0,
    1,
    2,
    3,
    4,
    5,
    6,
    7,
    8,
    9,
    10,
    11,
    12,
    13,
    14,
    15,
    16,
    17,
    18,
    19,
    20,
    21,
    22,
    23,
    24
  ],
  "train_loss": [
    1.5868504047393799,
    1.1379244327545166,
    0.853754460811615,
    0.6359909176826477,
    0.5967322587966919,
    0.5598159432411194,
    0.5831383466720581,
    0.5342174768447876,
    0.5465664267539978,
    0.4923092722892761,
    0.4661361575126648,
    0.46015024185180664,
    0.47802096605300903,
    0.48298704624176025,
    0.460996150970459,
    0.4994286298751831,
    0.4786093235015869,
    0.46260547637939453,
    0.4812597334384918,
    0.5142887830734253,
    0.506273090839386,
    0.4893169701099396,
    0.47849002480506897,
    0.49470749497413635,
    0.4579058289527893
  ],
  "val_loss": [
    7.0792741775512695,
    0.45288151502609253,
    0.39029043912887573,
    0.16553035378456116,
    0.1817316859960556,
    0.1705755591392517,
    0.23807089030742645,
    0.19531279802322388,
    0.15801745653152466,
    0.13374537229537964,
    0.08368398994207382,
    0.07562967389822006,
    0.07113660126924515,
    0.07105038315057755,
    0.07116669416427612,
    0.07094243913888931,
    0.07116656005382538,
    0.07148952782154083,
    0.07111580669879913,
    0.07152396440505981,
    0.07196438312530518,
    0.07177286595106125,
    0.0713907852768898,
    0.07147087901830673,
    0.07172760367393494,
    0.07167378813028336
  ],
  "stopped_epoch": 25
}