{
  "epochs_recorded": [
    0,
    1,
    2,
    3,
    4,
    5,
    6,
    7,
    8,
    9,
    10,
    11,
    12,
    13,
    14,
    15,
    16,
    17,
    18,
    19,
    20,
    21,
    22,
    23,
    24,
    25,
    26,
    27,
    28,
    29,
    30,
    31,
    32,
    33,
    34,
    35,
    36,
    37,
    38,
    39,
    40,
    41,
    42,
    43,
    44,
    45,
    46,
    47,
    48,
    49,
    50,
    51,
    52,
    53,
    54,
    55,
    56,
    57,
    58,
    59,
    60,
    61,
    62,
    63,
    64,
    65,
    66,
    67,
    68,
    69,
    70,
    71,
    72,
    73,
    74,
    75,
    76,
    77,
    78,
    79,
    80
  ],
  "train_loss": [
    0.15961019694805145,
    0.10094597935676575,
    0.08767852932214737,
    0.08257701247930527,
    0.07826647907495499,
    0.07599679380655289,
    0.07338188588619232,
    0.07252496480941772,
    0.07162929326295853,
    0.06913874298334122,
    0.06948437541723251,
    0.06731721013784409,
    0.06484952569007874,
    0.0658719390630722,
    0.06517653167247772,
    0.06348501890897751,
    0.06329689174890518,
    0.0628022849559784,
    0.062406159937381744,
    0.062187377363443375,
    0.06134572625160217,
    0.060998376458883286,
    0.059285469353199005,
    0.06004483252763748,
    0.05967813357710838,
    0.05908144637942314,
    0.058934539556503296,
    0.059066276997327805,
    0.05764542147517204,
    0.05781960487365723,
    0.05727018043398857,
    0.05791690945625305,
    0.05667557567358017,
    0.056779347360134125,
    0.05678461119532585,
    0.05645358934998512,
    0.055970292538404465,
    0.05647925287485123,
    0.05531695857644081,
    0.0549766980111599,
    0.05600355938076973,
    0.05543752759695053,
    0.05481364578008652,
    0.05477765575051308,
    0.05495505779981613,
    0.05471186339855194,
    0.05392356216907501,
    0.05427394062280655,
    0.05390240624547005,
    0.05378568544983864,
    0.0537068136036396,
    0.053773585706949234,
    0.05367662012577057,
    0.05406484007835388,
    0.05319837108254433,
    0.053575549274683,
    0.05330118164420128,
    0.05309196561574936,
    0.05323159694671631,
    0.05293288081884384,
    0.05229239538311958,
    0.052697863429784775,
    0.0529630184173584,
    0.05241454020142555,
    0.052203334867954254,
    0.05301555246114731,
    0.05288888141512871,
    0.05256206914782524,
    0.052786048501729965,
    0.0521320141851902,
    0.05226646363735199,
    0.052336063235998154,
    0.052154138684272766,
    0.05240432173013687,
    0.05209021270275116,
    0.0517459474503994,
    0.051981907337903976,
    0.05184634029865265,
    0.0520067922770977,
    0.05167689174413681,
    0.051722120493650436
  ],
  "val_loss": [
    0.3561125695705414,
    0.10784466564655304,
    0.0753747746348381,
    0.07403188198804855,
    0.07101809233427048,
    0.07045616954565048,
    0.0697968527674675,
    0.06929723918437958,
    0.06883367896080017,
    0.06843484193086624,
    0.06826290488243103,
    0.06794673204421997,
    0.06758131086826324,
    0.06786315888166428,
    0.06701483577489853,
    0.06697848439216614,
    0.06682297587394714,
    0.0666632205247879,
    0.06613349914550781,
    0.06605562567710876,
    0.06596764922142029,
    0.06541351228952408,
    0.0657232329249382,
    0.06508190929889679,
    0.06505420804023743,
    0.06517603993415833,
    0.06434405595064163,
    0.0647120550274849,
    0.06436650454998016,
    0.06405910849571228,
    0.06404159963130951,
    0.06362760812044144,
    0.06477124989032745,
    0.0634634792804718,
    0.06334900856018066,
    0.06404538452625275,
    0.06361211836338043,
    0.06307324767112732,
    0.06371032446622849,
    0.06340824067592621,
    0.06273926794528961,
    0.06281928718090057,
    0.062676340341568,
    0.06357076019048691,
    0.06266079843044281,
    0.06355414539575577,
    0.06285200268030167,
    0.06245945021510124,
    0.06326381117105484,
    0.06240333244204521,
    0.06253235042095184,
    0.06299716234207153,
    0.0623670294880867,
    0.06291913241147995,
    0.06326696276664734,
    0.062402792274951935,
    0.0633009821176529,
    0.062404174357652664,
    0.06216957047581673,
    0.0622439943253994,
    0.06267036497592926,
    0.0621972382068634,
    0.06218612194061279,
    0.06301440298557281,
    0.06208628788590431,
    0.06236802414059639,
    0.062166593968868256,
    0.06252387166023254,
    0.062104567885398865,
    0.06399055570363998,
    0.062262166291475296,
    0.06176339089870453,
    0.06358065456151962,
    0.06271347403526306,
    0.062036871910095215,
    0.06209777668118477,
    0.06207731366157532,
    0.0632471889257431,
    0.0627843588590622,
    0.061890941113233566,
    0.06323690712451935,
    0.062126435339450836
  ],
  "stopped_epoch": 81
}