{
  "epochs_recorded": [
    0,
    1,
    2,
    3,
    4,
    5,
    6,
    7,
    8,
    9,
    10,
    11,
    12,
    13,
    14,
    15,
    16,
    17,
    18,
    19,
    20,
    21,
    22,
    23,
    24,
    25,
    26,
    27,
    28,
    29,
    30,
    31,
    32,
    33,
    34,
    35,
    36,
    37
  ],
  "train_loss": [
    2.54093074798584,
    2.2134976387023926,
    1.9434797763824463,
    1.8549327850341797,
    2.1505136489868164,
    1.843317985534668,
    1.6262543201446533,
    1.4783508777618408,
    1.47456693649292,
    1.2798302173614502,
    1.1121423244476318,
    1.0052036046981812,
    0.9421921372413635,
    0.8219475150108337,
    0.6894954442977905,
    0.6580737829208374,
    0.6831768751144409,
    0.8099290132522583,
    0.6979813575744629,
    0.676538348197937,
    0.6323587894439697,
    0.6420950889587402,
    0.7155559062957764,
    0.6044415235519409,
    0.6189090609550476,
    0.6019341945648193,
    0.5959619879722595,
    0.5907983779907227,
    0.5917692184448242,
    0.5764949321746826,
    0.6572864055633545,
    0.5897018313407898,
    0.6488398313522339,
    0.5915868878364563,
    0.5785031914710999,
    0.5913151502609253,
    0.5699048638343811,
    0.5754523277282715
  ],
  "val_loss": [
    0.5662219524383545,
    0.511481761932373,
    0.5059111714363098,
    0.48591774702072144,
    0.46360892057418823,
    0.14448198676109314,
    0.15794292092323303,
    0.20515140891075134,
    0.24364013969898224,
    0.10217292606830597,
    0.1276438981294632,
    0.3959483802318573,
    0.8016251921653748,
    0.2931976914405823,
    0.17075622081756592,
    0.12135469168424606,
    0.09693901240825653,
    0.09072559326887131,
    0.08361490070819855,
    0.07537946105003357,
    0.0731264129281044,
    0.07093270868062973,
    0.07144078612327576,
    0.07107914984226227,
    0.06953771412372589,
    0.06516984850168228,
    0.06358492374420166,
    0.0626351609826088,
    0.060280755162239075,
    0.06056440249085426,
    0.06136589124798775,
    0.061666976660490036,
    0.06269720196723938,
    0.06046495586633682,
    0.06401903927326202,
    0.06499999761581421,
    0.06310077756643295,
    0.06334669888019562,
    0.06197469308972359
  ],
  "stopped_epoch": 38
}