{
  "epochs_recorded": [
    0,
    1,
    2,
    3,
    4,
    5,
    6,
    7,
    8,
    9,
    10,
    11,
    12,
    13,
    14,
    15,
    16,
    17,
    18,
    19,
    20,
    21,
    22,
    23,
    24,
    25
  ],
  "train_loss": [
    0.9499595761299133,
    0.729358434677124,
    0.5998203754425049,
    0.55857253074646,
    0.5557411313056946,
    0.5408886075019836,
    0.5367276072502136,
    0.5463412404060364,
    0.5282350778579712,
    0.5322669744491577,
    0.5203644633293152,
    0.5154278874397278,
    0.5147895216941833,
    0.533198893070221,
    0.5085653066635132,
    0.5110669136047363,
    0.4997352361679077,
    0.5282317399978638,
    0.5127356052398682,
    0.5200906991958618,
    0.5132638812065125,
    0.5129218101501465,
    0.5002556443214417,
    0.5263369083404541,
    0.5163797736167908,
    0.5165641903877258
  ],
  "val_loss": [
    1.494225025177002,
    1.2270781993865967,
    0.19769878685474396,
    0.12490930408239365,
    0.10597310215234756,
    0.10463473945856094,
    0.10436797142028809,
    0.11203131079673767,
    0.09956277161836624,
    0.09591484069824219,
    0.08991707116365433,
    0.09445211291313171,
    0.0940600112080574,
    0.09526396542787552,
    0.10061158239841461,
    0.08688191324472427,
    0.08462323993444443,
    0.0903928205370903,
    0.08724410086870193,
    0.09426368027925491,
    0.08888223022222519,
    0.08907249569892883,
    0.0848127156496048,
    0.08812829852104187,
    0.09677879512310028,
    0.0939507707953453,
    0.08898968994617462
  ],
  "stopped_epoch": 26
}