{
  "epochs_recorded": [
    0,
    1,
    2,
    3,
    4,
    5,
    6,
    7,
    8,
    9,
    10,
    11,
    12,
    13,
    14,
    15,
    16,
    17,
    18,
    19,
    20,
    21,
    22,
    23,
    24,
    25,
    26,
    27,
    28,
    29,
    30,
    31,
    32,
    33,
    34,
    35,
    36,
    37,
    38,
    39,
    40,
    41,
    42,
    43,
    44,
    45,
    46,
    47,
    48,
    49,
    50,
    51,
    52,
    53,
    54,
    55
  ],
  "train_loss": [
    0.9176572561264038,
    0.6893002986907959,
    0.6102992296218872,
    0.591397762298584,
    0.6217684745788574,
    0.6509157419204712,
    0.596241295337677,
    0.5896438360214233,
    0.564322292804718,
    0.5286021828651428,
    0.5332982540130615,
    0.529723048210144,
    0.5304569005966187,
    0.5241722464561462,
    0.5144601464271545,
    0.5171241164207458,
    0.5093419551849365,
    0.527977705001831,
    0.5246254205703735,
    0.5330195426940918,
    0.529453694820404,
    0.5244669318199158,
    0.5058515071868896,
    0.5395869612693787,
    0.5207366943359375,
    0.5188592672348022,
    0.5179791450500488,
    0.5175453424453735,
    0.4880269467830658,
    0.525189995765686,
    0.5046376585960388,
    0.515661895275116,
    0.5022123456001282,
    0.5024269819259644,
    0.5116082429885864,
    0.5134183764457703,
    0.49608659744262695,
    0.5187953114509583,
    0.511893093585968,
    0.486677885055542,
    0.5256759524345398,
    0.5236382484436035,
    0.5392806529998779,
    0.5330654978752136,
    0.5175857543945312,
    0.49538758397102356,
    0.5027201175689697,
    0.5027570128440857,
    0.5220280289649963,
    0.5107784271240234,
    0.5131784081459045,
    0.5153006911277771,
    0.5096747875213623,
    0.5181676149368286,
    0.5200517773628235,
    0.5125834345817566
  ],
  "val_loss": [
    1.5283005237579346,
    0.19165275990962982,
    0.1489487886428833,
    0.14040392637252808,
    0.10798395425081253,
    0.1037585660815239,
    0.10940370708703995,
    0.1061336100101471,
    0.11176096647977829,
    0.11084594577550888,
    0.1363898515701294,
    2.5671322345733643,
    1.9499250650405884,
    0.37692439556121826,
    1.175176978111267,
    0.08596239238977432,
    0.08530018478631973,
    0.09222305566072464,
    0.09400292485952377,
    0.08993871510028839,
    0.08692120760679245,
    0.08446669578552246,
    0.08721752464771271,
    0.08610393851995468,
    0.08660610020160675,
    0.0887211412191391,
    0.08440186828374863,
    0.11033159494400024,
    0.08885747939348221,
    0.08335727453231812,
    0.0836746022105217,
    0.08930762112140656,
    0.08223185688257217,
    0.08206724375486374,
    0.08370265364646912,
    0.08781864494085312,
    0.08594467490911484,
    0.0840485543012619,
    0.08181139081716537,
    0.08178313076496124,
    0.08650825172662735,
    0.08289703726768494,
    0.08440973609685898,
    0.0848517194390297,
    0.09278050065040588,
    0.08277807384729385,
    0.08015547692775726,
    0.0830751433968544,
    0.08479108661413193,
    0.08174088597297668,
    0.08450081199407578,
    0.08540806174278259,
    0.08634801208972931,
    0.08104842156171799,
    0.08475273102521896,
    0.09473776072263718,
    0.08773589879274368
  ],
  "stopped_epoch": 56
}