{
  "epochs_recorded": [
    0,
    1,
    2,
    3,
    4,
    5,
    6,
    7,
    8,
    9,
    10,
    11,
    12,
    13,
    14,
    15,
    16,
    17,
    18,
    19,
    20,
    21,
    22,
    23,
    24,
    25,
    26,
    27,
    28,
    29,
    30,
    31,
    32,
    33,
    34,
    35,
    36,
    37,
    38,
    39,
    40,
    41,
    42,
    43,
    44,
    45
  ],
  "train_loss": [
    1.2044827938079834,
    1.0231361389160156,
    0.8844265341758728,
    0.7893375158309937,
    1.1990268230438232,
    0.7308700084686279,
    0.7595099210739136,
    0.7194480895996094,
    0.6335644721984863,
    0.7060860395431519,
    0.6758618950843811,
    0.6397197246551514,
    0.6632471084594727,
    0.6316580772399902,
    0.6133869886398315,
    0.5963144302368164,
    0.6123052835464478,
    0.6142095923423767,
    0.6022113561630249,
    0.6179905533790588,
    0.5912593603134155,
    0.6037781238555908,
    0.5898475050926208,
    0.615183413028717,
    0.6481837630271912,
    0.5970416069030762,
    0.634053111076355,
    0.5767606496810913,
    0.5396572947502136,
    0.5595147609710693,
    0.5614029169082642,
    0.5845900774002075,
    0.5989181995391846,
    0.5456877946853638,
    0.5709797143936157,
    0.5863543152809143,
    0.5295436382293701,
    0.5769925117492676,
    0.543485164642334,
    0.5612913370132446,
    0.583538830280304,
    0.5643289089202881,
    0.713638186454773,
    0.5845361948013306,
    0.5824345350265503,
    0.5379630923271179
  ],
  "val_loss": [
    1.5740259885787964,
    0.3328683376312256,
    0.29106876254081726,
    0.206838458776474,
    0.19581535458564758,
    0.2069605439901352,
    0.1752750426530838,
    0.1887870728969574,
    0.16273292899131775,
    0.1536482274532318,
    0.1639815717935562,
    0.1578235626220703,
    0.16475065052509308,
    0.1346716433763504,
    0.1321934163570404,
    0.13218377530574799,
    0.12706579267978668,
    0.12516626715660095,
    0.12195152044296265,
    0.1237887591123581,
    0.11800748109817505,
    0.12500444054603577,
    0.11662091314792633,
    0.10992200672626495,
    0.12447235733270645,
    0.14385107159614563,
    0.11560041457414627,
    0.11711855232715607,
    0.1055217757821083,
    0.25117743015289307,
    0.12231272459030151,
    0.10540185868740082,
    0.0993141159415245,
    0.10979826748371124,
    0.0984598845243454,
    0.09935218095779419,
    0.09632944315671921,
    0.10085658729076385,
    0.09844508022069931,
    0.09877131134271622,
    0.10863544791936874,
    0.3000476360321045,
    0.13416777551174164,
    0.18118195235729218,
    0.15247851610183716,
    0.09707015752792358,
    0.10182582587003708
  ],
  "stopped_epoch": 46
}