{
  "epochs_recorded": [
    0,
    1,
    2,
    3,
    4,
    5,
    6,
    7,
    8,
    9,
    10,
    11,
    12,
    13,
    14,
    15,
    16,
    17,
    18,
    19,
    20,
    21,
    22,
    23,
    24,
    25,
    26,
    27,
    28
  ],
  "train_loss": [
    1.0502017736434937,
    0.9476407766342163,
    0.8943398594856262,
    0.77141273021698,
    0.9057731032371521,
    0.7696930766105652,
    0.7876383066177368,
    0.7539767026901245,
    0.6629526615142822,
    0.6109936237335205,
    0.5878607034683228,
    0.5839471817016602,
    0.5847130417823792,
    0.6619718074798584,
    0.5931769013404846,
    0.6827042698860168,
    0.5583781003952026,
    0.5432500839233398,
    0.5836372971534729,
    0.6047964096069336,
    0.5804781317710876,
    0.5961790680885315,
    0.531076192855835,
    0.5995943546295166,
    0.5004295110702515,
    0.5333297848701477,
    0.5190236568450928,
    0.5186548233032227,
    0.5817776322364807
  ],
  "val_loss": [
    1.511026382446289,
    0.1477530598640442,
    0.1387462615966797,
    0.11108268052339554,
    0.11945050954818726,
    0.13533915579319,
    0.10330057144165039,
    0.10603416711091995,
    0.0899951159954071,
    0.08828046172857285,
    0.08925004303455353,
    0.08892358094453812,
    0.09158290922641754,
    0.09321801364421844,
    0.08816208690404892,
    0.09428120404481888,
    0.08670666813850403,
    0.08837302029132843,
    0.08706311136484146,
    0.08524271100759506,
    0.08708848059177399,
    0.09048895537853241,
    0.0902208611369133,
    0.08847362548112869,
    0.08974535763263702,
    0.08667461574077606,
    0.09255988895893097,
    0.08971506357192993,
    0.08590380847454071,
    0.08676260709762573
  ],
  "stopped_epoch": 29
}