{
  "epochs_recorded": [
    0,
    1,
    2,
    3,
    4,
    5,
    6,
    7,
    8,
    9,
    10,
    11,
    12,
    13,
    14,
    15,
    16,
    17,
    18,
    19,
    20,
    21,
    22,
    23,
    24,
    25,
    26,
    27,
    28,
    29,
    30,
    31,
    32,
    33,
    34,
    35,
    36,
    37,
    38,
    39,
    40,
    41,
    42,
    43,
    44,
    45,
    46,
    47,
    48,
    49,
    50,
    51,
    52,
    53,
    54,
    55,
    56,
    57,
    58,
    59,
    60,
    61,
    62,
    63,
    64,
    65,
    66,
    67,
    68,
    69,
    70,
    71,
    72,
    73,
    74,
    75,
    76,
    77,
    78,
    79,
    80,
    81,
    82,
    83,
    84
  ],
  "train_loss": [
    0.7446529865264893,
    0.23701615631580353,
    0.1864255666732788,
    0.1432839035987854,
    0.0729135051369667,
    0.058052025735378265,
    0.051355477422475815,
    0.04462392255663872,
    0.04241875559091568,
    0.03857159987092018,
    0.03589046746492386,
    0.03386774659156799,
    0.03089778497815132,
    0.029039423912763596,
    0.026885902509093285,
    0.025188017636537552,
    0.023960234597325325,
    0.022223446518182755,
    0.020772472023963928,
    0.019602132961153984,
    0.018484456464648247,
    0.017909830436110497,
    0.017479831352829933,
    0.016139505431056023,
    0.01545810978859663,
    0.014698590151965618,
    0.014478303492069244,
    0.01408830564469099,
    0.013062721118330956,
    0.01374958734959364,
    0.014425316825509071,
    0.012582276947796345,
    0.011808796785771847,
    0.011723317205905914,
    0.012018868699669838,
    0.011289800517261028,
    0.011134413070976734,
    0.011155392043292522,
    0.010408223606646061,
    0.010896696709096432,
    0.010460189543664455,
    0.010379279032349586,
    0.009497243911027908,
    0.009914315305650234,
    0.00933483149856329,
    0.009293305687606335,
    0.009228557348251343,
    0.00878332182765007,
    0.008910366334021091,
    0.008915008045732975,
    0.008926636539399624,
    0.008423380553722382,
    0.008467545732855797,
    0.008358856663107872,
    0.008040127344429493,
    0.008101147599518299,
    0.008080977015197277,
    0.0075589860789477825,
    0.008045828901231289,
    0.007867003791034222,
    0.007453701924532652,
    0.00755807152017951,
    0.007618564181029797,
    0.00728041073307395,
    0.007701918948441744,
    0.007343423552811146,
    0.007084297016263008,
    0.00722575793042779,
    0.0069732265546917915,
    0.007351816166192293,
    0.006974617950618267,
    0.007078471593558788,
    0.006517825182527304,
    0.006724419072270393,
    0.006633509416133165,
    0.006636122241616249,
    0.006494828965514898,
    0.006427146960049868,
    0.0063398899510502815,
    0.00626823864877224,
    0.006556985899806023,
    0.006801784038543701,
    0.00669838534668088,
    0.006541652139276266,
    0.006412380840629339
  ],
  "val_loss": [
    0.41294634342193604,
    0.3204859495162964,
    0.1600123643875122,
    0.14557433128356934,
    0.0775844007730484,
    0.05063535273075104,
    0.04393802583217621,
    0.03864065930247307,
    0.03653811290860176,
    0.03423545882105827,
    0.031093211844563484,
    0.02847500890493393,
    0.02644861303269863,
    0.023995185270905495,
    0.022003235295414925,
    0.021370412781834602,
    0.018553517758846283,
    0.01675223745405674,
    0.015616212040185928,
    0.01356795895844698,
    0.01320489402860403,
    0.011696350760757923,
    0.011773854494094849,
    0.011043679900467396,
    0.010013534687459469,
    0.00939942616969347,
    0.00901904795318842,
    0.009587813168764114,
    0.008840594440698624,
    0.008644623681902885,
    0.009744917042553425,
    0.007274421863257885,
    0.007080490700900555,
    0.006357992067933083,
    0.0061887698248028755,
    0.006902699358761311,
    0.0065583582036197186,
    0.006901582702994347,
    0.0056660110130906105,
    0.005317754112184048,
    0.0057094465009868145,
    0.005734000820666552,
    0.005795678123831749,
    0.004892826545983553,
    0.005732577294111252,
    0.004300701431930065,
    0.004318688064813614,
    0.003961244132369757,
    0.004245290532708168,
    0.004086402244865894,
    0.004142420366406441,
    0.0043875668197870255,
    0.004369267262518406,
    0.0046169147826731205,
    0.004286342766135931,
    0.0037934714928269386,
    0.004220087081193924,
    0.00355540425516665,
    0.003641358343884349,
    0.0038570279721170664,
    0.0032965827267616987,
    0.00329005578532815,
    0.004455035552382469,
    0.003149201162159443,
    0.003225846914574504,
    0.0032878112979233265,
    0.003748075570911169,
    0.0035257095005363226,
    0.003352447645738721,
    0.0031144351232796907,
    0.00434526102617383,
    0.0029957368969917297,
    0.0029285282362252474,
    0.0033828080631792545,
    0.0028936052694916725,
    0.0025802496820688248,
    0.002734313951805234,
    0.00325586786493659,
    0.0031231262255460024,
    0.0026464364491403103,
    0.0030497091356664896,
    0.003473652061074972,
    0.003582647768780589,
    0.0032405725214630365,
    0.0037421712186187506,
    0.002868904732167721
  ],
  "stopped_epoch": 85
}