{
  "epochs_recorded": [
    0,
    1,
    2,
    3,
    4,
    5,
    6,
    7,
    8,
    9,
    10,
    11,
    12,
    13,
    14,
    15,
    16,
    17,
    18,
    19,
    20,
    21,
    22,
    23,
    24,
    25,
    26,
    27,
    28,
    29,
    30,
    31,
    32,
    33,
    34,
    35,
    36,
    37,
    38,
    39,
    40,
    41,
    42,
    43,
    44,
    45
  ],
  "train_loss": [
    0.7954363822937012,
    0.640907347202301,
    0.626173734664917,
    0.5840884447097778,
    0.5385265350341797,
    0.5360692143440247,
    0.5531511306762695,
    0.5215797424316406,
    0.5426304340362549,
    0.5359457731246948,
    0.49715012311935425,
    0.4823676645755768,
    0.49379482865333557,
    0.48979777097702026,
    0.47641119360923767,
    0.4932219386100769,
    0.4804442524909973,
    0.47855621576309204,
    0.47289714217185974,
    0.4887019395828247,
    0.47455596923828125,
    0.46850770711898804,
    0.4597337245941162,
    0.4683722257614136,
    0.45253872871398926,
    0.46664971113204956,
    0.4674586355686188,
    0.4488379955291748,
    0.4769790470600128,
    0.47142159938812256,
    0.4518250524997711,
    0.45151928067207336,
    0.46979719400405884,
    0.46820709109306335,
    0.46325212717056274,
    0.46103811264038086,
    0.4545964300632477,
    0.4490194618701935,
    0.45333802700042725,
    0.4567171037197113,
    0.4523570239543915,
    0.45466017723083496,
    0.4624481797218323,
    0.44681304693222046,
    0.45505625009536743,
    0.455614298582077
  ],
  "val_loss": [
    1.2771066427230835,
    0.1131344884634018,
    0.10279644280672073,
    0.09710872918367386,
    0.13819895684719086,
    0.1110704317688942,
    0.5962257981300354,
    0.10375566780567169,
    0.15127578377723694,
    0.08337549865245819,
    0.13337276875972748,
    0.1513286828994751,
    0.07296740263700485,
    0.08280780166387558,
    0.12476348131895065,
    0.08763419091701508,
    0.08057250827550888,
    0.0981915071606636,
    0.0827965959906578,
    0.05200575664639473,
    0.05868535488843918,
    0.0481644831597805,
    0.04199513420462608,
    0.05783835053443909,
    0.07456129044294357,
    0.06731203198432922,
    0.06986918300390244,
    0.03912629932165146,
    0.05302231013774872,
    0.050769902765750885,
    0.04265982657670975,
    0.07803601026535034,
    0.1613360047340393,
    0.17451706528663635,
    0.1305341124534607,
    0.11093749105930328,
    0.03363456577062607,
    0.11513680219650269,
    0.07106760144233704,
    0.03823745995759964,
    0.2631376385688782,
    0.09739954024553299,
    0.1815786212682724,
    0.12563687562942505,
    0.24585776031017303,
    0.03408658504486084,
    0.09829406440258026
  ],
  "stopped_epoch": 46
}