{
  "epochs_recorded": [
    0,
    1,
    2,
    3,
    4,
    5,
    6,
    7,
    8,
    9,
    10,
    11,
    12,
    13,
    14,
    15,
    16,
    17,
    18,
    19,
    20,
    21,
    22,
    23,
    24,
    25,
    26,
    27,
    28,
    29,
    30,
    31,
    32,
    33,
    34,
    35,
    36,
    37,
    38,
    39,
    40,
    41,
    42,
    43,
    44,
    45,
    46,
    47,
    48,
    49,
    50,
    51,
    52,
    53,
    54,
    55,
    56,
    57,
    58
  ],
  "train_loss": [
    0.6767498254776001,
    0.5967080593109131,
    0.5335330367088318,
    0.4991077482700348,
    0.4938376545906067,
    0.5036572217941284,
    0.47598955035209656,
    0.47935229539871216,
    0.46826085448265076,
    0.49653398990631104,
    0.47529807686805725,
    0.47737836837768555,
    0.4736197292804718,
    0.463132381439209,
    0.46708619594573975,
    0.47278669476509094,
    0.45571577548980713,
    0.48177677392959595,
    0.4668245315551758,
    0.4650490880012512,
    0.46043872833251953,
    0.47270330786705017,
    0.4739699363708496,
    0.46505850553512573,
    0.4765161871910095,
    0.4761826992034912,
    0.4556949734687805,
    0.4609784781932831,
    0.45326247811317444,
    0.45959073305130005,
    0.4598143398761749,
    0.45955729484558105,
    0.4608331024646759,
    0.47745656967163086,
    0.4598226249217987,
    0.45430707931518555,
    0.45413684844970703,
    0.4580272436141968,
    0.4717824459075928,
    0.45595523715019226,
    0.468022882938385,
    0.46041446924209595,
    0.45351722836494446,
    0.4705914855003357,
    0.4550495147705078,
    0.45510154962539673,
    0.456299364566803,
    0.46250802278518677,
    0.4680747985839844,
    0.4661540389060974,
    0.4529965817928314,
    0.4852258563041687,
    0.4536360502243042,
    0.4602842628955841,
    0.4569152295589447,
    0.4572005867958069,
    0.47998133301734924,
    0.45412731170654297,
    0.4690279960632324
  ],
  "val_loss": [
    0.588805615901947,
    2.746368408203125,
    0.7639033794403076,
    0.21659846603870392,
    0.1758391559123993,
    0.12225182354450226,
    0.09182380884885788,
    0.09343116730451584,
    0.0714099183678627,
    0.04916435107588768,
    0.06751292198896408,
    0.07746369391679764,
    0.07661204785108566,
    0.05349409580230713,
    0.06777379661798477,
    0.048259247094392776,
    0.04101214557886124,
    0.05637550726532936,
    0.05121544748544693,
    0.04111001640558243,
    0.04163232445716858,
    0.04079531505703926,
    0.038433779031038284,
    0.039090126752853394,
    0.03896750137209892,
    0.04061446338891983,
    0.03940403833985329,
    0.038375671952962875,
    0.03906840458512306,
    0.04576887935400009,
    0.038367267698049545,
    0.060865096747875214,
    0.04079722240567207,
    0.054716676473617554,
    0.03832060471177101,
    0.03820062801241875,
    0.048955775797367096,
    0.04564949497580528,
    0.04171104356646538,
    0.040655460208654404,
    0.037928737699985504,
    0.04358258098363876,
    0.04068026691675186,
    0.03995203971862793,
    0.043036919087171555,
    0.06703779846429825,
    0.038060858845710754,
    0.03920181840658188,
    0.04281574860215187,
    0.036252211779356,
    0.054959703236818314,
    0.0649784654378891,
    0.059061452746391296,
    0.036705534905195236,
    0.04052617400884628,
    0.03828511759638786,
    0.04135790839791298,
    0.03642632067203522,
    0.04320644214749336,
    0.04191989824175835
  ],
  "stopped_epoch": 59
}