{
  "epochs_recorded": [
    0,
    1,
    2,
    3,
    4,
    5,
    6,
    7,
    8,
    9,
    10,
    11,
    12,
    13,
    14,
    15,
    16,
    17,
    18,
    19,
    20,
    21,
    22,
    23,
    24,
    25,
    26,
    27,
    28,
    29,
    30,
    31,
    32,
    33,
    34,
    35,
    36,
    37,
    38,
    39,
    40,
    41,
    42,
    43,
    44,
    45,
    46,
    47,
    48,
    49,
    50,
    51,
    52,
    53,
    54,
    55,
    56,
    57,
    58,
    59,
    60,
    61,
    62,
    63,
    64,
    65,
    66,
    67,
    68,
    69,
    70,
    71,
    72,
    73,
    74,
    75,
    76
  ],
  "train_loss": [
    0.8329084515571594,
    0.7091761827468872,
    0.6684753894805908,
    0.5915594100952148,
    0.6649895906448364,
    0.5804952383041382,
    0.5292399525642395,
    0.520122766494751,
    0.5067542195320129,
    0.5158323049545288,
    0.5077835917472839,
    0.6884111166000366,
    0.6113845109939575,
    0.5866661071777344,
    0.5414395928382874,
    0.5245429277420044,
    0.49622368812561035,
    0.5150761604309082,
    0.5071043372154236,
    0.5106964707374573,
    0.49996671080589294,
    0.5217938423156738,
    0.5178824663162231,
    0.5018971562385559,
    0.5055034756660461,
    0.48875874280929565,
    0.4849916994571686,
    0.49515673518180847,
    0.4729272127151489,
    0.4816853106021881,
    0.4761202037334442,
    0.4696870446205139,
    0.4721025824546814,
    0.4809926450252533,
    0.47311294078826904,
    0.466962993144989,
    0.4715067148208618,
    0.470303475856781,
    0.493446946144104,
    0.5083495378494263,
    0.4860282838344574,
    0.47592800855636597,
    0.4586215317249298,
    0.48048070073127747,
    0.468816339969635,
    0.4607134163379669,
    0.4693172872066498,
    0.46913260221481323,
    0.4766470193862915,
    0.4767260253429413,
    0.4596058130264282,
    0.5002819895744324,
    0.4737977683544159,
    0.47153863310813904,
    0.466846227645874,
    0.46839556097984314,
    0.47607848048210144,
    0.4620225131511688,
    0.4875907003879547,
    0.47389525175094604,
    0.46946626901626587,
    0.4646531641483307,
    0.4814163148403168,
    0.4657158851623535,
    0.46680986881256104,
    0.4698690176010132,
    0.46764713525772095,
    0.4612341523170471,
    0.479289710521698,
    0.46956053376197815,
    0.4983696937561035,
    0.46850910782814026,
    0.47058817744255066,
    0.46796855330467224,
    0.46113160252571106,
    0.4689077138900757,
    0.4661692678928375
  ],
  "val_loss": [
    0.5057968497276306,
    0.3462419807910919,
    0.40080931782722473,
    0.1500205397605896,
    0.11093538254499435,
    0.16393710672855377,
    0.1460980325937271,
    0.07849396765232086,
    0.07224949449300766,
    0.0786658525466919,
    0.06280861794948578,
    0.06988745927810669,
    0.4805600345134735,
    0.19908098876476288,
    0.08978311717510223,
    0.06477630883455276,
    0.05701415240764618,
    0.053505152463912964,
    0.05173022672533989,
    0.049817781895399094,
    0.05038529261946678,
    0.05184577777981758,
    0.04894181713461876,
    0.051333408802747726,
    0.0649750679731369,
    0.049907136708498,
    0.04390040412545204,
    0.046738363802433014,
    0.04405326023697853,
    0.04217006266117096,
    0.04313857853412628,
    0.044593364000320435,
    0.04212707653641701,
    0.04608788341283798,
    0.03867831826210022,
    0.03994183987379074,
    0.04287280887365341,
    0.0391024574637413,
    0.03945721313357353,
    0.03989703953266144,
    0.04575818404555321,
    0.04117116332054138,
    0.03803429380059242,
    0.03892678767442703,
    0.03906278312206268,
    0.03856030851602554,
    0.037605639547109604,
    0.038683872669935226,
    0.040734052658081055,
    0.040049247443675995,
    0.039507001638412476,
    0.03765325993299484,
    0.03798693045973778,
    0.03782613202929497,
    0.039241112768650055,
    0.039080191403627396,
    0.03751017525792122,
    0.03879044950008392,
    0.037689633667469025,
    0.039356280118227005,
    0.03984924405813217,
    0.039830584079027176,
    0.03928355872631073,
    0.040811970829963684,
    0.037353627383708954,
    0.03733149915933609,
    0.039067406207323074,
    0.036790817975997925,
    0.03852304071187973,
    0.037138599902391434,
    0.03696305677294731,
    0.03686346486210823,
    0.03803732991218567,
    0.03794900327920914,
    0.03971422091126442,
    0.03704763948917389,
    0.036821600049734116,
    0.04053286463022232
  ],
  "stopped_epoch": 77
}