{
  "epochs_recorded": [
    0,
    1,
    2,
    3,
    4,
    5,
    6,
    7,
    8,
    9,
    10,
    11,
    12,
    13,
    14,
    15,
    16,
    17,
    18,
    19,
    20,
    21,
    22,
    23,
    24,
    25,
    26,
    27,
    28,
    29,
    30,
    31,
    32,
    33,
    34,
    35,
    36,
    37,
    38,
    39,
    40,
    41,
    42,
    43,
    44,
    45,
    46,
    47,
    48,
    49,
    50,
    51,
    52,
    53,
    54,
    55,
    56
  ],
  "train_loss": [
    0.4103623926639557,
    0.2642345726490021,
    0.24829402565956116,
    0.19548870623111725,
    0.15097913146018982,
    0.1256086826324463,
    0.1030760407447815,
    0.08989789336919785,
    0.08436491340398788,
    0.08211459964513779,
    0.07908228039741516,
    0.07539790123701096,
    0.07533244788646698,
    0.07210173457860947,
    0.06857100874185562,
    0.06575125455856323,
    0.06502608954906464,
    0.06708215177059174,
    0.06266816705465317,
    0.058636490255594254,
    0.05763218551874161,
    0.05771064758300781,
    0.05366959422826767,
    0.049884043633937836,
    0.05186237767338753,
    0.04915264621376991,
    0.05064665898680687,
    0.0473487414419651,
    0.046202678233385086,
    0.041689518839120865,
    0.04324314743280411,
    0.04013415426015854,
    0.03868213668465614,
    0.040176376700401306,
    0.0364549346268177,
    0.03520838916301727,
    0.034361619502305984,
    0.03234301507472992,
    0.032572802156209946,
    0.033705949783325195,
    0.033035896718502045,
    0.03694916516542435,
    0.03649606928229332,
    0.03307007625699043,
    0.03220582753419876,
    0.03135399520397186,
    0.03107220120728016,
    0.029790911823511124,
    0.03276105970144272,
    0.029731489717960358,
    0.028293918818235397,
    0.02840753085911274,
    0.029853856191039085,
    0.030647777020931244,
    0.030215535312891006,
    0.02830299362540245,
    0.027593908831477165
  ],
  "val_loss": [
    1.5661768913269043,
    0.24171604216098785,
    0.2268548458814621,
    0.21006426215171814,
    0.136254221200943,
    0.11599557846784592,
    0.09285518527030945,
    0.10220102965831757,
    0.08895593881607056,
    0.08039505034685135,
    0.07365799695253372,
    0.0674094557762146,
    0.06945274025201797,
    0.07032996416091919,
    0.06448116153478622,
    0.06397321075201035,
    0.07002310454845428,
    0.07164464890956879,
    0.06400132924318314,
    0.06123507022857666,
    0.05356254428625107,
    0.051319099962711334,
    0.04733656719326973,
    0.04744134843349457,
    0.049144044518470764,
    0.041697729378938675,
    0.04225831478834152,
    0.03786231204867363,
    0.04635629057884216,
    0.03469839692115784,
    0.035483166575431824,
    0.030893439427018166,
    0.03333510830998421,
    0.034111954271793365,
    0.032223667949438095,
    0.03096177987754345,
    0.029278067871928215,
    0.0265310350805521,
    0.025262512266635895,
    0.024490222334861755,
    0.027962766587734222,
    0.03675325959920883,
    0.03304761275649071,
    0.02695629745721817,
    0.031154396012425423,
    0.03115365467965603,
    0.02380921132862568,
    0.020086713135242462,
    0.024966323748230934,
    0.02216404490172863,
    0.022769048810005188,
    0.024874892085790634,
    0.02829195000231266,
    0.024726951494812965,
    0.024692926555871964,
    0.025480804964900017,
    0.023308949545025826,
    0.02257417142391205
  ],
  "stopped_epoch": 57
}