{
  "epochs_recorded": [
    0,
    1,
    2,
    3,
    4,
    5,
    6,
    7,
    8,
    9,
    10,
    11,
    12,
    13,
    14,
    15,
    16,
    17,
    18,
    19,
    20,
    21,
    22,
    23,
    24,
    25,
    26,
    27,
    28,
    29,
    30,
    31,
    32,
    33,
    34,
    35,
    36,
    37,
    38,
    39,
    40,
    41,
    42,
    43,
    44,
    45,
    46,
    47,
    48
  ],
  "train_loss": [
    1.089447021484375,
    0.9743941426277161,
    0.8315616250038147,
    0.5952807664871216,
    0.7362563610076904,
    0.5461529493331909,
    0.5052765607833862,
    0.5026023387908936,
    0.5022928714752197,
    0.5167677998542786,
    0.5038778185844421,
    0.5238277912139893,
    0.48371386528015137,
    0.4627833366394043,
    0.48374608159065247,
    0.47425100207328796,
    0.46125975251197815,
    0.46214979887008667,
    0.49240821599960327,
    0.46305322647094727,
    0.470732718706131,
    0.502014696598053,
    0.4815024137496948,
    0.47400346398353577,
    0.4613006114959717,
    0.4693053960800171,
    0.45270049571990967,
    0.47422704100608826,
    0.45495325326919556,
    0.44232019782066345,
    0.45638608932495117,
    0.45731741189956665,
    0.43891024589538574,
    0.4446456730365753,
    0.45054832100868225,
    0.4493323564529419,
    0.449528306722641,
    0.45852410793304443,
    0.4695129990577698,
    0.4439000189304352,
    0.44135499000549316,
    0.43677932024002075,
    0.44833433628082275,
    0.4525691270828247,
    0.44493651390075684,
    0.44060373306274414,
    0.44538614153862,
    0.442328542470932,
    0.4468249976634979
  ],
  "val_loss": [
    0.7077240943908691,
    0.23067983984947205,
    0.2866010367870331,
    0.2402806431055069,
    0.6864628791809082,
    0.25302714109420776,
    0.10676563531160355,
    0.09242349863052368,
    0.07916117459535599,
    0.07925229519605637,
    0.09893938153982162,
    0.08380580693483353,
    0.07638763636350632,
    0.07625696808099747,
    0.07274755090475082,
    0.07161838561296463,
    0.07068099081516266,
    0.0705191120505333,
    0.07032252103090286,
    0.07046192139387131,
    0.0701274573802948,
    0.06978533416986465,
    0.0696529895067215,
    0.06910157203674316,
    0.06669139117002487,
    0.059714414179325104,
    0.05541842058300972,
    0.06743533909320831,
    0.0391228124499321,
    0.03142334893345833,
    0.043318748474121094,
    0.028126195073127747,
    0.03244398906826973,
    0.03565378114581108,
    0.029291894286870956,
    0.02923455275595188,
    0.04463588818907738,
    0.03371555730700493,
    0.028446996584534645,
    0.026105206459760666,
    0.027047088369727135,
    0.02651727758347988,
    0.026732545346021652,
    0.03877333924174309,
    0.03063441812992096,
    0.04172997549176216,
    0.026859741657972336,
    0.039264120161533356,
    0.054324373602867126,
    0.036125555634498596
  ],
  "stopped_epoch": 49
}