{
  "epochs_recorded": [
    0,
    1,
    2,
    3,
    4,
    5,
    6,
    7,
    8,
    9,
    10,
    11,
    12,
    13,
    14,
    15,
    16,
    17,
    18,
    19,
    20,
    21,
    22,
    23
  ],
  "train_loss": [
    0.7174022793769836,
    0.21026787161827087,
    0.16159261763095856,
    0.12693296372890472,
    0.10611554235219955,
    0.08895131200551987,
    0.08356574177742004,
    0.07833056896924973,
    0.07306833565235138,
    0.06952131539583206,
    0.06699341535568237,
    0.06467276811599731,
    0.06250082701444626,
    0.06162853538990021,
    0.059302106499671936,
    0.05985260382294655,
    0.059037432074546814,
    0.05884365737438202,
    0.059141580015420914,
    0.05764450877904892,
    0.05778899043798447,
    0.055777180939912796,
    0.057307057082653046,
    0.05758920684456825
  ],
  "val_loss": [
    0.755983293056488,
    0.23398278653621674,
    0.16095894575119019,
    0.10138703137636185,
    0.08179517835378647,
    0.0668569877743721,
    0.05709090083837509,
    0.051895871758461,
    0.04962111636996269,
    0.04896629974246025,
    0.049369048327207565,
    0.04922887682914734,
    0.04805464297533035,
    0.048695143312215805,
    0.04710238426923752,
    0.049927178770303726,
    0.05399569496512413,
    0.056129876524209976,
    0.05052053555846214,
    0.04803939163684845,
    0.05163693428039551,
    0.05606862157583237,
    0.05580272153019905,
    0.05114950239658356,
    0.05922171473503113
  ],
  "stopped_epoch": 24
}