{
  "epochs_recorded": [
    0,
    1,
    2,
    3,
    4,
    5,
    6,
    7,
    8,
    9,
    10,
    11,
    12,
    13,
    14,
    15,
    16,
    17,
    18,
    19,
    20,
    21,
    22,
    23,
    24,
    25,
    26,
    27,
    28,
    29,
    30,
    31,
    32
  ],
  "train_loss": [
    0.735090970993042,
    0.5366849899291992,
    0.5334731340408325,
    0.49672967195510864,
    0.47998499870300293,
    0.48180630803108215,
    0.4665136933326721,
    0.48280030488967896,
    0.4768945574760437,
    0.4830910563468933,
    0.4736737906932831,
    0.5240507125854492,
    0.47112202644348145,
    0.4592829942703247,
    0.4815211892127991,
    0.4717872738838196,
    0.4611831605434418,
    0.4577180743217468,
    0.5070255398750305,
    0.46571943163871765,
    0.47089916467666626,
    0.5040012001991272,
    0.4839637279510498,
    0.4771154224872589,
    0.46729353070259094,
    0.47946637868881226,
    0.46490830183029175,
    0.4948509931564331,
    0.49832284450531006,
    0.46287307143211365,
    0.49860790371894836,
    0.48573851585388184,
    0.472175270318985
  ],
  "val_loss": [
    1.756340742111206,
    1.2165223360061646,
    0.10283437371253967,
    0.08590012788772583,
    0.07787171006202698,
    0.07604791969060898,
    0.07180489599704742,
    0.07027826458215714,
    0.07027986645698547,
    0.07129600644111633,
    0.07114234566688538,
    0.07014669477939606,
    0.07581806182861328,
    0.07508418709039688,
    0.07287421822547913,
    0.07165700197219849,
    0.07011818140745163,
    0.07180936634540558,
    0.07728032767772675,
    0.0741020143032074,
    0.07148449867963791,
    0.06995651125907898,
    0.0710795521736145,
    0.06934194266796112,
    0.07037147134542465,
    0.07047724723815918,
    0.07136492431163788,
    0.07057490944862366,
    0.06941372156143188,
    0.07116670161485672,
    0.07085353881120682,
    0.07067502290010452,
    0.0697784349322319,
    0.0719192624092102
  ],
  "stopped_epoch": 33
}