{
  "epochs_recorded": [
    0,
    1,
    2,
    3,
    4,
    5,
    6,
    7,
    8,
    9,
    10,
    11,
    12,
    13,
    14,
    15,
    16,
    17,
    18,
    19,
    20,
    21,
    22,
    23,
    24,
    25,
    26,
    27,
    28,
    29,
    30,
    31,
    32,
    33,
    34,
    35,
    36,
    37,
    38,
    39,
    40,
    41,
    42,
    43,
    44,
    45,
    46,
    47,
    48,
    49,
    50,
    51,
    52,
    53,
    54,
    55,
    56,
    57,
    58,
    59,
    60,
    61,
    62,
    63,
    64,
    65,
    66,
    67,
    68,
    69,
    70,
    71,
    72,
    73,
    74,
    75,
    76,
    77,
    78,
    79,
    80,
    81,
    82,
    83,
    84,
    85,
    86,
    87,
    88,
    89,
    90,
    91,
    92,
    93,
    94,
    95,
    96,
    97,
    98,
    99
  ],
  "train_loss": [
    0.6381800174713135,
    0.26024770736694336,
    0.22854425013065338,
    0.192156583070755,
    0.1351110339164734,
    0.11596829444169998,
    0.09826873987913132,
    0.09391457587480545,
    0.0872531607747078,
    0.08124644309282303,
    0.07765268534421921,
    0.07418842613697052,
    0.07063308358192444,
    0.069278284907341,
    0.06568914651870728,
    0.06774896383285522,
    0.06363257765769958,
    0.06154128536581993,
    0.06130245700478554,
    0.0603274442255497,
    0.05944553017616272,
    0.05872463062405586,
    0.0576099269092083,
    0.05725809931755066,
    0.05567476898431778,
    0.0527842752635479,
    0.05080147832632065,
    0.049140963703393936,
    0.04702186957001686,
    0.046664509922266006,
    0.04543045908212662,
    0.04420137032866478,
    0.04455985873937607,
    0.04247002303600311,
    0.04285764321684837,
    0.04202071577310562,
    0.04057979956269264,
    0.039739929139614105,
    0.03977305814623833,
    0.04043930396437645,
    0.03924763202667236,
    0.0380498468875885,
    0.03754359483718872,
    0.035998426377773285,
    0.036057423800230026,
    0.035354871302843094,
    0.03531161695718765,
    0.03554356470704079,
    0.035462167114019394,
    0.035751644521951675,
    0.033921219408512115,
    0.03494085371494293,
    0.033680595457553864,
    0.034700654447078705,
    0.03276408836245537,
    0.033236149698495865,
    0.032800763845443726,
    0.03218124061822891,
    0.0313972532749176,
    0.03155060112476349,
    0.030886387452483177,
    0.031509604305028915,
    0.031528931111097336,
    0.032011326402425766,
    0.030850453302264214,
    0.030086902901530266,
    0.030020039528608322,
    0.03027573972940445,
    0.02922540158033371,
    0.028891239315271378,
    0.028646815568208694,
    0.028845729306340218,
    0.02920050173997879,
    0.028338372707366943,
    0.027880702167749405,
    0.028864681720733643,
    0.030318209901452065,
    0.029055723920464516,
    0.027424797415733337,
    0.028142793104052544,
    0.027648651972413063,
    0.02714095264673233,
    0.0278115626424551,
    0.02646694704890251,
    0.026776503771543503,
    0.027249183505773544,
    0.027493180707097054,
    0.026810869574546814,
    0.02640789933502674,
    0.026552990078926086,
    0.02670675329864025,
    0.02600080333650112,
    0.027010943740606308,
    0.02612193115055561,
    0.026032522320747375,
    0.025620806962251663,
    0.026786325499415398,
    0.026696238666772842,
    0.025115124881267548,
    0.02554861269891262
  ],
  "val_loss": [
    0.8275532722473145,
    0.2924160361289978,
    0.21963903307914734,
    0.18464413285255432,
    0.12710489332675934,
    0.11757497489452362,
    0.08187099546194077,
    0.08501169085502625,
    0.07413265109062195,
    0.07026323676109314,
    0.06442319601774216,
    0.06756988167762756,
    0.06397932767868042,
    0.061248697340488434,
    0.05748855695128441,
    0.05513513460755348,
    0.05539184436202049,
    0.05345254763960838,
    0.054161809384822845,
    0.05219874531030655,
    0.05404484272003174,
    0.05515156686306,
    0.04982343688607216,
    0.0500137135386467,
    0.05382967367768288,
    0.04763412103056908,
    0.04775635898113251,
    0.04350060597062111,
    0.04109947755932808,
    0.039680324494838715,
    0.04184135049581528,
    0.03779246285557747,
    0.03594643995165825,
    0.035812731832265854,
    0.03601233661174774,
    0.03316490724682808,
    0.03573155775666237,
    0.03254852443933487,
    0.03403715789318085,
    0.03162867948412895,
    0.033465929329395294,
    0.0334528312087059,
    0.029881492257118225,
    0.03059612773358822,
    0.02746634930372238,
    0.030144665390253067,
    0.02804151549935341,
    0.028900502249598503,
    0.02958519384264946,
    0.029376577585935593,
    0.025752952322363853,
    0.026969395577907562,
    0.02621002122759819,
    0.028798846527934074,
    0.024216243997216225,
    0.02565350942313671,
    0.0299898199737072,
    0.02349134534597397,
    0.023749878630042076,
    0.028681134805083275,
    0.02307794988155365,
    0.023048214614391327,
    0.02387182228267193,
    0.025753039866685867,
    0.02250332571566105,
    0.022266972810029984,
    0.022973395884037018,
    0.02172737754881382,
    0.02100791409611702,
    0.021110262721776962,
    0.020809536799788475,
    0.021527467295527458,
    0.02202548086643219,
    0.020053673535585403,
    0.020788369700312614,
    0.02148534543812275,
    0.0216650553047657,
    0.018424661830067635,
    0.0197676382958889,
    0.019100220873951912,
    0.01994367130100727,
    0.021113499999046326,
    0.01960441656410694,
    0.01958686299622059,
    0.0211845263838768,
    0.016826031729578972,
    0.019092848524451256,
    0.018994469195604324,
    0.016411229968070984,
    0.016953911632299423,
    0.016342297196388245,
    0.016449328511953354,
    0.017096180468797684,
    0.01598242111504078,
    0.01913396082818508,
    0.017752738669514656,
    0.017267528921365738,
    0.01756179891526699,
    0.017800815403461456,
    0.01666351407766342,
    0.015527176670730114
  ],
  "stopped_epoch": 100
}