{
  "epochs_recorded": [
    0,
    1,
    2,
    3,
    4,
    5,
    6,
    7,
    8,
    9,
    10,
    11,
    12,
    13,
    14,
    15,
    16,
    17,
    18,
    19,
    20,
    21,
    22,
    23,
    24,
    25,
    26,
    27,
    28,
    29,
    30,
    31,
    32,
    33,
    34,
    35,
    36,
    37,
    38,
    39,
    40,
    41,
    42,
    43,
    44,
    45
  ],
  "train_loss": [
    0.9064555764198303,
    0.8321294784545898,
    0.6790146827697754,
    0.6128135919570923,
    1.2087287902832031,
    0.5574854612350464,
    0.516395092010498,
    0.4964069426059723,
    0.4891950488090515,
    0.4650358259677887,
    0.46368923783302307,
    0.4622148275375366,
    0.448608934879303,
    0.45260176062583923,
    0.4474811255931854,
    0.44708070158958435,
    0.4442029595375061,
    0.4467422664165497,
    0.4551980197429657,
    0.4438422620296478,
    0.4433538317680359,
    0.4528731405735016,
    0.4488265812397003,
    0.44601380825042725,
    0.43793410062789917,
    0.448466420173645,
    0.4469076693058014,
    0.44851458072662354,
    0.45312362909317017,
    0.44267070293426514,
    0.4472796618938446,
    0.44693925976753235,
    0.448891818523407,
    0.4497224688529968,
    0.4565666913986206,
    0.4490923285484314,
    0.4465014636516571,
    0.4551001191139221,
    0.4543237090110779,
    0.43704167008399963,
    0.44216188788414,
    0.440483421087265,
    0.44305482506752014,
    0.4585413634777069,
    0.4551435112953186,
    0.4413415193557739
  ],
  "val_loss": [
    7.510134696960449,
    0.6610050201416016,
    1.1212458610534668,
    0.3086964786052704,
    0.18882426619529724,
    0.14747104048728943,
    0.2205984890460968,
    0.1496267318725586,
    0.07896384596824646,
    0.08091101050376892,
    0.1387137919664383,
    0.10568004846572876,
    0.02407415397465229,
    0.04865617677569389,
    0.03558020293712616,
    0.023153558373451233,
    0.025490248575806618,
    0.03398793935775757,
    0.0767940804362297,
    0.03236348554491997,
    0.13571321964263916,
    0.02095860429108143,
    0.03956593945622444,
    0.03533710166811943,
    0.04030563682317734,
    0.03905695676803589,
    0.0349910631775856,
    0.08342166990041733,
    0.01973126083612442,
    0.0407228097319603,
    0.16777588427066803,
    0.024310268461704254,
    0.06480581313371658,
    0.021210843697190285,
    0.026066040620207787,
    0.0645868182182312,
    0.017728257924318314,
    0.023433484137058258,
    0.059746209532022476,
    0.08263391256332397,
    0.02003427781164646,
    0.017848007380962372,
    0.019205207005143166,
    1.6335307359695435,
    0.0789044201374054,
    0.02834411710500717,
    0.021841594949364662
  ],
  "stopped_epoch": 46
}