{
  "epochs_recorded": [
    0,
    1,
    2,
    3,
    4,
    5,
    6,
    7,
    8,
    9,
    10,
    11,
    12,
    13,
    14,
    15,
    16,
    17,
    18,
    19,
    20,
    21,
    22,
    23,
    24,
    25
  ],
  "train_loss": [
    0.7595233917236328,
    0.6066564917564392,
    0.5567120909690857,
    0.5403866171836853,
    0.49531009793281555,
    0.4976791739463806,
    0.47821399569511414,
    0.4816953241825104,
    0.48500722646713257,
    0.4868691861629486,
    0.4736851155757904,
    0.5122100114822388,
    0.4495760500431061,
    0.4400893747806549,
    0.4613175690174103,
    0.45665255188941956,
    0.4605666399002075,
    0.4467795789241791,
    0.4544999301433563,
    0.4435373842716217,
    0.4419408142566681,
    0.46535924077033997,
    0.44960322976112366,
    0.4461742639541626,
    0.4456338584423065,
    0.4540426731109619
  ],
  "val_loss": [
    0.8527689576148987,
    4.0395917892456055,
    0.21898186206817627,
    0.09344080090522766,
    0.07645858079195023,
    0.07608266919851303,
    0.07528699189424515,
    0.07338149100542068,
    0.07209973782300949,
    0.07106325775384903,
    0.07084392756223679,
    0.06996765732765198,
    0.07011598348617554,
    0.056190527975559235,
    0.5046207904815674,
    0.027871709316968918,
    0.024688949808478355,
    0.06969716399908066,
    0.04046482965350151,
    0.030298851430416107,
    0.11903014779090881,
    0.0531686395406723,
    0.05862288549542427,
    0.029734324663877487,
    0.060480937361717224,
    0.043069276958703995,
    0.029486946761608124
  ],
  "stopped_epoch": 26
}