{
  "epochs_recorded": [
    0,
    1,
    2,
    3,
    4,
    5,
    6,
    7,
    8,
    9,
    10,
    11,
    12,
    13,
    14,
    15,
    16,
    17,
    18,
    19,
    20,
    21,
    22,
    23,
    24,
    25,
    26,
    27,
    28,
    29,
    30,
    31,
    32,
    33,
    34,
    35,
    36,
    37,
    38,
    39,
    40,
    41,
    42
  ],
  "train_loss": [
    2.8062703609466553,
    2.3878207206726074,
    2.618011951446533,
    2.710026502609253,
    2.5202431678771973,
    1.8899345397949219,
    1.5960602760314941,
    1.6126716136932373,
    1.5856812000274658,
    1.4150354862213135,
    1.4205936193466187,
    1.4232244491577148,
    1.3976190090179443,
    1.3187730312347412,
    1.2048174142837524,
    1.1827151775360107,
    1.2087277173995972,
    1.1952481269836426,
    1.1531224250793457,
    1.212317705154419,
    1.2649011611938477,
    1.1090278625488281,
    1.1046180725097656,
    1.0467405319213867,
    1.1183252334594727,
    1.0938456058502197,
    1.0651246309280396,
    1.0253043174743652,
    0.9990585446357727,
    0.9764177799224854,
    1.006277322769165,
    0.9192619323730469,
    1.1527533531188965,
    0.9952919483184814,
    1.0062389373779297,
    0.9568537473678589,
    0.9679794311523438,
    0.9192098379135132,
    1.0242483615875244,
    0.882317841053009,
    1.0450389385223389,
    0.9536557197570801,
    1.0038702487945557
  ],
  "val_loss": [
    1.1566627025604248,
    1.4079322814941406,
    1.273551344871521,
    1.1720526218414307,
    1.045395016670227,
    0.8836560845375061,
    0.679678201675415,
    0.5795012712478638,
    0.43513035774230957,
    0.37979331612586975,
    0.34067970514297485,
    0.3124113976955414,
    0.27939844131469727,
    0.26642850041389465,
    0.25042489171028137,
    0.22931501269340515,
    0.21861736476421356,
    0.2086266130208969,
    0.20294103026390076,
    0.2004774808883667,
    0.1975756138563156,
    0.18687382340431213,
    0.18461304903030396,
    0.18354274332523346,
    0.1740521937608719,
    0.17291398346424103,
    0.17259837687015533,
    0.1711231768131256,
    0.17175056040287018,
    0.16606281697750092,
    0.17375271022319794,
    0.17254796624183655,
    0.1703522503376007,
    0.16210956871509552,
    0.1694273054599762,
    0.1724412590265274,
    0.16913330554962158,
    0.17080703377723694,
    0.17447254061698914,
    0.17514973878860474,
    0.17739702761173248,
    0.16738787293434143,
    0.16400274634361267,
    0.17630507051944733
  ],
  "stopped_epoch": 43
}