{
  "epochs_recorded": [
    0,
    1,
    2,
    3,
    4,
    5,
    6,
    7,
    8,
    9,
    10,
    11,
    12,
    13,
    14,
    15,
    16,
    17,
    18,
    19,
    20,
    21,
    22,
    23,
    24,
    25,
    26,
    27,
    28,
    29,
    30,
    31,
    32,
    33,
    34,
    35,
    36,
    37,
    38,
    39,
    40,
    41,
    42,
    43,
    44,
    45,
    46,
    47,
    48,
    49,
    50,
    51,
    52,
    53,
    54,
    55,
    56,
    57,
    58,
    59,
    60,
    61,
    62,
    63,
    64,
    65,
    66,
    67,
    68,
    69,
    70,
    71
  ],
  "train_loss": [
    0.5579861998558044,
    0.23970001935958862,
    0.18675418198108673,
    0.14032815396785736,
    0.11572225391864777,
    0.09972847253084183,
    0.09146980941295624,
    0.08779004216194153,
    0.08477490395307541,
    0.08163036406040192,
    0.07937062531709671,
    0.07867104560136795,
    0.07587821781635284,
    0.07429981231689453,
    0.07209920883178711,
    0.07147812098264694,
    0.070201575756073,
    0.06934057176113129,
    0.06863973289728165,
    0.06830170005559921,
    0.06599834561347961,
    0.06598272919654846,
    0.06401463598012924,
    0.0651998445391655,
    0.06505633145570755,
    0.06468962877988815,
    0.0630449578166008,
    0.06157567352056503,
    0.06293229013681412,
    0.06048126146197319,
    0.05990609526634216,
    0.060350287705659866,
    0.06006545573472977,
    0.06178414449095726,
    0.06274756044149399,
    0.0615428164601326,
    0.061653804033994675,
    0.05886751785874367,
    0.0577327236533165,
    0.05823628976941109,
    0.058329448103904724,
    0.05895692855119705,
    0.05738098546862602,
    0.057871799916028976,
    0.05806369334459305,
    0.05682462826371193,
    0.05631409212946892,
    0.057359084486961365,
    0.0576501227915287,
    0.057926636189222336,
    0.05687689781188965,
    0.05660387501120567,
    0.05741234868764877,
    0.056482456624507904,
    0.0557437501847744,
    0.056990090757608414,
    0.056104231625795364,
    0.056657761335372925,
    0.05544374883174896,
    0.05608117952942848,
    0.055835429579019547,
    0.05646691471338272,
    0.05605979263782501,
    0.05532446503639221,
    0.05660327523946762,
    0.055541496723890305,
    0.05582370236515999,
    0.05693526193499565,
    0.05660558119416237,
    0.056567393243312836,
    0.05720404163002968,
    0.05684225633740425
  ],
  "val_loss": [
    1.799460768699646,
    0.3257909417152405,
    0.19530025124549866,
    0.14064843952655792,
    0.10458913445472717,
    0.09265927225351334,
    0.08127839863300323,
    0.07773887366056442,
    0.07632190734148026,
    0.07490023970603943,
    0.07183229178190231,
    0.06975245475769043,
    0.06776992976665497,
    0.06851277500391006,
    0.0649728998541832,
    0.06397615373134613,
    0.06391316652297974,
    0.06241469457745552,
    0.06144392490386963,
    0.062329843640327454,
    0.0652276799082756,
    0.06188397854566574,
    0.05939255282282829,
    0.058987244963645935,
    0.0604056641459465,
    0.06602787226438522,
    0.06519323587417603,
    0.059234630316495895,
    0.06282582134008408,
    0.05943861976265907,
    0.05836818739771843,
    0.0580679215490818,
    0.0601140633225441,
    0.05820346251130104,
    0.06616387516260147,
    0.05699019506573677,
    0.058980368077754974,
    0.058668896555900574,
    0.05644034966826439,
    0.05895795673131943,
    0.05829508602619171,
    0.05855123698711395,
    0.06139392778277397,
    0.0562613382935524,
    0.05612696707248688,
    0.057588350027799606,
    0.05660605430603027,
    0.056928254663944244,
    0.05928737670183182,
    0.06032021343708038,
    0.05660253390669823,
    0.06357967853546143,
    0.0557590015232563,
    0.05709129199385643,
    0.06160868704319,
    0.05964783579111099,
    0.0579688660800457,
    0.061421558260917664,
    0.056532785296440125,
    0.05989643931388855,
    0.06005197390913963,
    0.0582038015127182,
    0.05564510449767113,
    0.060007233172655106,
    0.05634547397494316,
    0.0576566681265831,
    0.058366112411022186,
    0.057971641421318054,
    0.0671459212899208,
    0.05884271487593651,
    0.06419871002435684,
    0.05602557212114334,
    0.06637780368328094
  ],
  "stopped_epoch": 72
}