{
  "epochs_recorded": [
    0,
    1,
    2,
    3,
    4,
    5,
    6,
    7,
    8,
    9,
    10,
    11,
    12,
    13,
    14,
    15,
    16,
    17,
    18,
    19,
    20,
    21,
    22,
    23,
    24,
    25,
    26,
    27,
    28,
    29,
    30,
    31,
    32,
    33,
    34,
    35,
    36,
    37,
    38,
    39,
    40,
    41,
    42,
    43,
    44,
    45,
    46,
    47,
    48,
    49,
    50,
    51,
    52,
    53,
    54,
    55,
    56,
    57,
    58,
    59,
    60,
    61,
    62,
    63,
    64,
    65,
    66,
    67,
    68,
    69,
    70,
    71,
    72,
    73,
    74,
    75,
    76,
    77,
    78,
    79,
    80,
    81,
    82,
    83,
    84,
    85,
    86,
    87,
    88,
    89,
    90,
    91,
    92,
    93,
    94,
    95,
    96,
    97,
    98,
    99
  ],
  "train_loss": [
    0.4019868075847626,
    0.1590055525302887,
    0.11152482777833939,
    0.09446081519126892,
    0.07971861958503723,
    0.07119478285312653,
    0.06686163693666458,
    0.06310002505779266,
    0.060257650911808014,
    0.05721099674701691,
    0.055631257593631744,
    0.05355607345700264,
    0.05245613679289818,
    0.05124085023999214,
    0.049855537712574005,
    0.047909997403621674,
    0.046881671994924545,
    0.04586415737867355,
    0.04357551038265228,
    0.04240084066987038,
    0.04195087030529976,
    0.039777979254722595,
    0.03978879749774933,
    0.03755728900432587,
    0.0353100411593914,
    0.03379387408494949,
    0.032473109662532806,
    0.03178219497203827,
    0.030588531866669655,
    0.03089788928627968,
    0.02974565699696541,
    0.028144050389528275,
    0.027198798954486847,
    0.0264456644654274,
    0.026206044480204582,
    0.02518044412136078,
    0.025485215708613396,
    0.024841606616973877,
    0.023967554792761803,
    0.0235780980437994,
    0.02315939962863922,
    0.022918429225683212,
    0.02243584208190441,
    0.021464331075549126,
    0.021235791966319084,
    0.020690256729722023,
    0.020048916339874268,
    0.019908886402845383,
    0.019287358969449997,
    0.019139107316732407,
    0.018813321366906166,
    0.01848028600215912,
    0.018833035603165627,
    0.01833586022257805,
    0.018083715811371803,
    0.017575502395629883,
    0.01739520952105522,
    0.01674204133450985,
    0.016874248161911964,
    0.01646694540977478,
    0.016201438382267952,
    0.015215950086712837,
    0.01618000492453575,
    0.015547552146017551,
    0.015486416406929493,
    0.014869384467601776,
    0.01510277297347784,
    0.015153413638472557,
    0.014832594431936741,
    0.014775369316339493,
    0.013944447040557861,
    0.01409775111824274,
    0.014351142570376396,
    0.014322536066174507,
    0.0140919741243124,
    0.013520401902496815,
    0.01400310080498457,
    0.013726421631872654,
    0.01299708615988493,
    0.013218450360000134,
    0.013204446993768215,
    0.012564892880618572,
    0.012518924660980701,
    0.012474593706429005,
    0.012646999210119247,
    0.013062403537333012,
    0.013455008156597614,
    0.012747135944664478,
    0.012122493237257004,
    0.012082056142389774,
    0.012062214314937592,
    0.011821129359304905,
    0.011832863092422485,
    0.011783068999648094,
    0.011476907879114151,
    0.011411253362894058,
    0.011652444489300251,
    0.011478414759039879,
    0.01158166490495205,
    0.011761656031012535
  ],
  "val_loss": [
    1.5291721820831299,
    0.16822032630443573,
    0.10987237840890884,
    0.0982591062784195,
    0.08113350719213486,
    0.06972802430391312,
    0.06362330913543701,
    0.06275627017021179,
    0.05825928598642349,
    0.05694061890244484,
    0.056991662830114365,
    0.05422745272517204,
    0.052717164158821106,
    0.0516844317317009,
    0.05111244320869446,
    0.049288198351860046,
    0.04770442843437195,
    0.04673799127340317,
    0.04480910301208496,
    0.0426921546459198,
    0.04262057691812515,
    0.03992675244808197,
    0.03861283138394356,
    0.03473898768424988,
    0.0344071090221405,
    0.032466672360897064,
    0.031594619154930115,
    0.028651557862758636,
    0.027068089693784714,
    0.02760656550526619,
    0.028778422623872757,
    0.025778668001294136,
    0.023535702377557755,
    0.023046577349305153,
    0.022372102364897728,
    0.02202814817428589,
    0.02127177268266678,
    0.020060230046510696,
    0.02287541888654232,
    0.01855035498738289,
    0.01939445547759533,
    0.018676644191145897,
    0.01752975396811962,
    0.016286039724946022,
    0.016584256663918495,
    0.016848625615239143,
    0.01748906821012497,
    0.01506681926548481,
    0.014936022460460663,
    0.014906998723745346,
    0.014386367984116077,
    0.013897871598601341,
    0.012727740220725536,
    0.012571530416607857,
    0.013624781742691994,
    0.013070809654891491,
    0.013594456948339939,
    0.011711547151207924,
    0.011321480385959148,
    0.01333117950707674,
    0.011823742650449276,
    0.012246702797710896,
    0.011191432364284992,
    0.012040512636303902,
    0.010484689846634865,
    0.011002443730831146,
    0.013542349450290203,
    0.0099612046033144,
    0.011135736480355263,
    0.01160802599042654,
    0.009936776012182236,
    0.009807860478758812,
    0.009912791661918163,
    0.010156333446502686,
    0.01095644198358059,
    0.009419422596693039,
    0.010698879137635231,
    0.010299141518771648,
    0.009324196726083755,
    0.009128278121352196,
    0.010028863325715065,
    0.009035450406372547,
    0.00989527814090252,
    0.010504640638828278,
    0.009407704696059227,
    0.008641990832984447,
    0.010439686477184296,
    0.008850486017763615,
    0.009123986586928368,
    0.008172296918928623,
    0.008143995888531208,
    0.008506729267537594,
    0.00852243322879076,
    0.008056341670453548,
    0.008091872557997704,
    0.007805275730788708,
    0.008099467493593693,
    0.00895572267472744,
    0.007941672578454018,
    0.007850912399590015,
    0.00917279813438654
  ],
  "stopped_epoch": 100
}