{
  "epochs_recorded": [
    0,
    1,
    2,
    3,
    4,
    5,
    6,
    7,
    8,
    9,
    10,
    11,
    12,
    13,
    14,
    15,
    16,
    17
  ],
  "train_loss": [
    6.808038234710693,
    0.4414307773113251,
    0.27391260862350464,
    0.2486194670200348,
    0.23410676419734955,
    0.1610456109046936,
    0.13413366675376892,
    0.15875858068466187,
    0.11443088203668594,
    0.15287712216377258,
    0.3646811246871948,
    0.1645447015762329,
    0.1347736269235611,
    0.09475082159042358,
    0.14392909407615662,
    0.1177864670753479,
    0.09741944074630737,
    0.11910297721624374
  ],
  "val_loss": [
    0.34505322575569153,
    0.6131241321563721,
    0.09735754877328873,
    0.08810800313949585,
    0.10847602784633636,
    0.2647593021392822,
    0.1635831892490387,
    0.7948417663574219,
    0.07087807357311249,
    0.12598945200443268,
    0.13790251314640045,
    0.10073148459196091,
    0.09250404685735703,
    0.1172041967511177,
    0.20705105364322662,
    0.20643089711666107,
    0.2292390763759613,
    0.305680513381958,
    0.07536537945270538
  ],
  "stopped_epoch": 18
}