{
  "epochs_recorded": [
    0,
    1,
    2,
    3,
    4,
    5,
    6,
    7,
    8,
    9,
    10,
    11,
    12,
    13,
    14,
    15,
    16,
    17,
    18,
    19,
    20,
    21,
    22,
    23,
    24,
    25,
    26,
    27
  ],
  "train_loss": [
    1.8400568962097168,
    1.6099650859832764,
    1.3732550144195557,
    1.3096585273742676,
    1.2418286800384521,
    1.2613892555236816,
    0.9762902855873108,
    0.9084733128547668,
    0.9588309526443481,
    0.9049748182296753,
    0.8415117263793945,
    0.9701709747314453,
    0.9504604935646057,
    0.8270169496536255,
    0.8640083074569702,
    0.8268275260925293,
    0.8262162804603577,
    0.8220438957214355,
    0.9261409044265747,
    0.8347427845001221,
    0.8451427817344666,
    0.772017240524292,
    0.7664328813552856,
    0.7373575568199158,
    0.7458783388137817,
    0.8486387729644775,
    0.8582356572151184,
    0.861369252204895
  ],
  "val_loss": [
    1.4761282205581665,
    1.2369188070297241,
    0.9560132026672363,
    0.6705795526504517,
    0.458644837141037,
    0.3090149760246277,
    0.24083532392978668,
    0.21141822636127472,
    0.19004371762275696,
    0.16314193606376648,
    0.15248200297355652,
    0.13834963738918304,
    0.13885274529457092,
    0.14150434732437134,
    0.14349330961704254,
    0.147618368268013,
    0.1347714066505432,
    0.13060443103313446,
    0.12427207082509995,
    0.13410797715187073,
    0.13985221087932587,
    0.14472508430480957,
    0.14263734221458435,
    0.14187821745872498,
    0.14177504181861877,
    0.12858109176158905,
    0.13594481348991394,
    0.13235019147396088,
    0.13809964060783386
  ],
  "stopped_epoch": 28
}