{
  "epochs_recorded": [
    0,
    1,
    2,
    3,
    4,
    5,
    6,
    7,
    8,
    9,
    10,
    11,
    12,
    13,
    14,
    15,
    16,
    17,
    18,
    19,
    20,
    21,
    22,
    23,
    24,
    25,
    26,
    27,
    28,
    29,
    30,
    31,
    32,
    33,
    34,
    35,
    36,
    37,
    38,
    39,
    40,
    41,
    42,
    43,
    44,
    45,
    46,
    47,
    48,
    49,
    50,
    51
  ],
  "train_loss": [
    1.075767993927002,
    0.7331411838531494,
    0.6636747121810913,
    0.5603556632995605,
    0.5273146629333496,
    0.5127188563346863,
    0.5095115900039673,
    0.5091989636421204,
    0.50344318151474,
    0.4908766448497772,
    0.4787961542606354,
    0.519426703453064,
    0.4742423892021179,
    0.45142626762390137,
    0.47126954793930054,
    0.4692135453224182,
    0.4452526271343231,
    0.4507995545864105,
    0.4647616744041443,
    0.43948638439178467,
    0.44813719391822815,
    0.46264123916625977,
    0.45178738236427307,
    0.444158136844635,
    0.4428473711013794,
    0.4580521583557129,
    0.4408606290817261,
    0.44615912437438965,
    0.4531008303165436,
    0.442789226770401,
    0.4410213530063629,
    0.451387882232666,
    0.4437543451786041,
    0.4479614496231079,
    0.44959911704063416,
    0.44300708174705505,
    0.4455476403236389,
    0.45411399006843567,
    0.44853702187538147,
    0.4380910098552704,
    0.4414781928062439,
    0.44590508937835693,
    0.4394308030605316,
    0.446205198764801,
    0.44292303919792175,
    0.44022542238235474,
    0.44040167331695557,
    0.4452259838581085,
    0.45081329345703125,
    0.4402962625026703,
    0.43690991401672363,
    0.4416947662830353
  ],
  "val_loss": [
    1.793238878250122,
    2.2706925868988037,
    2.8968982696533203,
    0.8062698245048523,
    0.2865094840526581,
    0.09125971049070358,
    0.09697457402944565,
    0.0822172611951828,
    0.0766986683011055,
    0.07388480007648468,
    0.07264100015163422,
    0.07141410559415817,
    0.07209231704473495,
    0.07220686227083206,
    0.0698782280087471,
    0.06176290661096573,
    0.07951526343822479,
    0.045549165457487106,
    0.053417496383190155,
    0.030459966510534286,
    0.15145722031593323,
    0.04043101146817207,
    0.03518857806921005,
    0.04423144459724426,
    0.029561514034867287,
    0.032234616577625275,
    0.053506508469581604,
    0.020268619060516357,
    0.07020094990730286,
    0.04919161647558212,
    0.02646206133067608,
    0.03860289976000786,
    0.02307293564081192,
    0.023089317604899406,
    0.02046574093401432,
    0.027769822627305984,
    0.029713492840528488,
    0.019519615918397903,
    0.03696524724364281,
    0.029083671048283577,
    0.021403634920716286,
    0.030187200754880905,
    0.019181016832590103,
    0.03590637072920799,
    0.019544275477528572,
    0.07505378872156143,
    0.023184161633253098,
    0.02478962577879429,
    0.05171854794025421,
    0.04006896913051605,
    0.04939490929245949,
    0.029642250388860703,
    0.020851196721196175
  ],
  "stopped_epoch": 52
}