{
  "epochs_recorded": [
    0,
    1,
    2,
    3,
    4,
    5,
    6,
    7,
    8,
    9,
    10,
    11,
    12,
    13,
    14,
    15,
    16,
    17,
    18,
    19,
    20,
    21,
    22,
    23,
    24,
    25,
    26,
    27,
    28,
    29,
    30,
    31,
    32,
    33,
    34,
    35,
    36,
    37,
    38,
    39,
    40,
    41,
    42,
    43,
    44,
    45,
    46,
    47,
    48,
    49,
    50,
    51,
    52,
    53,
    54,
    55,
    56,
    57,
    58,
    59,
    60,
    61,
    62,
    63,
    64,
    65,
    66,
    67,
    68,
    69,
    70,
    71,
    72
  ],
  "train_loss": [
    0.14015382528305054,
    0.06490807235240936,
    0.05929669365286827,
    0.058379389345645905,
    0.05807206779718399,
    0.05631342902779579,
    0.05482666566967964,
    0.054490070790052414,
    0.05471207946538925,
    0.05359368398785591,
    0.0529879666864872,
    0.05337951332330704,
    0.053294505923986435,
    0.052285052835941315,
    0.05124494060873985,
    0.05139237269759178,
    0.051906947046518326,
    0.0522957518696785,
    0.051736317574977875,
    0.05160500481724739,
    0.05080191791057587,
    0.049977272748947144,
    0.050345148891210556,
    0.0500221885740757,
    0.04857955500483513,
    0.04856331646442413,
    0.04958469048142433,
    0.048769932240247726,
    0.04961046576499939,
    0.048140086233615875,
    0.047608982771635056,
    0.04658041521906853,
    0.0462537482380867,
    0.04572245106101036,
    0.04541973024606705,
    0.04595358669757843,
    0.040003083646297455,
    0.04045271873474121,
    0.04101572558283806,
    0.03534939885139465,
    0.030903320759534836,
    0.0381796658039093,
    0.03372909873723984,
    0.02963949367403984,
    0.027189359068870544,
    0.024182533845305443,
    0.024009084329009056,
    0.021595705300569534,
    0.021744858473539352,
    0.027296975255012512,
    0.02721119113266468,
    0.023171983659267426,
    0.024981193244457245,
    0.018042825162410736,
    0.02400115318596363,
    0.023373041301965714,
    0.018849259242415428,
    0.017873672768473625,
    0.016068503260612488,
    0.015283150598406792,
    0.01763038896024227,
    0.0178709514439106,
    0.015243819914758205,
    0.014980987645685673,
    0.01419943105429411,
    0.015364132821559906,
    0.016512440517544746,
    0.014647272415459156,
    0.015776462852954865,
    0.015192348510026932,
    0.014898227527737617,
    0.013667252846062183,
    0.012527409009635448
  ],
  "val_loss": [
    0.25734618306159973,
    0.08848016709089279,
    0.07138937711715698,
    0.06942398101091385,
    0.06954619288444519,
    0.07002333551645279,
    0.06744230538606644,
    0.06468702107667923,
    0.06458878517150879,
    0.06702503561973572,
    0.06519722938537598,
    0.06294446438550949,
    0.061112210154533386,
    0.06068005412817001,
    0.06664638221263885,
    0.06199950352311134,
    0.06062285602092743,
    0.0676097646355629,
    0.06732214987277985,
    0.06323503702878952,
    0.06383801996707916,
    0.062097493559122086,
    0.06554189324378967,
    0.060510408133268356,
    0.06164223700761795,
    0.061242494732141495,
    0.06677091866731644,
    0.060634687542915344,
    0.05955683812499046,
    0.06653960049152374,
    0.05895845592021942,
    0.06160988658666611,
    0.05782299116253853,
    0.057917624711990356,
    0.058321788907051086,
    0.052229996770620346,
    0.06427805125713348,
    0.04611669108271599,
    0.03763293847441673,
    0.04397127032279968,
    0.026743965223431587,
    0.06177036836743355,
    0.05087937414646149,
    0.02718031406402588,
    0.03433247655630112,
    0.02118011564016342,
    0.018361005932092667,
    0.019468039274215698,
    0.019054962322115898,
    0.015520136803388596,
    0.02616967260837555,
    0.027452802285552025,
    0.023384809494018555,
    0.014677894301712513,
    0.010756266303360462,
    0.02433268539607525,
    0.02535097673535347,
    0.012733732350170612,
    0.015317215584218502,
    0.012393700890243053,
    0.010551185347139835,
    0.025907061994075775,
    0.011258082464337349,
    0.009958085604012012,
    0.012102235108613968,
    0.010171949863433838,
    0.01690441183745861,
    0.012284040451049805,
    0.012349950149655342,
    0.01637803576886654,
    0.012421151623129845,
    0.011079050600528717,
    0.012495948001742363,
    0.0208930391818285
  ],
  "stopped_epoch": 73
}