{
  "epochs_recorded": [
    0,
    1,
    2,
    3,
    4,
    5,
    6,
    7,
    8,
    9,
    10,
    11,
    12,
    13,
    14,
    15,
    16,
    17,
    18,
    19,
    20,
    21,
    22,
    23,
    24,
    25,
    26,
    27,
    28,
    29,
    30,
    31,
    32,
    33,
    34,
    35,
    36,
    37,
    38,
    39,
    40,
    41,
    42,
    43,
    44,
    45
  ],
  "train_loss": [
    0.6238546371459961,
    0.5573708415031433,
    0.4958440065383911,
    0.49030426144599915,
    0.4825383722782135,
    0.5147586464881897,
    0.47781214118003845,
    0.4887596368789673,
    0.4787643849849701,
    0.4945097267627716,
    0.48012468218803406,
    0.4793468713760376,
    0.49140676856040955,
    0.4785420894622803,
    0.47563958168029785,
    0.4735967814922333,
    0.4612938165664673,
    0.4856942296028137,
    0.4731290936470032,
    0.4758847653865814,
    0.46838557720184326,
    0.5038790106773376,
    0.49294573068618774,
    0.47286826372146606,
    0.4827478229999542,
    0.4852731227874756,
    0.46724632382392883,
    0.48395392298698425,
    0.4633418321609497,
    0.46378928422927856,
    0.4706886410713196,
    0.4649273753166199,
    0.4702380299568176,
    0.4767712354660034,
    0.4661201238632202,
    0.4725337028503418,
    0.46051809191703796,
    0.4679258167743683,
    0.4877755045890808,
    0.4626391530036926,
    0.4726332724094391,
    0.47147247195243835,
    0.4623905122280121,
    0.480596661567688,
    0.46235764026641846,
    0.46358856558799744
  ],
  "val_loss": [
    0.5646414756774902,
    0.19882257282733917,
    0.0683911070227623,
    0.0970652773976326,
    0.12277078628540039,
    0.20281976461410522,
    0.08991817384958267,
    0.05819331482052803,
    0.06108621135354042,
    0.05942356958985329,
    0.05835168436169624,
    0.13484415411949158,
    0.04608475789427757,
    0.0848221406340599,
    0.42437925934791565,
    0.20947693288326263,
    0.0718066617846489,
    0.06975879520177841,
    0.07281038165092468,
    0.04957357421517372,
    0.06774120032787323,
    0.04519076272845268,
    0.05798454210162163,
    0.040996160358190536,
    0.04327024519443512,
    0.05058196187019348,
    0.06143226474523544,
    0.055072855204343796,
    0.04035980999469757,
    0.05153826251626015,
    0.057851046323776245,
    0.05637308210134506,
    0.03984096273779869,
    0.04018189385533333,
    0.05074586719274521,
    0.044237736612558365,
    0.038542114198207855,
    0.05210227891802788,
    0.1193196177482605,
    0.055077239871025085,
    0.0399264395236969,
    0.04407340660691261,
    0.057044267654418945,
    0.06655678898096085,
    0.04450983181595802,
    0.040638670325279236,
    0.04393472522497177
  ],
  "stopped_epoch": 46
}