{
  "epochs_recorded": [
    0,
    1,
    2,
    3,
    4,
    5,
    6,
    7,
    8,
    9,
    10,
    11,
    12,
    13,
    14,
    15,
    16,
    17,
    18,
    19,
    20,
    21,
    22,
    23,
    24,
    25,
    26,
    27,
    28,
    29,
    30,
    31,
    32
  ],
  "train_loss": [
    0.21632333099842072,
    0.0766720324754715,
    0.06961169093847275,
    0.06826893240213394,
    0.06550757586956024,
    0.06337618082761765,
    0.061961010098457336,
    0.0613703690469265,
    0.060719653964042664,
    0.060278281569480896,
    0.0588863231241703,
    0.057786911725997925,
    0.058347415179014206,
    0.05795678496360779,
    0.05731993168592453,
    0.05681511014699936,
    0.05658094957470894,
    0.056875333189964294,
    0.058098576962947845,
    0.05595700442790985,
    0.055981043726205826,
    0.05433937907218933,
    0.05316338688135147,
    0.05446172133088112,
    0.0539436899125576,
    0.05277108773589134,
    0.05435795336961746,
    0.052340660244226456,
    0.0534079410135746,
    0.05288565531373024,
    0.0511636845767498,
    0.05190544202923775,
    0.0546584315598011
  ],
  "val_loss": [
    0.29735755920410156,
    0.079604871571064,
    0.07430095970630646,
    0.07156696170568466,
    0.06961339712142944,
    0.0741245374083519,
    0.07071523368358612,
    0.06949860602617264,
    0.07228528708219528,
    0.07356052100658417,
    0.0702606737613678,
    0.06955257058143616,
    0.0694069117307663,
    0.06908300518989563,
    0.07062361389398575,
    0.06920402497053146,
    0.06869515776634216,
    0.07007823884487152,
    0.07425481081008911,
    0.07246101647615433,
    0.07048073410987854,
    0.06666581332683563,
    0.06651856750249863,
    0.0616244412958622,
    0.0621771439909935,
    0.06497060507535934,
    0.06963583827018738,
    0.06349744647741318,
    0.06460443139076233,
    0.07009238004684448,
    0.061850860714912415,
    0.06480276584625244,
    0.06504178792238235,
    0.06627964973449707
  ],
  "stopped_epoch": 33
}