{
  "epochs_recorded": [
    0,
    1,
    2,
    3,
    4,
    5,
    6,
    7,
    8,
    9,
    10,
    11,
    12,
    13
  ],
  "train_loss": [
    0.700577974319458,
    0.5703890323638916,
    0.5280138850212097,
    0.5058562159538269,
    0.505670428276062,
    0.5453623533248901,
    0.5119144916534424,
    0.5162627696990967,
    0.5086175203323364,
    0.5047745108604431,
    0.5026729702949524,
    0.5000951290130615,
    0.5008255243301392,
    0.509748101234436
  ],
  "val_loss": [
    0.5077873468399048,
    0.8018051385879517,
    0.14772646129131317,
    0.07857764512300491,
    0.054882537573575974,
    0.05820469558238983,
    0.06133097782731056,
    0.08715490251779556,
    0.08049450069665909,
    0.06377251446247101,
    0.06316344439983368,
    0.05553200840950012,
    0.06267160177230835,
    0.07054837048053741,
    0.057897549122571945
  ],
  "stopped_epoch": 14
}