{
  "epochs_recorded": [
    0,
    1,
    2,
    3,
    4,
    5,
    6,
    7,
    8,
    9,
    10,
    11,
    12,
    13,
    14,
    15,
    16,
    17,
    18,
    19,
    20,
    21,
    22,
    23,
    24,
    25,
    26,
    27,
    28,
    29,
    30,
    31,
    32,
    33,
    34,
    35,
    36,
    37
  ],
  "train_loss": [
    2.9607560634613037,
    2.1521010398864746,
    1.6278525590896606,
    1.4255942106246948,
    1.2535662651062012,
    1.0092395544052124,
    0.8887017965316772,
    0.8216878175735474,
    0.7293534278869629,
    0.7222927212715149,
    0.6747908592224121,
    0.6394323110580444,
    0.7983543872833252,
    0.7864937782287598,
    0.5674917697906494,
    0.616075336933136,
    0.577671229839325,
    0.5914971828460693,
    0.5726971626281738,
    0.578450620174408,
    0.5642443895339966,
    0.6219467520713806,
    0.6460399627685547,
    0.6888101100921631,
    0.5954606533050537,
    0.574394166469574,
    0.5791772603988647,
    0.556239128112793,
    0.5273135900497437,
    0.6255527138710022,
    0.5272405743598938,
    0.5297905802726746,
    0.5410724878311157,
    0.5428220629692078,
    0.5480666160583496,
    0.6481308341026306,
    0.5200537443161011,
    0.583450973033905
  ],
  "val_loss": [
    2.133532762527466,
    1.8844630718231201,
    1.731006145477295,
    1.2235386371612549,
    0.8365280032157898,
    0.630501389503479,
    0.5287930965423584,
    0.4785741865634918,
    0.4621039628982544,
    0.45069438219070435,
    0.3655059039592743,
    0.34119534492492676,
    0.2921643853187561,
    0.2497711032629013,
    0.2143729031085968,
    0.23957812786102295,
    0.2442592978477478,
    0.23919962346553802,
    0.2555316090583801,
    0.24291881918907166,
    0.23352894186973572,
    0.2281913310289383,
    0.1768408566713333,
    0.1629437655210495,
    0.15022343397140503,
    0.14611190557479858,
    0.1365293711423874,
    0.14232054352760315,
    0.12539982795715332,
    0.14540302753448486,
    0.15291814506053925,
    0.19964851438999176,
    0.1543513834476471,
    0.1415780782699585,
    0.1490759700536728,
    0.148210808634758,
    0.1723276972770691,
    0.14587190747261047,
    0.13195596635341644
  ],
  "stopped_epoch": 38
}