{
  "epochs_recorded": [
    0,
    1,
    2,
    3,
    4,
    5,
    6,
    7,
    8,
    9,
    10,
    11,
    12,
    13,
    14,
    15,
    16,
    17,
    18,
    19,
    20,
    21,
    22,
    23,
    24,
    25,
    26,
    27,
    28,
    29,
    30,
    31,
    32,
    33,
    34,
    35,
    36,
    37,
    38,
    39,
    40,
    41,
    42,
    43,
    44,
    45,
    46,
    47,
    48,
    49,
    50,
    51,
    52,
    53,
    54,
    55,
    56,
    57,
    58,
    59,
    60,
    61,
    62
  ],
  "train_loss": [
    0.4885232448577881,
    0.18734779953956604,
    0.14427505433559418,
    0.08964258432388306,
    0.07035673409700394,
    0.05814512073993683,
    0.05379767343401909,
    0.05023905634880066,
    0.04878401383757591,
    0.04617222771048546,
    0.04418300464749336,
    0.043673209846019745,
    0.04261539503931999,
    0.04062235355377197,
    0.04012114182114601,
    0.03949519246816635,
    0.0386614166200161,
    0.03766261041164398,
    0.03683646395802498,
    0.037214744836091995,
    0.03615756332874298,
    0.03525552526116371,
    0.03472897410392761,
    0.03390000760555267,
    0.033204738050699234,
    0.03261764347553253,
    0.032317452132701874,
    0.0317499078810215,
    0.03133288398385048,
    0.03190184012055397,
    0.031206419691443443,
    0.031356651335954666,
    0.030909931287169456,
    0.02973630465567112,
    0.03080965206027031,
    0.030449504032731056,
    0.02935555949807167,
    0.029274875298142433,
    0.02862422727048397,
    0.02848423458635807,
    0.028664428740739822,
    0.027285099029541016,
    0.02728661336004734,
    0.027316968888044357,
    0.02599085122346878,
    0.025150258094072342,
    0.024810239672660828,
    0.024917839094996452,
    0.02461772970855236,
    0.024908926337957382,
    0.024417351931333542,
    0.023739149793982506,
    0.024664929136633873,
    0.024364707991480827,
    0.024282321333885193,
    0.023364517837762833,
    0.023570075631141663,
    0.022861415520310402,
    0.022927409037947655,
    0.02315579727292061,
    0.022362902760505676,
    0.02232377976179123,
    0.022886300459504128
  ],
  "val_loss": [
    2.0281460285186768,
    0.16362980008125305,
    0.14601542055606842,
    0.08628609031438828,
    0.05058567598462105,
    0.04345625266432762,
    0.0392473004758358,
    0.03753533214330673,
    0.03756042569875717,
    0.03622500225901604,
    0.034143511205911636,
    0.03388554975390434,
    0.03314207121729851,
    0.0324455164372921,
    0.032181378453969955,
    0.030722880735993385,
    0.031027784571051598,
    0.030114924535155296,
    0.029486531391739845,
    0.02992500737309456,
    0.02884487621486187,
    0.02954154461622238,
    0.02756411023437977,
    0.026750769466161728,
    0.027085673063993454,
    0.02622830681502819,
    0.02656506560742855,
    0.02789725735783577,
    0.02663552202284336,
    0.025983165949583054,
    0.02576851285994053,
    0.026175308972597122,
    0.025677265599370003,
    0.025021176785230637,
    0.02555190771818161,
    0.025909364223480225,
    0.025596268475055695,
    0.02436654269695282,
    0.02433728240430355,
    0.024713246151804924,
    0.025150280445814133,
    0.023364614695310593,
    0.02412024885416031,
    0.02402622625231743,
    0.022822627797722816,
    0.02124915085732937,
    0.021071339026093483,
    0.020831039175391197,
    0.02237827330827713,
    0.02445537969470024,
    0.020717279985547066,
    0.021306075155735016,
    0.02172953635454178,
    0.019621720537543297,
    0.023122359067201614,
    0.021952826529741287,
    0.020826052874326706,
    0.02000385709106922,
    0.020348571240901947,
    0.021493544802069664,
    0.019971240311861038,
    0.0202038511633873,
    0.02003920078277588,
    0.02003193460404873
  ],
  "stopped_epoch": 63
}