{
  "epochs_recorded": [
    0,
    1,
    2,
    3,
    4,
    5,
    6,
    7,
    8,
    9,
    10,
    11,
    12,
    13,
    14,
    15,
    16,
    17,
    18,
    19,
    20,
    21,
    22,
    23,
    24,
    25
  ],
  "train_loss": [
    1.283280611038208,
    0.8513801097869873,
    0.8049109578132629,
    0.6916764378547668,
    0.9520717263221741,
    0.6728299856185913,
    0.6146839261054993,
    0.5726980566978455,
    0.580983579158783,
    0.5995196104049683,
    0.5612374544143677,
    0.5534453392028809,
    0.596264660358429,
    0.5223098993301392,
    0.5178381204605103,
    0.5197203755378723,
    0.5014680027961731,
    0.5438143610954285,
    0.5138270854949951,
    0.5065423250198364,
    0.5266461968421936,
    0.5153377652168274,
    0.5275579690933228,
    0.5093676447868347,
    0.5093961358070374,
    0.4912868142127991
  ],
  "val_loss": [
    0.4817201495170593,
    0.457759290933609,
    0.18381565809249878,
    0.11584938317537308,
    0.16324371099472046,
    0.1130586788058281,
    0.0935761034488678,
    0.10849203169345856,
    0.06766577064990997,
    0.06145225092768669,
    0.07891403883695602,
    0.06505803763866425,
    0.060594748705625534,
    0.05878164619207382,
    0.061094217002391815,
    0.053761620074510574,
    0.05273694917559624,
    0.05479473993182182,
    0.05486922338604927,
    0.05704828351736069,
    0.057603586465120316,
    0.06361006945371628,
    0.054342154413461685,
    0.059384480118751526,
    0.06042939051985741,
    0.0699777603149414,
    0.056599248200654984
  ],
  "stopped_epoch": 26
}