{
  "epochs_recorded": [
    0,
    1,
    2,
    3,
    4,
    5,
    6,
    7,
    8,
    9,
    10,
    11,
    12,
    13,
    14,
    15,
    16,
    17,
    18,
    19,
    20,
    21,
    22,
    23
  ],
  "train_loss": [
    0.6603468656539917,
    0.6409749388694763,
    0.594304084777832,
    0.5600823163986206,
    0.5730538368225098,
    0.5724373459815979,
    0.6058224439620972,
    0.593402624130249,
    0.5399104356765747,
    0.5588927865028381,
    0.5639466047286987,
    0.5358656048774719,
    0.5426965951919556,
    0.5420876741409302,
    0.5481213331222534,
    0.5555983185768127,
    0.5299990773200989,
    0.541957437992096,
    0.5451958775520325,
    0.5381758809089661,
    0.5322919487953186,
    0.5506675243377686,
    0.5315291881561279,
    0.5630670785903931
  ],
  "val_loss": [
    1.4741086959838867,
    0.3621136546134949,
    0.13929682970046997,
    0.14365769922733307,
    0.11852142959833145,
    0.15644647181034088,
    0.14308874309062958,
    0.10686697065830231,
    0.09386827796697617,
    0.09394161403179169,
    0.10458063334226608,
    0.1837531477212906,
    0.1332077831029892,
    0.16009624302387238,
    0.08610592037439346,
    0.2289973795413971,
    0.1737608015537262,
    0.11069648712873459,
    0.18527182936668396,
    0.2828536331653595,
    0.34298941493034363,
    0.1995774805545807,
    0.1219208613038063,
    0.11961681395769119,
    0.18240122497081757
  ],
  "stopped_epoch": 24
}