{
  "epochs_recorded": [
    0,
    1,
    2,
    3,
    4,
    5,
    6,
    7,
    8,
    9,
    10,
    11,
    12,
    13,
    14,
    15,
    16,
    17,
    18,
    19,
    20,
    21,
    22,
    23,
    24,
    25,
    26,
    27,
    28,
    29,
    30,
    31,
    32,
    33,
    34,
    35,
    36,
    37,
    38,
    39,
    40,
    41,
    42,
    43,
    44,
    45,
    46,
    47,
    48,
    49,
    50
  ],
  "train_loss": [
    1.3549500703811646,
    1.097429871559143,
    0.968156099319458,
    0.8868699073791504,
    0.944792628288269,
    0.8569431304931641,
    0.8635758757591248,
    0.8166345953941345,
    0.7547177672386169,
    0.7316750288009644,
    0.6704715490341187,
    0.694546103477478,
    0.7141276597976685,
    0.7110331058502197,
    0.6604486703872681,
    0.6884183883666992,
    0.676041841506958,
    0.671005129814148,
    0.6172671318054199,
    0.6353340744972229,
    0.6032079458236694,
    0.5989399552345276,
    0.6321474313735962,
    0.6467330455780029,
    0.5917448401451111,
    0.6314882040023804,
    0.6078625321388245,
    0.6029338836669922,
    0.5631707906723022,
    0.5491642951965332,
    0.6211832165718079,
    0.576910138130188,
    0.5601163506507874,
    0.5416293144226074,
    0.5500317811965942,
    0.5488609671592712,
    0.5437490940093994,
    0.5491327047348022,
    0.51176518201828,
    0.5472822785377502,
    0.5652949213981628,
    0.5483240485191345,
    0.551824688911438,
    0.5388969779014587,
    0.5575668215751648,
    0.5187653303146362,
    0.5213161110877991,
    0.5100712776184082,
    0.5732576251029968,
    0.5104780793190002,
    0.5751967430114746
  ],
  "val_loss": [
    0.4963090419769287,
    0.5134008526802063,
    0.2842041254043579,
    0.17499937117099762,
    0.19140617549419403,
    0.26896506547927856,
    0.2900751829147339,
    0.2660994827747345,
    0.2791484296321869,
    0.2513865530490875,
    0.21502083539962769,
    0.18177278339862823,
    0.1784643977880478,
    0.1432361900806427,
    0.15157057344913483,
    0.10869681090116501,
    0.1467992663383484,
    0.11398404836654663,
    0.11575399339199066,
    0.09523701667785645,
    0.07493621855974197,
    0.19970247149467468,
    0.1225566491484642,
    0.12092594057321548,
    0.10786740481853485,
    0.1110762283205986,
    0.09427570551633835,
    0.07872538268566132,
    0.07165846973657608,
    0.0638926699757576,
    0.06373941153287888,
    0.06412077695131302,
    0.058698177337646484,
    0.06634721159934998,
    0.07112351059913635,
    0.08014167845249176,
    0.06517717987298965,
    0.06590370088815689,
    0.07882454246282578,
    0.06590520590543747,
    0.08634812384843826,
    0.05786793306469917,
    0.13341085612773895,
    0.07196734100580215,
    0.057936105877161026,
    0.08434578031301498,
    0.07355843484401703,
    0.05947740375995636,
    0.06350850313901901,
    0.0668242871761322,
    0.05815843492746353,
    0.061233557760715485
  ],
  "stopped_epoch": 51
}