{
  "epochs_recorded": [
    0,
    1,
    2,
    3,
    4,
    5,
    6,
    7,
    8,
    9,
    10,
    11,
    12,
    13,
    14,
    15,
    16,
    17,
    18,
    19,
    20,
    21,
    22,
    23,
    24,
    25,
    26,
    27,
    28,
    29,
    30,
    31,
    32,
    33,
    34,
    35,
    36,
    37,
    38,
    39,
    40,
    41,
    42
  ],
  "train_loss": [
    0.8108586668968201,
    0.27517348527908325,
    0.2523038983345032,
    0.24670790135860443,
    0.24660973250865936,
    0.24521900713443756,
    0.24638447165489197,
    0.24593998491764069,
    0.24249941110610962,
    0.2433510720729828,
    0.22432053089141846,
    0.1650114208459854,
    0.1411362588405609,
    0.14191362261772156,
    0.1256115734577179,
    0.12050964683294296,
    0.1131558045744896,
    0.11518069356679916,
    0.21084529161453247,
    0.1848917156457901,
    0.14402231574058533,
    0.126887708902359,
    0.11322375386953354,
    0.11028723418712616,
    0.10762839019298553,
    0.10012998431921005,
    0.0989878848195076,
    0.10078855603933334,
    0.09973444789648056,
    0.09353801608085632,
    0.08915577083826065,
    0.1075359433889389,
    0.10484302788972855,
    0.09824711084365845,
    0.0941367819905281,
    0.10271351039409637,
    0.11714515089988708,
    0.10934694111347198,
    0.15415164828300476,
    0.11516508460044861,
    0.10940484702587128,
    0.1104285717010498,
    0.10589872300624847
  ],
  "val_loss": [
    1.5291721820831299,
    0.3110075891017914,
    0.25467467308044434,
    0.23853206634521484,
    0.231745645403862,
    0.22974097728729248,
    0.2283393144607544,
    0.23971667885780334,
    0.22882507741451263,
    0.22984880208969116,
    0.23106123507022858,
    0.1782696694135666,
    0.12566213309764862,
    0.12237675487995148,
    0.12141771614551544,
    0.10727033764123917,
    0.10470405220985413,
    0.10110259056091309,
    0.12015601992607117,
    0.18526600301265717,
    0.14234837889671326,
    0.12056463211774826,
    0.11337722837924957,
    0.1006830483675003,
    0.09363535046577454,
    0.09830553084611893,
    0.09043355286121368,
    0.0882098376750946,
    0.09531839191913605,
    0.08628544956445694,
    0.08615375310182571,
    0.0815604031085968,
    0.09226992726325989,
    0.0799563005566597,
    0.08255195617675781,
    0.0824011042714119,
    0.10364072024822235,
    0.08975246548652649,
    0.1340351551771164,
    0.11619584262371063,
    0.1029457077383995,
    0.10138585418462753,
    0.10367807745933533,
    0.09899935871362686
  ],
  "stopped_epoch": 43
}