{
  "epochs_recorded": [
    0,
    1,
    2,
    3,
    4,
    5,
    6,
    7,
    8,
    9,
    10,
    11,
    12,
    13,
    14,
    15,
    16,
    17,
    18,
    19,
    20,
    21,
    22,
    23,
    24,
    25,
    26,
    27,
    28,
    29,
    30,
    31,
    32,
    33,
    34,
    35,
    36,
    37,
    38,
    39,
    40,
    41,
    42,
    43,
    44,
    45,
    46,
    47,
    48,
    49,
    50,
    51,
    52,
    53,
    54,
    55,
    56,
    57,
    58,
    59,
    60,
    61,
    62,
    63,
    64,
    65,
    66,
    67,
    68,
    69,
    70,
    71,
    72,
    73,
    74,
    75,
    76,
    77,
    78
  ],
  "train_loss": [
    8.164876937866211,
    0.32656505703926086,
    0.2756150960922241,
    0.23795010149478912,
    0.23144406080245972,
    0.22465936839580536,
    0.22159942984580994,
    0.20901250839233398,
    0.19140979647636414,
    0.1666070520877838,
    0.14554058015346527,
    0.11853735893964767,
    0.09310337156057358,
    0.08511736243963242,
    0.08085623383522034,
    0.07941383868455887,
    0.07508289813995361,
    0.07132595777511597,
    0.06943369656801224,
    0.06919223070144653,
    0.06832024455070496,
    0.06859119236469269,
    0.06634174287319183,
    0.0656217485666275,
    0.06440865993499756,
    0.0647958517074585,
    0.06308066099882126,
    0.0619208998978138,
    0.06097214296460152,
    0.06060028076171875,
    0.06101201847195625,
    0.05965379625558853,
    0.059464067220687866,
    0.05914049968123436,
    0.05775729566812515,
    0.05702019855380058,
    0.055975541472435,
    0.055900879204273224,
    0.055697813630104065,
    0.054966844618320465,
    0.05503952503204346,
    0.05567047744989395,
    0.05443206802010536,
    0.05269208550453186,
    0.052907880395650864,
    0.05225791037082672,
    0.05185922980308533,
    0.050750259310007095,
    0.049795519560575485,
    0.05019831657409668,
    0.049290284514427185,
    0.04889954999089241,
    0.05075864866375923,
    0.04912838339805603,
    0.04931088909506798,
    0.04780314490199089,
    0.0484638549387455,
    0.04858608543872833,
    0.04763053357601166,
    0.04749408736824989,
    0.047559261322021484,
    0.047353595495224,
    0.04762035980820656,
    0.047498174011707306,
    0.04697682708501816,
    0.046333566308021545,
    0.04521773383021355,
    0.04617366939783096,
    0.046649571508169174,
    0.046229373663663864,
    0.04728429764509201,
    0.045162513852119446,
    0.04675472155213356,
    0.04715628921985626,
    0.04751945659518242,
    0.04562640190124512,
    0.04515516385436058,
    0.04534559324383736,
    0.04456932097673416
  ],
  "val_loss": [
    0.3563627302646637,
    0.3746621310710907,
    0.2280985414981842,
    0.18060290813446045,
    0.17690792679786682,
    0.1815759688615799,
    0.19097070395946503,
    0.16559314727783203,
    0.17051619291305542,
    0.13805048167705536,
    0.11866447329521179,
    0.09166160225868225,
    0.06929735094308853,
    0.060310740023851395,
    0.055768728256225586,
    0.05379807949066162,
    0.050320178270339966,
    0.05057801306247711,
    0.05250873416662216,
    0.049874525517225266,
    0.050955675542354584,
    0.04941635578870773,
    0.051272276788949966,
    0.05000884830951691,
    0.050379376858472824,
    0.04895753040909767,
    0.04839629307389259,
    0.04935574531555176,
    0.051594000309705734,
    0.04951013997197151,
    0.048028334975242615,
    0.04684820771217346,
    0.05307140201330185,
    0.04606602340936661,
    0.04781820625066757,
    0.0470065101981163,
    0.04735006019473076,
    0.046918731182813644,
    0.0460711270570755,
    0.0470675565302372,
    0.045674171298742294,
    0.04485815390944481,
    0.04674994572997093,
    0.04768352583050728,
    0.04211409389972687,
    0.044544514268636703,
    0.0422654002904892,
    0.04203031212091446,
    0.0422077551484108,
    0.04116058722138405,
    0.04269160330295563,
    0.04130113497376442,
    0.04267401620745659,
    0.0432799831032753,
    0.04138585925102234,
    0.0421939380466938,
    0.04160085693001747,
    0.042241401970386505,
    0.039493635296821594,
    0.039368968456983566,
    0.043039463460445404,
    0.040662989020347595,
    0.04427361488342285,
    0.03980768099427223,
    0.03944392874836922,
    0.03963741660118103,
    0.04194650799036026,
    0.03994495049118996,
    0.042217765003442764,
    0.037980128079652786,
    0.038272738456726074,
    0.04144391044974327,
    0.03965375944972038,
    0.038673318922519684,
    0.04400797188282013,
    0.03864022344350815,
    0.038275156170129776,
    0.04027484729886055,
    0.03858409821987152,
    0.039656173437833786
  ],
  "stopped_epoch": 79
}