{
  "epochs_recorded": [
    0,
    1,
    2,
    3,
    4,
    5,
    6,
    7,
    8,
    9,
    10,
    11,
    12,
    13,
    14,
    15,
    16,
    17,
    18,
    19,
    20,
    21,
    22,
    23,
    24,
    25,
    26,
    27,
    28,
    29,
    30,
    31,
    32,
    33,
    34,
    35,
    36
  ],
  "train_loss": [
    2.135601282119751,
    1.362377643585205,
    1.3531410694122314,
    1.2450276613235474,
    1.1295053958892822,
    0.9577298164367676,
    0.891322135925293,
    0.8962302803993225,
    0.763164222240448,
    0.8331097364425659,
    0.7529765367507935,
    0.7641085982322693,
    0.8422901034355164,
    0.7591558694839478,
    0.7237545251846313,
    0.7140207290649414,
    0.7029427289962769,
    0.6946772336959839,
    0.7160272598266602,
    0.7166627645492554,
    0.7146605849266052,
    0.7178832292556763,
    0.7020301222801208,
    0.6785902380943298,
    0.7079435586929321,
    0.6920714378356934,
    0.6908639669418335,
    0.6454523205757141,
    0.6328376531600952,
    0.6547013521194458,
    0.7398713231086731,
    0.7163923978805542,
    0.7656917572021484,
    0.666204571723938,
    0.6742217540740967,
    0.6858532428741455,
    0.6397621035575867
  ],
  "val_loss": [
    1.5532454252243042,
    1.1222888231277466,
    0.7816829681396484,
    0.40638285875320435,
    0.4128841757774353,
    0.29839158058166504,
    0.24910610914230347,
    0.24563904106616974,
    0.2040289342403412,
    0.20155055820941925,
    0.2120792716741562,
    0.20601892471313477,
    0.1946590095758438,
    0.1912674456834793,
    0.1853194385766983,
    0.17859822511672974,
    0.17904525995254517,
    0.17251670360565186,
    0.16860558092594147,
    0.1683066487312317,
    0.16569384932518005,
    0.16379623115062714,
    0.15301989018917084,
    0.16580718755722046,
    0.1519276648759842,
    0.15256017446517944,
    0.15074627101421356,
    0.1447436660528183,
    0.1521204710006714,
    0.14843443036079407,
    0.1527736634016037,
    0.15710267424583435,
    0.14942291378974915,
    0.15183298289775848,
    0.14870330691337585,
    0.15238003432750702,
    0.15433469414710999,
    0.14688678085803986
  ],
  "stopped_epoch": 37
}