{
  "epochs_recorded": [
    0,
    1,
    2,
    3,
    4,
    5,
    6,
    7,
    8,
    9,
    10,
    11,
    12,
    13,
    14,
    15,
    16,
    17,
    18,
    19,
    20,
    21,
    22,
    23,
    24,
    25,
    26,
    27,
    28,
    29,
    30,
    31,
    32,
    33,
    34,
    35,
    36,
    37,
    38,
    39,
    40,
    41
  ],
  "train_loss": [
    1.795247197151184,
    0.23873841762542725,
    0.20836953818798065,
    0.20152615010738373,
    0.18922613561153412,
    0.15618550777435303,
    0.12227293103933334,
    0.07398000359535217,
    0.06006300076842308,
    0.056594524532556534,
    0.05516447871923447,
    0.054695483297109604,
    0.056637223809957504,
    0.054677799344062805,
    0.05027088150382042,
    0.049931351095438004,
    0.04652559757232666,
    0.04656393080949783,
    0.04548785090446472,
    0.04554128274321556,
    0.04514210298657417,
    0.046358827501535416,
    0.04847867414355278,
    0.04454633593559265,
    0.0440303310751915,
    0.044223036617040634,
    0.043579597026109695,
    0.04419243708252907,
    0.04250772297382355,
    0.04313698410987854,
    0.04270445927977562,
    0.04395992308855057,
    0.04258966073393822,
    0.0449787937104702,
    0.04365798830986023,
    0.04286707937717438,
    0.04197873920202255,
    0.04291020333766937,
    0.04171699658036232,
    0.042041100561618805,
    0.04392632469534874,
    0.04303592070937157
  ],
  "val_loss": [
    0.8291074633598328,
    0.23929248750209808,
    0.17955228686332703,
    0.17728248238563538,
    0.17220887541770935,
    0.14799480140209198,
    0.11820702254772186,
    0.07332300394773483,
    0.05475221574306488,
    0.04896146431565285,
    0.04831072315573692,
    0.04709583893418312,
    0.0459279902279377,
    0.045208390802145004,
    0.04338608682155609,
    0.04138195887207985,
    0.0401427187025547,
    0.03906393423676491,
    0.03979909420013428,
    0.03785837069153786,
    0.038618091493844986,
    0.04130203276872635,
    0.03711188957095146,
    0.03936653211712837,
    0.03840195760130882,
    0.038892582058906555,
    0.03706960752606392,
    0.03804396092891693,
    0.040311045944690704,
    0.03702109679579735,
    0.03615768998861313,
    0.037884220480918884,
    0.03581881895661354,
    0.037338584661483765,
    0.03954382240772247,
    0.03730549290776253,
    0.0373682901263237,
    0.03939109668135643,
    0.03641083836555481,
    0.036298178136348724,
    0.03859005868434906,
    0.03941774368286133,
    0.03835725784301758
  ],
  "stopped_epoch": 42
}