{
  "epochs_recorded": [
    0,
    1,
    2,
    3,
    4,
    5,
    6,
    7,
    8,
    9,
    10,
    11,
    12,
    13,
    14,
    15,
    16,
    17,
    18,
    19,
    20,
    21,
    22,
    23,
    24,
    25,
    26,
    27,
    28,
    29,
    30,
    31,
    32,
    33,
    34,
    35,
    36,
    37,
    38,
    39,
    40,
    41,
    42,
    43,
    44,
    45,
    46,
    47,
    48,
    49,
    50,
    51,
    52,
    53,
    54,
    55,
    56,
    57,
    58,
    59,
    60,
    61,
    62,
    63,
    64,
    65,
    66,
    67,
    68
  ],
  "train_loss": [
    1.4774922132492065,
    0.14642247557640076,
    0.08949480205774307,
    0.08045703917741776,
    0.07388558983802795,
    0.07316985726356506,
    0.07233188301324844,
    0.06942714005708694,
    0.06864804774522781,
    0.06878078728914261,
    0.06739088892936707,
    0.06544896215200424,
    0.06614293158054352,
    0.06463334709405899,
    0.0643654614686966,
    0.06349167972803116,
    0.06329172849655151,
    0.0641556903719902,
    0.06405789405107498,
    0.061972737312316895,
    0.06059535592794418,
    0.06070480868220329,
    0.05960192531347275,
    0.059099674224853516,
    0.05869661644101143,
    0.059247780591249466,
    0.05836158245801926,
    0.05773025378584862,
    0.058634839951992035,
    0.05749313533306122,
    0.057208891957998276,
    0.05772519111633301,
    0.058294519782066345,
    0.06037624180316925,
    0.05635615810751915,
    0.05721106007695198,
    0.05668158829212189,
    0.055800341069698334,
    0.05492442473769188,
    0.052767980843782425,
    0.053024306893348694,
    0.05014724284410477,
    0.04804346710443497,
    0.04550118371844292,
    0.04280136153101921,
    0.03860955685377121,
    0.03795362636446953,
    0.03435276448726654,
    0.032874949276447296,
    0.0361664853990078,
    0.031574103981256485,
    0.03250833973288536,
    0.03199494257569313,
    0.0323331356048584,
    0.031276240944862366,
    0.029940757900476456,
    0.0261093620210886,
    0.02860504575073719,
    0.026150118559598923,
    0.02530656009912491,
    0.024648724123835564,
    0.024655809625983238,
    0.027028977870941162,
    0.026912584900856018,
    0.026800120249390602,
    0.024216318503022194,
    0.02679971046745777,
    0.02505560591816902,
    0.02716236375272274
  ],
  "val_loss": [
    0.3171435296535492,
    0.2035437375307083,
    0.07068777084350586,
    0.08429950475692749,
    0.06949624419212341,
    0.07184367626905441,
    0.07161122560501099,
    0.0695457011461258,
    0.06950057297945023,
    0.0707191601395607,
    0.07035133242607117,
    0.0699043720960617,
    0.06920503824949265,
    0.06988061964511871,
    0.07017569243907928,
    0.06926680356264114,
    0.06893786787986755,
    0.071934774518013,
    0.0768614113330841,
    0.06902436167001724,
    0.0689748153090477,
    0.06870229542255402,
    0.0708719789981842,
    0.0685681477189064,
    0.06883573532104492,
    0.06902515888214111,
    0.07135824114084244,
    0.0684034526348114,
    0.06811921298503876,
    0.07141528278589249,
    0.06791367381811142,
    0.06871891766786575,
    0.06831821799278259,
    0.06897293031215668,
    0.06950181722640991,
    0.06756537407636642,
    0.0665239468216896,
    0.0660015419125557,
    0.06527413427829742,
    0.06674045324325562,
    0.06116047874093056,
    0.06102386489510536,
    0.055031660944223404,
    0.05189909413456917,
    0.0412171445786953,
    0.03867245465517044,
    0.03162898123264313,
    0.03296985104680061,
    0.022743644192814827,
    0.026098452508449554,
    0.02222711592912674,
    0.019469544291496277,
    0.014013583771884441,
    0.016809329390525818,
    0.015146098099648952,
    0.019996052607893944,
    0.011508559808135033,
    0.014598132111132145,
    0.01553052943199873,
    0.011164676398038864,
    0.01168124657124281,
    0.014644174836575985,
    0.01529055368155241,
    0.013551115058362484,
    0.035728249698877335,
    0.013791268691420555,
    0.023511571809649467,
    0.017224961891770363,
    0.02267475612461567,
    0.014837265014648438
  ],
  "stopped_epoch": 69
}