{
  "epochs_recorded": [
    0,
    1,
    2,
    3,
    4,
    5,
    6,
    7,
    8,
    9,
    10,
    11,
    12,
    13,
    14,
    15,
    16,
    17,
    18,
    19,
    20,
    21,
    22,
    23,
    24,
    25,
    26,
    27,
    28,
    29,
    30,
    31,
    32,
    33,
    34,
    35,
    36,
    37,
    38,
    39,
    40,
    41,
    42,
    43,
    44,
    45,
    46,
    47,
    48,
    49,
    50,
    51,
    52,
    53,
    54,
    55,
    56,
    57,
    58,
    59,
    60,
    61,
    62,
    63,
    64,
    65,
    66,
    67,
    68
  ],
  "train_loss": [
    1.289613962173462,
    1.0284314155578613,
    0.8585324883460999,
    0.7347694635391235,
    1.794240951538086,
    0.6649297475814819,
    0.6480919718742371,
    0.6130043268203735,
    0.5740079283714294,
    0.6164606809616089,
    0.5277646780014038,
    0.6706018447875977,
    0.5758194923400879,
    0.4941364526748657,
    0.5117568373680115,
    0.5057592988014221,
    0.4855917692184448,
    0.491852343082428,
    0.506909966468811,
    0.5410611033439636,
    0.538188099861145,
    0.5056399703025818,
    0.4852912127971649,
    0.49608826637268066,
    0.4769512116909027,
    0.4792766571044922,
    0.4695538282394409,
    0.47036468982696533,
    0.4832346737384796,
    0.45883408188819885,
    0.5052652955055237,
    0.48426178097724915,
    0.4791836440563202,
    0.4736242890357971,
    0.481541246175766,
    0.4782484769821167,
    0.47052329778671265,
    0.48101067543029785,
    0.5033865571022034,
    0.46655282378196716,
    0.4667135775089264,
    0.4663524031639099,
    0.45634445548057556,
    0.47167325019836426,
    0.47232329845428467,
    0.4641977548599243,
    0.4703911542892456,
    0.4607403576374054,
    0.46361657977104187,
    0.4468681812286377,
    0.449138879776001,
    0.44971418380737305,
    0.4549812376499176,
    0.45845434069633484,
    0.46108976006507874,
    0.4607637822628021,
    0.45839616656303406,
    0.4473191797733307,
    0.4531596601009369,
    0.466532438993454,
    0.46260198950767517,
    0.46178895235061646,
    0.4526745676994324,
    0.4548936188220978,
    0.4509546458721161,
    0.4527195692062378,
    0.4554709792137146,
    0.43688666820526123,
    0.45970281958580017
  ],
  "val_loss": [
    10.037336349487305,
    0.14550568163394928,
    0.1346161663532257,
    0.2412692904472351,
    0.23550090193748474,
    0.16185104846954346,
    0.09337008744478226,
    0.13582023978233337,
    0.1174176037311554,
    0.11035323888063431,
    0.08280998468399048,
    0.09034353494644165,
    0.07527010142803192,
    0.07360567897558212,
    0.06737381219863892,
    0.06748786568641663,
    0.06015754118561745,
    0.06649886816740036,
    0.08511736243963242,
    0.06308453530073166,
    0.050538185983896255,
    0.06909630447626114,
    0.054732151329517365,
    0.06015118584036827,
    0.05226239189505577,
    0.05073964223265648,
    0.05080391839146614,
    0.04764866456389427,
    0.04746243357658386,
    0.05162006989121437,
    0.05071964114904404,
    0.04437033087015152,
    0.03930819407105446,
    0.06755591183900833,
    0.041933175176382065,
    0.045784201472997665,
    0.04843379184603691,
    0.06103499233722687,
    0.06811929494142532,
    0.18700648844242096,
    0.048725053668022156,
    0.03552632033824921,
    0.03907117247581482,
    0.05008554086089134,
    0.04466153308749199,
    0.09009736776351929,
    0.03164425864815712,
    0.05108296871185303,
    0.06520354002714157,
    0.05293097347021103,
    0.08608081936836243,
    0.04631015658378601,
    0.028746522963047028,
    0.02905752696096897,
    0.033057115972042084,
    0.024527696892619133,
    0.02450493536889553,
    0.025719262659549713,
    0.030648577958345413,
    0.023464985191822052,
    0.028452053666114807,
    0.05669667199254036,
    0.08185014873743057,
    0.029835186898708344,
    0.026003556326031685,
    0.02535882033407688,
    0.03639316186308861,
    0.030302371829748154,
    0.030769886448979378,
    0.0310166385024786
  ],
  "stopped_epoch": 69
}