{
  "epochs_recorded": [
    0,
    1,
    2,
    3,
    4,
    5,
    6,
    7,
    8,
    9,
    10,
    11,
    12,
    13,
    14,
    15,
    16,
    17,
    18,
    19,
    20,
    21,
    22,
    23,
    24,
    25,
    26,
    27,
    28,
    29,
    30,
    31,
    32,
    33,
    34,
    35,
    36,
    37,
    38,
    39,
    40,
    41
  ],
  "train_loss": [
    0.8567001223564148,
    0.7226241230964661,
    0.710110604763031,
    0.6521785855293274,
    0.6292126774787903,
    0.6647261381149292,
    0.7047874927520752,
    0.6788574457168579,
    0.6240514516830444,
    0.6141691207885742,
    0.586774468421936,
    0.5616897344589233,
    0.5855723023414612,
    0.5727261900901794,
    0.544702410697937,
    0.5416874885559082,
    0.5240349769592285,
    0.5513064861297607,
    0.5333534479141235,
    0.5318431854248047,
    0.5162926316261292,
    0.5280838012695312,
    0.5087830424308777,
    0.5334096550941467,
    0.5266637206077576,
    0.5192866325378418,
    0.5231413245201111,
    0.5142853856086731,
    0.48450562357902527,
    0.5228188633918762,
    0.508101224899292,
    0.5184726119041443,
    0.5111165642738342,
    0.5063397884368896,
    0.5104987025260925,
    0.5194636583328247,
    0.4915165305137634,
    0.5183209180831909,
    0.519510805606842,
    0.48871612548828125,
    0.5193110704421997,
    0.5225632190704346
  ],
  "val_loss": [
    1.554036259651184,
    0.8012507557868958,
    0.17057229578495026,
    0.12818725407123566,
    0.1206180602312088,
    0.13264892995357513,
    0.10445301234722137,
    0.15462380647659302,
    0.14460115134716034,
    0.14071695506572723,
    0.14031882584095,
    0.1303345263004303,
    0.1161666214466095,
    0.12070485949516296,
    0.10778423398733139,
    0.11407280713319778,
    0.10104938596487045,
    0.09111585468053818,
    0.08759454637765884,
    0.09073570370674133,
    0.09461744129657745,
    0.08500605821609497,
    0.08702529221773148,
    0.08276282995939255,
    0.0872635468840599,
    0.08595548570156097,
    0.08533258736133575,
    0.10229863971471786,
    0.08893778920173645,
    0.08413322269916534,
    0.08455502241849899,
    0.0879482850432396,
    0.08156011253595352,
    0.08335001766681671,
    0.08444524556398392,
    0.08639680594205856,
    0.08390979468822479,
    0.08252300322055817,
    0.08181565254926682,
    0.08480038493871689,
    0.08192192763090134,
    0.08218249678611755,
    0.08300638198852539
  ],
  "stopped_epoch": 42
}