{
  "epochs_recorded": [
    0,
    1,
    2,
    3,
    4,
    5,
    6,
    7,
    8,
    9,
    10,
    11,
    12,
    13,
    14,
    15,
    16,
    17,
    18,
    19,
    20,
    21,
    22,
    23
  ],
  "train_loss": [
    0.6895209550857544,
    0.21528422832489014,
    0.16304580867290497,
    0.13288655877113342,
    0.12064048647880554,
    0.1163916289806366,
    0.11452347040176392,
    0.1132132038474083,
    0.10890120267868042,
    0.10669784247875214,
    0.10575598478317261,
    0.10354845970869064,
    0.10169396549463272,
    0.09954332560300827,
    0.09957516938447952,
    0.09712733328342438,
    0.09665460884571075,
    0.09427989274263382,
    0.09616461396217346,
    0.09658969193696976,
    0.09547905623912811,
    0.09711983054876328,
    0.09377826750278473,
    0.09830799698829651
  ],
  "val_loss": [
    1.306195855140686,
    0.2607089877128601,
    0.18484605848789215,
    0.1269415020942688,
    0.11006107181310654,
    0.10874928534030914,
    0.10172899067401886,
    0.10489372909069061,
    0.10300519317388535,
    0.10416224598884583,
    0.10740284621715546,
    0.10043608397245407,
    0.09934169799089432,
    0.10749410837888718,
    0.0988079085946083,
    0.10616714507341385,
    0.11411330848932266,
    0.1050741896033287,
    0.11949373036623001,
    0.1452709436416626,
    0.1192609965801239,
    0.1184786781668663,
    0.09888053685426712,
    0.10595961660146713,
    0.12964127957820892
  ],
  "stopped_epoch": 24
}