{
  "epochs_recorded": [
    0,
    1,
    2,
    3,
    4,
    5,
    6,
    7,
    8,
    9,
    10,
    11,
    12,
    13,
    14,
    15,
    16,
    17,
    18,
    19,
    20,
    21,
    22,
    23,
    24,
    25,
    26,
    27,
    28,
    29,
    30,
    31,
    32
  ],
  "train_loss": [
    1.258840560913086,
    0.6598492860794067,
    0.6199891567230225,
    0.5584102869033813,
    0.5248257517814636,
    0.5284165740013123,
    0.4978952407836914,
    0.5037499666213989,
    0.4794080853462219,
    0.4845500588417053,
    0.475129634141922,
    0.480175256729126,
    0.47785234451293945,
    0.4725593328475952,
    0.48000314831733704,
    0.4694558382034302,
    0.4596756100654602,
    0.48391273617744446,
    0.467092901468277,
    0.47441697120666504,
    0.4670217037200928,
    0.4805976450443268,
    0.4890550374984741,
    0.47025763988494873,
    0.47246304154396057,
    0.4738447070121765,
    0.47041943669319153,
    0.465616375207901,
    0.4532237648963928,
    0.4718363583087921,
    0.46928834915161133,
    0.46351924538612366,
    0.4733019769191742
  ],
  "val_loss": [
    0.4187771677970886,
    6.1858625411987305,
    1.8244285583496094,
    0.3721427619457245,
    0.18775849044322968,
    0.0826326310634613,
    0.0711597427725792,
    0.08717986941337585,
    0.12143590301275253,
    0.04747525602579117,
    0.043290313333272934,
    0.04418521001935005,
    0.041683778166770935,
    0.04108856990933418,
    0.038931068032979965,
    0.039525844156742096,
    0.04319702088832855,
    0.04255526512861252,
    0.054601963609457016,
    0.04990290477871895,
    0.04577464237809181,
    0.046793654561042786,
    0.05056760832667351,
    0.037717655301094055,
    0.03922456130385399,
    0.04346001520752907,
    0.040481921285390854,
    0.03982973098754883,
    0.049888283014297485,
    0.04395897686481476,
    0.04362217336893082,
    0.07145756483078003,
    0.04990256205201149,
    0.043188951909542084
  ],
  "stopped_epoch": 33
}