{
  "epochs_recorded": [
    0,
    1,
    2,
    3,
    4,
    5,
    6,
    7,
    8,
    9,
    10
  ],
  "train_loss": [
    2.1469507217407227,
    1.632496953010559,
    1.6497547626495361,
    1.727388620376587,
    1.4393115043640137,
    1.4311702251434326,
    1.1234674453735352,
    1.0677626132965088,
    1.113450527191162,
    1.0273325443267822,
    1.0206985473632812
  ],
  "val_loss": [
    3.634845495223999,
    0.14215508103370667,
    0.16051578521728516,
    0.22425827383995056,
    0.31580397486686707,
    0.3903737962245941,
    0.4914815425872803,
    0.5951232314109802,
    0.5610450506210327,
    0.5729045271873474,
    0.44059979915618896,
    0.416953444480896
  ],
  "stopped_epoch": 11
}