{
  "epochs_recorded": [
    0,
    1,
    2,
    3,
    4,
    5,
    6,
    7,
    8,
    9,
    10,
    11,
    12,
    13,
    14,
    15,
    16,
    17,
    18,
    19,
    20,
    21,
    22,
    23,
    24,
    25,
    26,
    27,
    28
  ],
  "train_loss": [
    0.9199414253234863,
    0.7187209129333496,
    0.6056295037269592,
    0.6192506551742554,
    0.6044629216194153,
    0.5732612013816833,
    0.5802046060562134,
    0.5741153955459595,
    0.5294996500015259,
    0.5307538509368896,
    0.5366115570068359,
    0.5280970335006714,
    0.5168049335479736,
    0.535614550113678,
    0.5150253772735596,
    0.5131819248199463,
    0.5107784271240234,
    0.5325416922569275,
    0.5376111268997192,
    0.5293182730674744,
    0.5261930227279663,
    0.5244911313056946,
    0.5108497738838196,
    0.5272712111473083,
    0.5273898839950562,
    0.5193424224853516,
    0.5218519568443298,
    0.5174754858016968,
    0.4967535138130188
  ],
  "val_loss": [
    1.5217341184616089,
    0.9898303151130676,
    0.17656594514846802,
    0.10974107682704926,
    0.09865515679121017,
    0.10270190238952637,
    0.11609645932912827,
    0.09798786044120789,
    0.0965656191110611,
    0.09359700232744217,
    0.08722667396068573,
    0.08709508925676346,
    0.08848867565393448,
    0.08700349181890488,
    0.08670005947351456,
    0.0864289253950119,
    0.08715343475341797,
    0.08630262315273285,
    0.08590162545442581,
    0.08372930437326431,
    0.0846591591835022,
    0.090607650578022,
    0.08538340777158737,
    0.09379389137029648,
    0.08613450825214386,
    0.09002015739679337,
    0.08471693098545074,
    0.1723431646823883,
    0.09558480232954025,
    0.09029598534107208
  ],
  "stopped_epoch": 29
}