{
  "epochs_recorded": [
    0,
    1,
    2,
    3,
    4,
    5,
    6,
    7,
    8,
    9,
    10,
    11,
    12,
    13,
    14,
    15,
    16,
    17,
    18,
    19,
    20,
    21,
    22,
    23,
    24,
    25,
    26,
    27,
    28,
    29,
    30,
    31,
    32,
    33,
    34,
    35,
    36,
    37,
    38
  ],
  "train_loss": [
    0.832694411277771,
    0.7390743494033813,
    0.5952463150024414,
    0.6099902391433716,
    0.56695556640625,
    0.6007912158966064,
    0.5617212653160095,
    0.5529057383537292,
    0.5504617094993591,
    0.5299699902534485,
    0.539444088935852,
    0.5280270576477051,
    0.5433899760246277,
    0.49900394678115845,
    0.5239198803901672,
    0.4978623390197754,
    0.5499887466430664,
    0.502991795539856,
    0.5032902359962463,
    0.5054498910903931,
    0.5034900307655334,
    0.5024436116218567,
    0.5144360065460205,
    0.5104753375053406,
    0.4994897246360779,
    0.5287967324256897,
    0.4940962791442871,
    0.508479118347168,
    0.4839760661125183,
    0.49493786692619324,
    0.4980788826942444,
    0.5185643434524536,
    0.4816063642501831,
    0.4852551221847534,
    0.4942983388900757,
    0.4939386248588562,
    0.48797714710235596,
    0.4898698925971985,
    0.4815295338630676
  ],
  "val_loss": [
    0.3252096176147461,
    0.12676288187503815,
    0.08190014213323593,
    0.06948071718215942,
    0.06346997618675232,
    0.22354911267757416,
    0.07002132385969162,
    0.096643827855587,
    0.09337210655212402,
    0.07441816478967667,
    0.07789584994316101,
    0.06045724079012871,
    0.08367647975683212,
    0.08047056943178177,
    0.061643991619348526,
    0.13732001185417175,
    0.07942292094230652,
    0.05368101969361305,
    0.05856149271130562,
    0.05729211866855621,
    0.057391732931137085,
    0.05175762251019478,
    0.052133508026599884,
    0.05071047693490982,
    0.052100978791713715,
    0.04877183958888054,
    0.053590524941682816,
    0.05234045907855034,
    0.05582811310887337,
    0.046439047902822495,
    0.05466776713728905,
    0.06258390098810196,
    0.05046606436371803,
    0.047189511358737946,
    0.06958413869142532,
    0.04939704388380051,
    0.04798427224159241,
    0.0497472807765007,
    0.04923197627067566,
    0.050289541482925415
  ],
  "stopped_epoch": 39
}