{
  "epochs_recorded": [
    0,
    1,
    2,
    3,
    4,
    5,
    6,
    7,
    8,
    9,
    10,
    11,
    12,
    13,
    14,
    15,
    16,
    17,
    18,
    19,
    20,
    21,
    22,
    23,
    24,
    25,
    26,
    27,
    28,
    29,
    30,
    31,
    32,
    33,
    34,
    35,
    36,
    37,
    38,
    39,
    40,
    41,
    42,
    43,
    44,
    45,
    46,
    47,
    48,
    49,
    50,
    51,
    52,
    53,
    54,
    55,
    56,
    57,
    58,
    59,
    60,
    61,
    62,
    63,
    64,
    65,
    66,
    67,
    68,
    69,
    70,
    71,
    72,
    73,
    74,
    75,
    76,
    77,
    78,
    79,
    80,
    81,
    82,
    83,
    84,
    85,
    86,
    87,
    88,
    89,
    90,
    91,
    92,
    93,
    94,
    95,
    96,
    97,
    98,
    99
  ],
  "train_loss": [
    1.0545363426208496,
    0.28993213176727295,
    0.22115680575370789,
    0.1744798719882965,
    0.14502482116222382,
    0.12254408746957779,
    0.11382108926773071,
    0.10648795962333679,
    0.09885036200284958,
    0.09418854862451553,
    0.08676968514919281,
    0.08582053333520889,
    0.08066490292549133,
    0.08007511496543884,
    0.07751419395208359,
    0.07497190684080124,
    0.07354233413934708,
    0.0722515881061554,
    0.07155395299196243,
    0.0682494193315506,
    0.06882956624031067,
    0.06934177130460739,
    0.06757451593875885,
    0.06755229830741882,
    0.06392613053321838,
    0.06258673220872879,
    0.06210152804851532,
    0.060715340077877045,
    0.05983278155326843,
    0.05854102969169617,
    0.059081319719552994,
    0.058245640248060226,
    0.05753103271126747,
    0.05577215552330017,
    0.054882388561964035,
    0.05181394889950752,
    0.05272882059216499,
    0.052847638726234436,
    0.050980206578969955,
    0.050694163888692856,
    0.051242977380752563,
    0.04931341111660004,
    0.04910333454608917,
    0.047699976712465286,
    0.04630878567695618,
    0.04581187292933464,
    0.04585730656981468,
    0.045301347970962524,
    0.04410534352064133,
    0.04331803321838379,
    0.04265556484460831,
    0.042361680418252945,
    0.041806865483522415,
    0.04060880094766617,
    0.04166681319475174,
    0.04035740718245506,
    0.039914168417453766,
    0.03894530609250069,
    0.03905896097421646,
    0.0381804034113884,
    0.037067025899887085,
    0.036116521805524826,
    0.03635793551802635,
    0.03600022941827774,
    0.03596438840031624,
    0.034948527812957764,
    0.034420114010572433,
    0.03366123512387276,
    0.033949293196201324,
    0.033115219324827194,
    0.03231767937541008,
    0.032063793390989304,
    0.032121602445840836,
    0.031706757843494415,
    0.031244272366166115,
    0.030936166644096375,
    0.03064911440014839,
    0.03020680509507656,
    0.02965296246111393,
    0.029912181198596954,
    0.0292892474681139,
    0.02879299968481064,
    0.02817966230213642,
    0.028208181262016296,
    0.028585780411958694,
    0.027706466615200043,
    0.027413399890065193,
    0.026801835745573044,
    0.026415472850203514,
    0.025802887976169586,
    0.02607095055282116,
    0.02571774274110794,
    0.025698745623230934,
    0.02557980827987194,
    0.02547992207109928,
    0.02469952404499054,
    0.02510780282318592,
    0.02412952482700348,
    0.024004481732845306,
    0.02396462857723236
  ],
  "val_loss": [
    0.617504358291626,
    0.3277498483657837,
    0.2626509964466095,
    0.15006215870380402,
    0.12390914559364319,
    0.10218044370412827,
    0.09443767368793488,
    0.09456641972064972,
    0.08523133397102356,
    0.07758882641792297,
    0.07262752205133438,
    0.06992147117853165,
    0.06870713829994202,
    0.06551031768321991,
    0.06615442037582397,
    0.06221941113471985,
    0.062214549630880356,
    0.060299262404441833,
    0.060717593878507614,
    0.0593668557703495,
    0.05959366634488106,
    0.06096981093287468,
    0.05562392622232437,
    0.05664374306797981,
    0.0591198168694973,
    0.05502724647521973,
    0.054573241621255875,
    0.05451339855790138,
    0.05418596789240837,
    0.05360746383666992,
    0.05265815556049347,
    0.05350799486041069,
    0.050323791801929474,
    0.051160648465156555,
    0.048796240240335464,
    0.04876575618982315,
    0.047838516533374786,
    0.047171734273433685,
    0.04688601940870285,
    0.04493844136595726,
    0.044256698340177536,
    0.04669595882296562,
    0.04215081036090851,
    0.0413677804172039,
    0.04012324661016464,
    0.04011838883161545,
    0.04032771289348602,
    0.03856625407934189,
    0.03792952373623848,
    0.03698679059743881,
    0.036391183733940125,
    0.03643406555056572,
    0.035097599029541016,
    0.03481517359614372,
    0.0349319726228714,
    0.03292670100927353,
    0.03213653713464737,
    0.033434171229600906,
    0.03134944289922714,
    0.03215828537940979,
    0.030345845967531204,
    0.030712632462382317,
    0.029946913942694664,
    0.029320066794753075,
    0.03057866357266903,
    0.028563564643263817,
    0.0278338436037302,
    0.028053507208824158,
    0.029478590935468674,
    0.028254114091396332,
    0.026416180655360222,
    0.026059798896312714,
    0.02626824378967285,
    0.026734018698334694,
    0.02554982714354992,
    0.025455443188548088,
    0.02466876246035099,
    0.023270221427083015,
    0.023705504834651947,
    0.02475656569004059,
    0.025264397263526917,
    0.02264200896024704,
    0.025232359766960144,
    0.022543635219335556,
    0.02262934483587742,
    0.02225220948457718,
    0.022346030920743942,
    0.021590812131762505,
    0.02240021713078022,
    0.021271612495183945,
    0.021129267290234566,
    0.019378816708922386,
    0.021487688645720482,
    0.020514817908406258,
    0.020078958943486214,
    0.020986737683415413,
    0.019556941464543343,
    0.020956292748451233,
    0.01889468915760517,
    0.01875273883342743,
    0.018550023436546326
  ],
  "stopped_epoch": 100
}