{
  "epochs_recorded": [
    0,
    1,
    2,
    3,
    4,
    5,
    6,
    7,
    8,
    9,
    10,
    11,
    12,
    13,
    14,
    15,
    16,
    17,
    18,
    19,
    20,
    21,
    22,
    23,
    24,
    25,
    26,
    27,
    28,
    29,
    30,
    31,
    32,
    33,
    34,
    35,
    36,
    37,
    38,
    39,
    40,
    41,
    42,
    43,
    44,
    45,
    46,
    47,
    48,
    49,
    50,
    51,
    52,
    53,
    54,
    55,
    56,
    57,
    58,
    59,
    60
  ],
  "train_loss": [
    1.8609027862548828,
    1.3214471340179443,
    1.1503772735595703,
    1.0051217079162598,
    1.0223796367645264,
    0.8726916313171387,
    0.780493974685669,
    0.8313348293304443,
    0.78044193983078,
    0.805884599685669,
    0.8789145946502686,
    0.782252311706543,
    0.842410683631897,
    0.7546071410179138,
    0.6651196479797363,
    0.6953307390213013,
    0.7008661031723022,
    0.7095547318458557,
    0.6728450059890747,
    0.6882005929946899,
    0.6831768751144409,
    0.6651407480239868,
    0.6518908739089966,
    0.6813961267471313,
    0.6432358026504517,
    0.669133186340332,
    0.6308900117874146,
    0.6621295213699341,
    0.5937118530273438,
    0.6252663135528564,
    0.7968778610229492,
    0.6560057997703552,
    0.6482687592506409,
    0.6153596639633179,
    0.5877906084060669,
    0.6160515546798706,
    0.6136011481285095,
    0.5906513333320618,
    0.6498854756355286,
    0.5555000305175781,
    0.6373636722564697,
    0.5892224311828613,
    0.6047345399856567,
    0.607082724571228,
    0.5638290643692017,
    0.5355249643325806,
    0.5729880332946777,
    0.5791850090026855,
    0.5927211046218872,
    0.5836380124092102,
    0.5567995309829712,
    0.5498650670051575,
    0.5691235065460205,
    0.5529793500900269,
    0.5820859670639038,
    0.5724464654922485,
    0.5679095387458801,
    0.551581621170044,
    0.5900084972381592,
    0.5879634022712708,
    0.582672655582428
  ],
  "val_loss": [
    1.5872939825057983,
    1.4489353895187378,
    0.9951315522193909,
    0.5621551275253296,
    0.2768799066543579,
    0.21473585069179535,
    0.16400818526744843,
    0.140489861369133,
    0.12981736660003662,
    0.12019184231758118,
    0.17149919271469116,
    0.12259680777788162,
    0.1183074414730072,
    0.11192522197961807,
    0.11036896705627441,
    0.10719189047813416,
    0.10362979769706726,
    0.104286327958107,
    0.10520830005407333,
    0.10505736619234085,
    0.10075297206640244,
    0.10051508992910385,
    0.10578881204128265,
    0.10104026645421982,
    0.09872835129499435,
    0.1002344861626625,
    0.09990228712558746,
    0.099154993891716,
    0.0985698252916336,
    0.0984654426574707,
    0.09860721230506897,
    0.09746835380792618,
    0.10818388313055038,
    0.10084911435842514,
    0.0991411879658699,
    0.09763720631599426,
    0.09684732556343079,
    0.09545604884624481,
    0.09442279487848282,
    0.09594165533781052,
    0.09623540937900543,
    0.09416911751031876,
    0.09324928373098373,
    0.09596534073352814,
    0.09620299190282822,
    0.09387122839689255,
    0.09246597439050674,
    0.09398260712623596,
    0.09146871417760849,
    0.09202808141708374,
    0.09114183485507965,
    0.08995959907770157,
    0.09056251496076584,
    0.09286928921937943,
    0.09070048481225967,
    0.09226571023464203,
    0.09247609227895737,
    0.09010922163724899,
    0.09159132838249207,
    0.09081955999135971,
    0.0912480354309082,
    0.09263943880796432
  ],
  "stopped_epoch": 61
}