{
  "epochs_recorded": [
    0,
    1,
    2,
    3,
    4,
    5,
    6,
    7,
    8,
    9,
    10,
    11,
    12,
    13,
    14,
    15,
    16,
    17,
    18,
    19,
    20,
    21,
    22,
    23,
    24
  ],
  "train_loss": [
    0.6991997957229614,
    0.5418221354484558,
    0.5244850516319275,
    0.484923392534256,
    0.47892165184020996,
    0.4773050546646118,
    0.4661315083503723,
    0.47928348183631897,
    0.46006596088409424,
    0.4415707290172577,
    0.4468933045864105,
    0.46465885639190674,
    0.45611298084259033,
    0.4352131187915802,
    0.44517579674720764,
    0.43783873319625854,
    0.4431958496570587,
    0.4379657506942749,
    0.48214268684387207,
    0.44974958896636963,
    0.44296395778656006,
    0.4800204634666443,
    0.4554695785045624,
    0.44517141580581665,
    0.435118168592453
  ],
  "val_loss": [
    0.970726728439331,
    0.8591621518135071,
    0.1081443801522255,
    0.08477027714252472,
    0.0869140625,
    0.27480220794677734,
    0.6094133853912354,
    0.07165352255105972,
    0.0724843442440033,
    0.07966078072786331,
    0.3123761713504791,
    20.200387954711914,
    3.964982271194458,
    0.04356903210282326,
    0.05481460690498352,
    0.02326761744916439,
    0.04071302339434624,
    0.10414225608110428,
    0.29049304127693176,
    19.8422794342041,
    19.392799377441406,
    1.057366132736206,
    1.2805523872375488,
    0.9020127058029175,
    0.49656784534454346,
    0.41269615292549133
  ],
  "stopped_epoch": 25
}