{
  "epochs_recorded": [
    0,
    1,
    2,
    3,
    4,
    5,
    6,
    7,
    8,
    9,
    10,
    11,
    12,
    13,
    14,
    15,
    16,
    17,
    18,
    19,
    20,
    21,
    22,
    23,
    24,
    25,
    26,
    27,
    28,
    29,
    30,
    31
  ],
  "train_loss": [
    0.7998639345169067,
    0.7076493501663208,
    0.6103240847587585,
    0.5513287782669067,
    0.55781489610672,
    0.5800433158874512,
    0.5112842917442322,
    0.5118865966796875,
    0.4899955093860626,
    0.4879859387874603,
    0.48300182819366455,
    0.48141372203826904,
    0.4750674068927765,
    0.46424105763435364,
    0.4636043310165405,
    0.4725375175476074,
    0.46447089314460754,
    0.4870874881744385,
    0.4693668782711029,
    0.4746803343296051,
    0.4650803208351135,
    0.4805508553981781,
    0.48498016595840454,
    0.4675943851470947,
    0.4729786813259125,
    0.4760991632938385,
    0.4624144434928894,
    0.46431395411491394,
    0.4607064127922058,
    0.46508604288101196,
    0.46667400002479553,
    0.46326562762260437
  ],
  "val_loss": [
    0.515738308429718,
    0.23110957443714142,
    0.22361303865909576,
    0.16919974982738495,
    0.08022201806306839,
    0.0882064551115036,
    0.07036849856376648,
    0.06984124332666397,
    0.05745402351021767,
    0.053583454340696335,
    0.06586699187755585,
    0.05603935196995735,
    0.052300967276096344,
    0.04349886253476143,
    0.04790598899126053,
    0.04107077047228813,
    0.04640403762459755,
    0.04443442448973656,
    0.038191840052604675,
    0.04119615629315376,
    0.03931959718465805,
    0.03906724601984024,
    0.03774438425898552,
    0.038331884890794754,
    0.03811410441994667,
    0.03937546908855438,
    0.040904294699430466,
    0.040018726140260696,
    0.040181927382946014,
    0.03877664729952812,
    0.044902313500642776,
    0.04087261110544205,
    0.040676213800907135
  ],
  "stopped_epoch": 32
}