{
  "epochs_recorded": [
    0,
    1,
    2,
    3,
    4,
    5,
    6,
    7,
    8,
    9,
    10,
    11,
    12,
    13,
    14,
    15,
    16,
    17,
    18,
    19,
    20,
    21,
    22,
    23,
    24,
    25,
    26,
    27,
    28,
    29,
    30,
    31,
    32,
    33,
    34,
    35,
    36,
    37,
    38,
    39,
    40,
    41,
    42,
    43,
    44,
    45,
    46,
    47,
    48,
    49,
    50,
    51,
    52,
    53,
    54,
    55,
    56,
    57,
    58,
    59,
    60,
    61,
    62,
    63,
    64,
    65,
    66,
    67,
    68
  ],
  "train_loss": [
    0.56888347864151,
    0.15904103219509125,
    0.07122699171304703,
    0.05692733824253082,
    0.050093017518520355,
    0.04420210048556328,
    0.0414029024541378,
    0.03820063918828964,
    0.03518669307231903,
    0.03321672976016998,
    0.031623054295778275,
    0.02872096560895443,
    0.02671312354505062,
    0.02592627704143524,
    0.023821497336030006,
    0.022664280608296394,
    0.02196144312620163,
    0.021361222490668297,
    0.02018147148191929,
    0.019578225910663605,
    0.018898257985711098,
    0.01800072006881237,
    0.01810832880437374,
    0.017411096021533012,
    0.016991527751088142,
    0.016774076968431473,
    0.01609099470078945,
    0.015416597947478294,
    0.01489739678800106,
    0.014781525358557701,
    0.014722985215485096,
    0.014277962036430836,
    0.015279915183782578,
    0.013972848653793335,
    0.013302360661327839,
    0.013288013637065887,
    0.013420764356851578,
    0.012984354048967361,
    0.013300750404596329,
    0.012750621885061264,
    0.013067061081528664,
    0.012357216328382492,
    0.012339314445853233,
    0.012829958461225033,
    0.012709571048617363,
    0.01184756774455309,
    0.011790867894887924,
    0.012337647378444672,
    0.011907080188393593,
    0.011137420311570168,
    0.010975616984069347,
    0.011304144747555256,
    0.01157431025058031,
    0.011539459228515625,
    0.010859321802854538,
    0.010659855790436268,
    0.011199850589036942,
    0.011602099053561687,
    0.010784666985273361,
    0.010496164672076702,
    0.010352108627557755,
    0.010700901970267296,
    0.011400201357901096,
    0.011529418639838696,
    0.010668144561350346,
    0.010460417717695236,
    0.012120449915528297,
    0.011037694290280342,
    0.01034485176205635
  ],
  "val_loss": [
    0.6667211055755615,
    0.1522626131772995,
    0.0757203996181488,
    0.045513905584812164,
    0.03825254738330841,
    0.03575607389211655,
    0.0324244387447834,
    0.030164895579218864,
    0.029989665374159813,
    0.026581071317195892,
    0.02486913464963436,
    0.021984389051795006,
    0.020349187776446342,
    0.017762353643774986,
    0.01754215732216835,
    0.01636599190533161,
    0.016433484852313995,
    0.014556138776242733,
    0.013487612828612328,
    0.013357782736420631,
    0.013022338040173054,
    0.01187418308109045,
    0.012610424309968948,
    0.012017536908388138,
    0.013163542374968529,
    0.010781906545162201,
    0.00967359822243452,
    0.010018087923526764,
    0.009679454378783703,
    0.009357175789773464,
    0.008442706428468227,
    0.008859957568347454,
    0.008686911314725876,
    0.008955278433859348,
    0.008066177368164062,
    0.008670535869896412,
    0.0075160907581448555,
    0.007729002274572849,
    0.007380504626780748,
    0.008398824371397495,
    0.007867901585996151,
    0.007544152904301882,
    0.008181208744645119,
    0.007193907629698515,
    0.00981069728732109,
    0.007576403208076954,
    0.00764840142801404,
    0.007870767265558243,
    0.007601005025207996,
    0.006527647841721773,
    0.006196317728608847,
    0.007576692849397659,
    0.006674719508737326,
    0.008109021931886673,
    0.006689134053885937,
    0.005995555315166712,
    0.00590420002117753,
    0.006193209905177355,
    0.006303625181317329,
    0.005231046117842197,
    0.005856879986822605,
    0.0056852614507079124,
    0.007161429151892662,
    0.007002268917858601,
    0.006517855450510979,
    0.005454058758914471,
    0.0063352142460644245,
    0.008464349433779716,
    0.0062131090089678764,
    0.006137611344456673
  ],
  "stopped_epoch": 69
}