{
  "epochs_recorded": [
    0,
    1,
    2,
    3,
    4,
    5,
    6,
    7,
    8,
    9,
    10,
    11,
    12,
    13,
    14,
    15,
    16,
    17,
    18,
    19,
    20,
    21,
    22,
    23,
    24,
    25,
    26,
    27,
    28,
    29,
    30,
    31,
    32,
    33,
    34,
    35,
    36,
    37,
    38,
    39,
    40,
    41,
    42,
    43,
    44,
    45,
    46,
    47,
    48,
    49,
    50,
    51,
    52,
    53,
    54,
    55,
    56,
    57,
    58,
    59,
    60,
    61,
    62,
    63,
    64,
    65,
    66,
    67,
    68,
    69,
    70,
    71,
    72,
    73,
    74,
    75,
    76,
    77,
    78,
    79,
    80,
    81,
    82,
    83,
    84,
    85,
    86,
    87,
    88,
    89,
    90,
    91,
    92,
    93,
    94,
    95,
    96,
    97,
    98,
    99
  ],
  "train_loss": [
    0.9535983800888062,
    0.28406333923339844,
    0.25401145219802856,
    0.24448543787002563,
    0.24379977583885193,
    0.24377238750457764,
    0.23955635726451874,
    0.23121453821659088,
    0.18565544486045837,
    0.12366780638694763,
    0.1235937625169754,
    0.10558488965034485,
    0.0992991179227829,
    0.09439162909984589,
    0.08810608088970184,
    0.0877424031496048,
    0.08307372778654099,
    0.08649797737598419,
    0.07866224646568298,
    0.079511359333992,
    0.08497645705938339,
    0.0782238021492958,
    0.07515174895524979,
    0.07257315516471863,
    0.07207029312849045,
    0.07439578324556351,
    0.06983183324337006,
    0.06863651424646378,
    0.06751831620931625,
    0.06578758358955383,
    0.06633318215608597,
    0.06284631043672562,
    0.062145840376615524,
    0.06009228527545929,
    0.059358395636081696,
    0.057436153292655945,
    0.06157490238547325,
    0.055598184466362,
    0.05392171069979668,
    0.0539080873131752,
    0.05034393444657326,
    0.05435382202267647,
    0.052170295268297195,
    0.051272641867399216,
    0.04828702285885811,
    0.04799342527985573,
    0.04646337404847145,
    0.04574142023921013,
    0.0436922162771225,
    0.05239338055253029,
    0.04964011535048485,
    0.04693862795829773,
    0.0481744259595871,
    0.048107046633958817,
    0.049208007752895355,
    0.04758283123373985,
    0.04424664378166199,
    0.04278641194105148,
    0.042823489755392075,
    0.04085240885615349,
    0.04185545817017555,
    0.040331944823265076,
    0.04011242464184761,
    0.04049326851963997,
    0.04263601452112198,
    0.042163390666246414,
    0.03971750661730766,
    0.03941373527050018,
    0.03805411234498024,
    0.038971565663814545,
    0.03849869593977928,
    0.04060259833931923,
    0.037549711763858795,
    0.039713334292173386,
    0.03890959918498993,
    0.040666643530130386,
    0.03588094562292099,
    0.03592134267091751,
    0.033733561635017395,
    0.03437599167227745,
    0.03455309942364693,
    0.034522343426942825,
    0.028829483315348625,
    0.025679007172584534,
    0.03383595868945122,
    0.0331229530274868,
    0.03528117761015892,
    0.030482882633805275,
    0.024405548349022865,
    0.023121638223528862,
    0.02181215025484562,
    0.019657272845506668,
    0.01895241253077984,
    0.019904522225260735,
    0.02078736573457718,
    0.01965053379535675,
    0.022516217082738876,
    0.019443470984697342,
    0.021387023851275444,
    0.01991630718111992
  ],
  "val_loss": [
    1.3834820985794067,
    0.3130050301551819,
    0.25199857354164124,
    0.23536823689937592,
    0.22945289313793182,
    0.22759146988391876,
    0.22419539093971252,
    0.23219218850135803,
    0.2091958224773407,
    0.1186041608452797,
    0.11710429936647415,
    0.10233061760663986,
    0.08882229030132294,
    0.08860824257135391,
    0.08511114120483398,
    0.07666745781898499,
    0.07869614660739899,
    0.08854447305202484,
    0.07370946556329727,
    0.07430833578109741,
    0.09276554733514786,
    0.07503923773765564,
    0.07502724975347519,
    0.07660102099180222,
    0.06673427671194077,
    0.06885680556297302,
    0.07440324127674103,
    0.06694629788398743,
    0.06883874535560608,
    0.06294772028923035,
    0.06217164173722267,
    0.06429488956928253,
    0.06447465717792511,
    0.05749835446476936,
    0.05758285149931908,
    0.05531857907772064,
    0.056460749357938766,
    0.06245902553200722,
    0.051965922117233276,
    0.053603217005729675,
    0.050107311457395554,
    0.04866844043135643,
    0.05601726472377777,
    0.04843296855688095,
    0.04930717498064041,
    0.0451316274702549,
    0.04852312058210373,
    0.043153341859579086,
    0.044283803552389145,
    0.04556979238986969,
    0.06029539927840233,
    0.04765840619802475,
    0.05190570652484894,
    0.04618443548679352,
    0.04647916927933693,
    0.05108114331960678,
    0.045409660786390305,
    0.04010641947388649,
    0.0408359132707119,
    0.0415487065911293,
    0.043253544718027115,
    0.04025717079639435,
    0.04070376232266426,
    0.03760937601327896,
    0.04333129897713661,
    0.03900248184800148,
    0.04248163849115372,
    0.03924049809575081,
    0.037165381014347076,
    0.035363130271434784,
    0.04102802276611328,
    0.03553129360079765,
    0.04292353615164757,
    0.034126605838537216,
    0.03596736490726471,
    0.04514763504266739,
    0.03306680545210838,
    0.03201903775334358,
    0.03454376757144928,
    0.03186153620481491,
    0.04162655025720596,
    0.03164505213499069,
    0.029388876631855965,
    0.022234700620174408,
    0.03610619902610779,
    0.029724404215812683,
    0.03747744858264923,
    0.03138360753655434,
    0.0225516464561224,
    0.02138463966548443,
    0.021969644352793694,
    0.014135289005935192,
    0.014006257057189941,
    0.014662425965070724,
    0.01874985173344612,
    0.014431152492761612,
    0.022790782153606415,
    0.017997846007347107,
    0.014972517266869545,
    0.0168121550232172,
    0.015248694457113743
  ],
  "stopped_epoch": 100
}