{
  "epochs_recorded": [
    0,
    1,
    2,
    3,
    4,
    5,
    6,
    7,
    8,
    9,
    10,
    11,
    12,
    13,
    14,
    15,
    16,
    17,
    18,
    19,
    20,
    21,
    22,
    23,
    24,
    25
  ],
  "train_loss": [
    0.8193620443344116,
    0.60532546043396,
    0.556438684463501,
    0.5179295539855957,
    0.5050615072250366,
    0.5329719185829163,
    0.4948660731315613,
    0.5083017349243164,
    0.4744435250759125,
    0.5042603015899658,
    0.48745253682136536,
    0.4814929664134979,
    0.4890948534011841,
    0.4870026409626007,
    0.47111648321151733,
    0.4800208806991577,
    0.4840456247329712,
    0.5070659518241882,
    0.4738713502883911,
    0.4843320846557617,
    0.4771740436553955,
    0.48356494307518005,
    0.5056178569793701,
    0.48031413555145264,
    0.4963197708129883,
    0.47992652654647827
  ],
  "val_loss": [
    0.5353075265884399,
    0.22051987051963806,
    0.1866467446088791,
    0.11575435847043991,
    0.14920884370803833,
    0.066317617893219,
    0.10593277961015701,
    0.06523073464632034,
    0.10191145539283752,
    0.05096165090799332,
    0.051395244896411896,
    0.06352247297763824,
    0.07682797312736511,
    0.04547339305281639,
    0.05416548252105713,
    0.04663402959704399,
    0.04203169420361519,
    0.053189512342214584,
    0.055964142084121704,
    0.04499312862753868,
    0.06367309391498566,
    0.049633607268333435,
    0.04252975434064865,
    0.04399097338318825,
    0.1322176307439804,
    0.05842990428209305,
    0.04518068954348564
  ],
  "stopped_epoch": 26
}