{
  "epochs_recorded": [
    0,
    1,
    2,
    3,
    4,
    5,
    6,
    7,
    8,
    9,
    10,
    11,
    12,
    13,
    14,
    15,
    16,
    17,
    18,
    19,
    20,
    21,
    22,
    23,
    24,
    25,
    26,
    27,
    28,
    29,
    30,
    31,
    32,
    33,
    34,
    35,
    36,
    37,
    38,
    39,
    40,
    41,
    42,
    43,
    44
  ],
  "train_loss": [
    0.3607271611690521,
    0.21102528274059296,
    0.20734016597270966,
    0.17698854207992554,
    0.06898412108421326,
    0.06210613623261452,
    0.05099150165915489,
    0.04981572553515434,
    0.050380244851112366,
    0.04817910119891167,
    0.04392550513148308,
    0.0376616008579731,
    0.03888733685016632,
    0.03333168104290962,
    0.03192111477255821,
    0.032062679529190063,
    0.03017161600291729,
    0.027232198044657707,
    0.023832838982343674,
    0.022929206490516663,
    0.025430912151932716,
    0.0204198956489563,
    0.02086745947599411,
    0.021751942113041878,
    0.01961827091872692,
    0.02016507461667061,
    0.019657474011182785,
    0.019157463684678078,
    0.01802382431924343,
    0.017752930521965027,
    0.01830383576452732,
    0.01688499189913273,
    0.0181915033608675,
    0.016943324357271194,
    0.015697145834565163,
    0.016618909314274788,
    0.017855962738394737,
    0.016864711418747902,
    0.016363702714443207,
    0.017418570816516876,
    0.01690712384879589,
    0.016117654740810394,
    0.016878241673111916,
    0.016077326610684395,
    0.015619703568518162
  ],
  "val_loss": [
    0.781583309173584,
    0.22045116126537323,
    0.18507345020771027,
    0.17571265995502472,
    0.10290253907442093,
    0.06270496547222137,
    0.04746968671679497,
    0.0462203174829483,
    0.04132375866174698,
    0.055731769651174545,
    0.03934389352798462,
    0.03456796705722809,
    0.034684743732213974,
    0.03096698969602585,
    0.030317729339003563,
    0.027606558054685593,
    0.027679599821567535,
    0.03038185089826584,
    0.021563256159424782,
    0.019935980439186096,
    0.024211442098021507,
    0.023358618840575218,
    0.019022280350327492,
    0.02454287000000477,
    0.019554106518626213,
    0.016620369628071785,
    0.017789829522371292,
    0.017712853848934174,
    0.016444165259599686,
    0.014887779019773006,
    0.013972211629152298,
    0.01701078750193119,
    0.014019513502717018,
    0.014449868351221085,
    0.01244426891207695,
    0.012067019008100033,
    0.016829317435622215,
    0.012162834405899048,
    0.01611991785466671,
    0.014647291973233223,
    0.015268972143530846,
    0.016278615221381187,
    0.015369818545877934,
    0.014599667862057686,
    0.013035250827670097,
    0.012692220509052277
  ],
  "stopped_epoch": 45
}