{
  "epochs_recorded": [
    0,
    1,
    2,
    3,
    4,
    5,
    6,
    7,
    8,
    9,
    10,
    11,
    12,
    13,
    14,
    15,
    16,
    17,
    18,
    19,
    20,
    21,
    22,
    23,
    24,
    25,
    26,
    27,
    28,
    29,
    30,
    31,
    32,
    33,
    34,
    35,
    36,
    37,
    38,
    39,
    40,
    41,
    42,
    43,
    44,
    45,
    46,
    47,
    48,
    49,
    50,
    51,
    52,
    53,
    54,
    55,
    56,
    57,
    58,
    59,
    60,
    61,
    62,
    63,
    64,
    65,
    66,
    67,
    68,
    69,
    70,
    71,
    72,
    73,
    74,
    75,
    76,
    77,
    78,
    79,
    80,
    81,
    82,
    83,
    84,
    85,
    86,
    87,
    88,
    89,
    90,
    91,
    92,
    93,
    94
  ],
  "train_loss": [
    0.7052676677703857,
    0.2601475715637207,
    0.23166941106319427,
    0.2104523479938507,
    0.16449402272701263,
    0.11479373276233673,
    0.0947866439819336,
    0.08866238594055176,
    0.0816711038351059,
    0.07615650445222855,
    0.06995084136724472,
    0.06684382259845734,
    0.062030959874391556,
    0.0607951395213604,
    0.05801774561405182,
    0.057905811816453934,
    0.05510532483458519,
    0.05390871688723564,
    0.0522988922894001,
    0.049872711300849915,
    0.04725799709558487,
    0.045792609453201294,
    0.04431833699345589,
    0.044455789029598236,
    0.041515544056892395,
    0.03937339782714844,
    0.03790847584605217,
    0.03667866811156273,
    0.035129379481077194,
    0.03414718061685562,
    0.03421701490879059,
    0.03330083563923836,
    0.03297864645719528,
    0.03144253417849541,
    0.03201299533247948,
    0.030368687584996223,
    0.029827410355210304,
    0.030097348615527153,
    0.02901918813586235,
    0.029476068913936615,
    0.028634242713451385,
    0.026976782828569412,
    0.026658255606889725,
    0.025658883154392242,
    0.025460295379161835,
    0.02487277053296566,
    0.025530075654387474,
    0.024326441809535027,
    0.024223685264587402,
    0.024197449907660484,
    0.023756956681609154,
    0.023414883762598038,
    0.022959358990192413,
    0.02379477210342884,
    0.02260199747979641,
    0.0230049230158329,
    0.02234206721186638,
    0.022214019671082497,
    0.02192533202469349,
    0.02120627835392952,
    0.021489078179001808,
    0.02086450159549713,
    0.021803924813866615,
    0.021501705050468445,
    0.020234916359186172,
    0.02046147733926773,
    0.020740175619721413,
    0.02066344954073429,
    0.02008162997663021,
    0.019747942686080933,
    0.019113756716251373,
    0.019388562068343163,
    0.019392795860767365,
    0.019585981965065002,
    0.019012421369552612,
    0.019217345863580704,
    0.01950748637318611,
    0.018737953156232834,
    0.01810784637928009,
    0.01886543072760105,
    0.01802421733736992,
    0.018309054896235466,
    0.018246518447995186,
    0.017861686646938324,
    0.017571570351719856,
    0.01745937019586563,
    0.01710636541247368,
    0.017437240108847618,
    0.016739681363105774,
    0.016941476613283157,
    0.01683235354721546,
    0.017510775476694107,
    0.017677098512649536,
    0.017475362867116928,
    0.01752607896924019
  ],
  "val_loss": [
    0.8275532722473145,
    0.30489781498908997,
    0.2162087857723236,
    0.20565932989120483,
    0.17471833527088165,
    0.1068982183933258,
    0.08762869983911514,
    0.07976069301366806,
    0.07463851571083069,
    0.06934426724910736,
    0.06393927335739136,
    0.06205267831683159,
    0.05876534432172775,
    0.05690569058060646,
    0.053502701222896576,
    0.05152595043182373,
    0.05194484815001488,
    0.05034899711608887,
    0.04837736487388611,
    0.04771977290511131,
    0.04574747383594513,
    0.042407382279634476,
    0.0395798496901989,
    0.03548617288470268,
    0.037132419645786285,
    0.035963062196969986,
    0.03297601640224457,
    0.03319511562585831,
    0.02922923117876053,
    0.028353093191981316,
    0.03226793184876442,
    0.028095366433262825,
    0.02480890229344368,
    0.025892775505781174,
    0.026528017595410347,
    0.022487791255116463,
    0.02397635020315647,
    0.023723244667053223,
    0.02172798663377762,
    0.020785391330718994,
    0.020354246720671654,
    0.019855225458741188,
    0.01981312781572342,
    0.021310875192284584,
    0.018456341698765755,
    0.020205091685056686,
    0.017392819747328758,
    0.017753854393959045,
    0.017469195649027824,
    0.0161967221647501,
    0.01604243740439415,
    0.01611526496708393,
    0.01670766808092594,
    0.015628773719072342,
    0.015091790817677975,
    0.014416523277759552,
    0.016078006476163864,
    0.014501360245049,
    0.015027097426354885,
    0.01564287580549717,
    0.013635399751365185,
    0.01386430487036705,
    0.01390355546027422,
    0.014406680129468441,
    0.013105448335409164,
    0.013647022657096386,
    0.013834826648235321,
    0.013691212981939316,
    0.01258577685803175,
    0.014073032885789871,
    0.012742225080728531,
    0.012879090383648872,
    0.012924006208777428,
    0.01377588789910078,
    0.014025701209902763,
    0.013398220762610435,
    0.015374022535979748,
    0.012165974825620651,
    0.013262305408716202,
    0.011373522691428661,
    0.010995632037520409,
    0.011741246096789837,
    0.011861372739076614,
    0.01139629166573286,
    0.011406983248889446,
    0.01025825459510088,
    0.01061997190117836,
    0.010937094688415527,
    0.010470237582921982,
    0.010974590666592121,
    0.011149019934237003,
    0.011154537089169025,
    0.011977107264101505,
    0.011463071219623089,
    0.012526661157608032,
    0.010714268311858177
  ],
  "stopped_epoch": 95
}