{
  "epochs_recorded": [
    0,
    1,
    2,
    3,
    4,
    5,
    6,
    7,
    8,
    9,
    10,
    11,
    12,
    13,
    14,
    15,
    16,
    17,
    18,
    19,
    20,
    21,
    22,
    23
  ],
  "train_loss": [
    1.2559726238250732,
    0.8925319910049438,
    0.7937772274017334,
    0.7319642901420593,
    0.7061327695846558,
    0.6879523396492004,
    0.6942441463470459,
    0.6554117202758789,
    0.6477017402648926,
    0.6728028059005737,
    0.6317965984344482,
    0.6474930047988892,
    0.647484302520752,
    0.6185405254364014,
    0.5989902019500732,
    0.5907418727874756,
    0.5858179330825806,
    0.5900765657424927,
    0.6000232696533203,
    0.6099004745483398,
    0.5790975689888,
    0.5761718153953552,
    0.5804061889648438,
    0.5815833806991577
  ],
  "val_loss": [
    1.4898146390914917,
    0.7354540228843689,
    0.3040192127227783,
    0.17954418063163757,
    0.15486297011375427,
    0.15523864328861237,
    0.15145382285118103,
    0.29952600598335266,
    0.1497359722852707,
    0.18258267641067505,
    0.3532600402832031,
    0.13302256166934967,
    0.14966271817684174,
    0.12726669013500214,
    0.1075109988451004,
    0.2327541559934616,
    1.864689826965332,
    0.12448425590991974,
    0.10774881392717361,
    0.3998819589614868,
    1.1818045377731323,
    4.861810207366943,
    0.23972190916538239,
    0.11394353210926056,
    5.1119842529296875
  ],
  "stopped_epoch": 24
}