{
  "epochs_recorded": [
    0,
    1,
    2,
    3,
    4,
    5,
    6,
    7,
    8,
    9,
    10,
    11,
    12,
    13,
    14,
    15,
    16,
    17,
    18,
    19,
    20,
    21
  ],
  "train_loss": [
    0.39789414405822754,
    0.23545056581497192,
    0.20471182465553284,
    0.19037587940692902,
    0.17785780131816864,
    0.16583038866519928,
    0.15168757736682892,
    0.13440144062042236,
    0.11960083246231079,
    0.10590974986553192,
    0.09675263613462448,
    0.0896599218249321,
    0.08638336509466171,
    0.08301880210638046,
    0.07674853503704071,
    0.07770714908838272,
    0.07290146499872208,
    0.07162491977214813,
    0.07039901614189148,
    0.06977513432502747,
    0.06675614416599274,
    0.06610675156116486
  ],
  "val_loss": [
    0.7287545800209045,
    0.2329816073179245,
    0.16700004041194916,
    0.1523541808128357,
    0.14394982159137726,
    0.12980423867702484,
    0.11423958092927933,
    0.09861572086811066,
    0.08147580176591873,
    0.06876547634601593,
    0.06089732050895691,
    0.060398004949092865,
    0.05665025860071182,
    0.05849100276827812,
    0.05877695232629776,
    0.05710618570446968,
    0.0623256079852581,
    0.05931241065263748,
    0.06380666792392731,
    0.06343381851911545,
    0.06683541089296341,
    0.06555117666721344,
    0.06668125838041306
  ],
  "stopped_epoch": 22
}