{
  "epochs_recorded": [
    0,
    1,
    2,
    3,
    4,
    5,
    6,
    7,
    8,
    9,
    10,
    11,
    12,
    13,
    14,
    15,
    16,
    17,
    18,
    19,
    20,
    21,
    22,
    23,
    24,
    25,
    26,
    27,
    28,
    29,
    30,
    31,
    32,
    33,
    34,
    35,
    36,
    37,
    38,
    39,
    40,
    41,
    42,
    43,
    44,
    45,
    46,
    47,
    48,
    49,
    50,
    51,
    52
  ],
  "train_loss": [
    56.62111282348633,
    2.338056802749634,
    0.42220282554626465,
    0.2821536660194397,
    0.2571578621864319,
    0.23617568612098694,
    0.2278757244348526,
    0.2213125377893448,
    0.21593040227890015,
    0.21327660977840424,
    0.21315470337867737,
    0.2135447859764099,
    0.2096652239561081,
    0.20659202337265015,
    0.2071630358695984,
    0.20749278366565704,
    0.2075508087873459,
    0.2090035080909729,
    0.20431511104106903,
    0.204776331782341,
    0.20821332931518555,
    0.20781099796295166,
    0.2065381407737732,
    0.2046593874692917,
    0.2041141539812088,
    0.20648318529129028,
    0.20695613324642181,
    0.20716476440429688,
    0.20428979396820068,
    0.2058686763048172,
    0.20636634528636932,
    0.20825748145580292,
    0.20549145340919495,
    0.20635709166526794,
    0.2062320113182068,
    0.20237714052200317,
    0.20564989745616913,
    0.2055530995130539,
    0.206190288066864,
    0.2079695463180542,
    0.207728311419487,
    0.20806659758090973,
    0.207046240568161,
    0.20646563172340393,
    0.20868878066539764,
    0.20678842067718506,
    0.20575137436389923,
    0.20662862062454224,
    0.20696596801280975,
    0.2091754674911499,
    0.20660847425460815,
    0.20633794367313385,
    0.20828895270824432
  ],
  "val_loss": [
    0.9648319482803345,
    8.292974472045898,
    0.44948315620422363,
    0.32107383012771606,
    0.2585386335849762,
    0.24335668981075287,
    0.2283099740743637,
    0.21919740736484528,
    0.2462412416934967,
    0.20975972712039948,
    0.21976669132709503,
    0.20749342441558838,
    0.21753938496112823,
    0.19831378757953644,
    0.1940990686416626,
    0.19172754883766174,
    0.19083712995052338,
    0.208902969956398,
    0.19061774015426636,
    0.18800252676010132,
    0.1829226315021515,
    0.18295547366142273,
    0.1818249374628067,
    0.1846906989812851,
    0.18116697669029236,
    0.18732872605323792,
    0.18186534941196442,
    0.18135252594947815,
    0.19070367515087128,
    0.18421225249767303,
    0.17821504175662994,
    0.21582336723804474,
    0.1839205026626587,
    0.18492355942726135,
    0.17872345447540283,
    0.17856532335281372,
    0.17795969545841217,
    0.1818496286869049,
    0.17790991067886353,
    0.18325203657150269,
    0.1773490458726883,
    0.1787375807762146,
    0.18207807838916779,
    0.17619414627552032,
    0.17760352790355682,
    0.1798548698425293,
    0.18125858902931213,
    0.17793303728103638,
    0.17708343267440796,
    0.17698431015014648,
    0.17866607010364532,
    0.1949184089899063,
    0.1820761263370514,
    0.1800776869058609
  ],
  "stopped_epoch": 53
}