{
  "epochs_recorded": [
    0,
    1,
    2,
    3,
    4,
    5,
    6,
    7,
    8,
    9,
    10,
    11
  ],
  "train_loss": [
    0.6047449111938477,
    0.5913310050964355,
    0.5987629890441895,
    0.49724751710891724,
    0.4843936562538147,
    0.510940670967102,
    0.5023247003555298,
    0.4952567219734192,
    0.4834142327308655,
    0.4821959137916565,
    0.47653284668922424,
    0.496674120426178
  ],
  "val_loss": [
    1.8944255113601685,
    0.22533614933490753,
    0.09697255492210388,
    0.1237277016043663,
    0.22510720789432526,
    0.24782119691371918,
    1.0439293384552002,
    2.641547203063965,
    3.906644344329834,
    0.26749634742736816,
    4.717318058013916,
    1.2603715658187866,
    0.10925386101007462
  ],
  "stopped_epoch": 12
}