{
  "epochs_recorded": [
    0,
    1,
    2,
    3,
    4,
    5,
    6,
    7,
    8,
    9,
    10,
    11,
    12,
    13,
    14,
    15,
    16,
    17,
    18,
    19,
    20,
    21,
    22,
    23,
    24,
    25,
    26,
    27
  ],
  "train_loss": [
    0.48283907771110535,
    0.21753650903701782,
    0.1403803825378418,
    0.1079089343547821,
    0.08721449226140976,
    0.07954801619052887,
    0.07215104252099991,
    0.07160200923681259,
    0.06658583879470825,
    0.06516468524932861,
    0.06601990759372711,
    0.06578104197978973,
    0.06484945118427277,
    0.0628783330321312,
    0.061319295316934586,
    0.05977810546755791,
    0.05954105779528618,
    0.060068774968385696,
    0.05952642858028412,
    0.059340644627809525,
    0.058714237064123154,
    0.058656468987464905,
    0.057901568710803986,
    0.05935177952051163,
    0.059172749519348145,
    0.058932460844516754,
    0.05787740647792816,
    0.06032996624708176
  ],
  "val_loss": [
    0.8060534000396729,
    0.2145715206861496,
    0.16751188039779663,
    0.11166055500507355,
    0.09123972803354263,
    0.07696704566478729,
    0.06784885376691818,
    0.06332971900701523,
    0.062156740576028824,
    0.06290530413389206,
    0.05851064622402191,
    0.06635447591543198,
    0.060679126530885696,
    0.07331612706184387,
    0.05702783539891243,
    0.05647667497396469,
    0.05688159912824631,
    0.06444451957941055,
    0.055006492882966995,
    0.05649794638156891,
    0.05564837530255318,
    0.05864174664020538,
    0.056200407445430756,
    0.05992768332362175,
    0.05773353949189186,
    0.06296911835670471,
    0.06353434175252914,
    0.05588815361261368,
    0.05710688233375549
  ],
  "stopped_epoch": 28
}