{
  "epochs_recorded": [
    0,
    1,
    2,
    3,
    4,
    5,
    6,
    7,
    8,
    9,
    10,
    11,
    12
  ],
  "train_loss": [
    1.2845537662506104,
    1.1861921548843384,
    1.118233561515808,
    0.9980607032775879,
    0.9352431297302246,
    0.8396306037902832,
    0.8998210430145264,
    0.8500739336013794,
    0.8426780700683594,
    0.7840783596038818,
    0.7596816420555115,
    0.6669342517852783,
    0.7202830910682678
  ],
  "val_loss": [
    11.070816040039062,
    0.17393752932548523,
    0.13182809948921204,
    0.09547452628612518,
    0.12547551095485687,
    0.14660948514938354,
    0.14755290746688843,
    0.1074279248714447,
    0.13674558699131012,
    0.1340554654598236,
    0.10694640129804611,
    0.12508423626422882,
    0.1321595013141632,
    0.1251363903284073
  ],
  "stopped_epoch": 13
}