{
  "epochs_recorded": [
    0,
    1,
    2,
    3,
    4,
    5,
    6,
    7,
    8,
    9,
    10,
    11,
    12,
    13,
    14,
    15,
    16,
    17,
    18,
    19,
    20,
    21,
    22,
    23,
    24,
    25,
    26,
    27,
    28,
    29,
    30,
    31,
    32,
    33,
    34,
    35,
    36
  ],
  "train_loss": [
    0.6983042359352112,
    0.7767263650894165,
    0.7776913642883301,
    0.6738929748535156,
    0.6953192949295044,
    0.6650591492652893,
    0.606047511100769,
    0.6697611808776855,
    0.5902726650238037,
    0.6462113857269287,
    0.5576176643371582,
    0.6087396144866943,
    0.6272584795951843,
    0.6479287147521973,
    0.616608738899231,
    0.6012915372848511,
    0.564350426197052,
    0.5285192131996155,
    0.5949910879135132,
    0.5437577962875366,
    0.5403910875320435,
    0.6126658320426941,
    0.5768036842346191,
    0.5742468237876892,
    0.5320872068405151,
    0.5397440791130066,
    0.5328035354614258,
    0.6045909523963928,
    0.6299937963485718,
    0.601416826248169,
    0.592203676700592,
    0.540583074092865,
    0.5557980537414551,
    0.5745850205421448,
    0.5752984881401062,
    0.6122081279754639,
    0.5411022305488586
  ],
  "val_loss": [
    4.333533763885498,
    0.10592863708734512,
    0.09243215620517731,
    0.08764683455228806,
    0.08580826967954636,
    0.08775535225868225,
    0.08847259730100632,
    0.08875095099210739,
    0.10278400778770447,
    0.13281755149364471,
    0.10583730041980743,
    0.08478348702192307,
    0.07845506072044373,
    0.08077362179756165,
    0.08214956521987915,
    0.08686088770627975,
    0.07868490368127823,
    0.07630924135446548,
    0.07982545346021652,
    0.09695181995630264,
    0.10509029030799866,
    0.1540488749742508,
    0.080050028860569,
    0.08501889556646347,
    0.10771355032920837,
    0.11421585083007812,
    0.07085762172937393,
    0.07004871964454651,
    0.07815387845039368,
    0.07580022513866425,
    0.10895349830389023,
    0.10791364312171936,
    0.07292772084474564,
    0.0735064223408699,
    0.08074725419282913,
    0.07143773138523102,
    0.12257494032382965,
    0.07228007167577744
  ],
  "stopped_epoch": 37
}