{
  "epochs_recorded": [
    0,
    1,
    2,
    3,
    4,
    5,
    6,
    7,
    8,
    9,
    10,
    11,
    12,
    13,
    14,
    15,
    16,
    17,
    18,
    19,
    20,
    21,
    22,
    23,
    24,
    25,
    26,
    27,
    28,
    29,
    30,
    31,
    32,
    33,
    34,
    35,
    36,
    37,
    38,
    39,
    40,
    41,
    42
  ],
  "train_loss": [
    0.476723849773407,
    0.12155099958181381,
    0.08500072360038757,
    0.07228561490774155,
    0.06557127833366394,
    0.06370558589696884,
    0.06219492852687836,
    0.06270455569028854,
    0.06044870987534523,
    0.06124100834131241,
    0.06084819883108139,
    0.05932222679257393,
    0.057596031576395035,
    0.05914593115448952,
    0.05913121998310089,
    0.058391064405441284,
    0.057157669216394424,
    0.057897888123989105,
    0.05842987447977066,
    0.058864422142505646,
    0.05745146796107292,
    0.05512561649084091,
    0.05653554946184158,
    0.05642519146203995,
    0.055451177060604095,
    0.05654493346810341,
    0.05770368501543999,
    0.05515671893954277,
    0.05531471222639084,
    0.0548938550055027,
    0.054393917322158813,
    0.05450613796710968,
    0.05447790026664734,
    0.057515207678079605,
    0.05517132580280304,
    0.053702402859926224,
    0.05318488925695419,
    0.054921120405197144,
    0.0533229298889637,
    0.05302013084292412,
    0.054432328790426254,
    0.05324612557888031,
    0.05274622142314911
  ],
  "val_loss": [
    0.348917692899704,
    0.14131806790828705,
    0.11400850117206573,
    0.07011467218399048,
    0.07517357915639877,
    0.07552072405815125,
    0.06909240037202835,
    0.06703174859285355,
    0.06684762984514236,
    0.06730946898460388,
    0.06679891049861908,
    0.06595520675182343,
    0.06596429646015167,
    0.0655083954334259,
    0.06703215092420578,
    0.06472038477659225,
    0.06462428718805313,
    0.06657364219427109,
    0.07023945450782776,
    0.06417983770370483,
    0.06562372297048569,
    0.06390025466680527,
    0.06447312235832214,
    0.06350002437829971,
    0.06422983855009079,
    0.06419586390256882,
    0.06929513812065125,
    0.06356673687696457,
    0.06369414180517197,
    0.0664076879620552,
    0.06351490318775177,
    0.06406474858522415,
    0.06571962684392929,
    0.06313424557447433,
    0.06343872100114822,
    0.06425122916698456,
    0.0641869455575943,
    0.06351917237043381,
    0.06378333270549774,
    0.06722914427518845,
    0.06340260803699493,
    0.06521119922399521,
    0.06604983657598495,
    0.0635007843375206
  ],
  "stopped_epoch": 43
}