{
  "epochs_recorded": [
    0,
    1,
    2,
    3,
    4,
    5,
    6,
    7,
    8,
    9,
    10,
    11,
    12,
    13,
    14,
    15,
    16
  ],
  "train_loss": [
    0.8869503736495972,
    0.7176223993301392,
    0.6255765557289124,
    0.5537558794021606,
    0.5179694294929504,
    0.5527242422103882,
    0.550123393535614,
    0.5504238605499268,
    0.551425576210022,
    0.5513327717781067,
    0.5439976453781128,
    0.5530900955200195,
    0.525538444519043,
    0.53590989112854,
    0.5649348497390747,
    0.5474387407302856,
    0.5404807329177856
  ],
  "val_loss": [
    1.632953405380249,
    0.26098206639289856,
    0.2984415292739868,
    0.21973556280136108,
    0.1499939113855362,
    0.13715367019176483,
    0.1280059665441513,
    0.10197367519140244,
    0.14251823723316193,
    0.22539560496807098,
    0.10676851868629456,
    0.2570860981941223,
    0.21566684544086456,
    0.10944516211748123,
    0.12106016278266907,
    0.12424492090940475,
    0.1247296929359436,
    0.11317715793848038
  ],
  "stopped_epoch": 17
}