{
  "epochs_recorded": [
    0,
    1,
    2,
    3,
    4,
    5,
    6,
    7,
    8,
    9,
    10,
    11,
    12,
    13,
    14,
    15,
    16,
    17,
    18,
    19,
    20,
    21,
    22,
    23,
    24,
    25,
    26,
    27,
    28,
    29,
    30,
    31,
    32,
    33,
    34,
    35,
    36,
    37,
    38,
    39,
    40,
    41,
    42,
    43,
    44,
    45,
    46,
    47,
    48,
    49,
    50,
    51,
    52,
    53,
    54,
    55
  ],
  "train_loss": [
    0.15005147457122803,
    0.10411448776721954,
    0.09305798262357712,
    0.08792727440595627,
    0.08011898398399353,
    0.07850687205791473,
    0.07633324712514877,
    0.07532356679439545,
    0.07460414618253708,
    0.07231520116329193,
    0.07050726562738419,
    0.06749678403139114,
    0.06880494207143784,
    0.0692649707198143,
    0.06568349152803421,
    0.06525003910064697,
    0.06478383392095566,
    0.06462692469358444,
    0.06378001719713211,
    0.06372399628162384,
    0.06308675557374954,
    0.06183698773384094,
    0.06105756759643555,
    0.06191933527588844,
    0.05971573293209076,
    0.06065075844526291,
    0.06091289967298508,
    0.06180153787136078,
    0.05989665910601616,
    0.06018265336751938,
    0.05830412358045578,
    0.058927763253450394,
    0.0605086050927639,
    0.059599436819553375,
    0.05860711261630058,
    0.05881234630942345,
    0.05726899579167366,
    0.058328427374362946,
    0.057711243629455566,
    0.05746405944228172,
    0.057590313255786896,
    0.056247778236866,
    0.057536087930202484,
    0.056220605969429016,
    0.0572129487991333,
    0.05621303617954254,
    0.057340215891599655,
    0.05660660192370415,
    0.056469086557626724,
    0.05637769773602486,
    0.05561545491218567,
    0.05549575015902519,
    0.056653257459402084,
    0.05555321276187897,
    0.05478932708501816,
    0.055976901203393936
  ],
  "val_loss": [
    0.3085184097290039,
    0.09053307771682739,
    0.07737597823143005,
    0.07284589111804962,
    0.07071814686059952,
    0.07035955786705017,
    0.06852656602859497,
    0.068599633872509,
    0.06858915090560913,
    0.06798240542411804,
    0.06767590343952179,
    0.06665543466806412,
    0.06706643849611282,
    0.06796698272228241,
    0.06698241084814072,
    0.06581857800483704,
    0.06607501208782196,
    0.06601579487323761,
    0.06530975550413132,
    0.06516054272651672,
    0.06542420387268066,
    0.06440244615077972,
    0.06543569266796112,
    0.06389264017343521,
    0.06541946530342102,
    0.06474597752094269,
    0.06388095021247864,
    0.06464771181344986,
    0.06380555033683777,
    0.06391005218029022,
    0.06332173943519592,
    0.06314221024513245,
    0.06515519320964813,
    0.0628528818488121,
    0.0636628046631813,
    0.06426277756690979,
    0.06301793456077576,
    0.06300901621580124,
    0.06428757309913635,
    0.06314165890216827,
    0.06274595111608505,
    0.0625956654548645,
    0.06233619153499603,
    0.06404400616884232,
    0.06225291267037392,
    0.06410083919763565,
    0.062110912054777145,
    0.06287551671266556,
    0.06316117942333221,
    0.06211768090724945,
    0.0630326196551323,
    0.06273899227380753,
    0.06248654052615166,
    0.06321822851896286,
    0.06305401772260666,
    0.06224330514669418,
    0.0633990690112114
  ],
  "stopped_epoch": 56
}