{
  "epochs_recorded": [
    0,
    1,
    2,
    3,
    4,
    5,
    6,
    7,
    8,
    9,
    10,
    11,
    12,
    13,
    14,
    15,
    16,
    17,
    18,
    19,
    20,
    21,
    22,
    23,
    24,
    25,
    26,
    27,
    28,
    29,
    30,
    31,
    32,
    33,
    34,
    35,
    36,
    37,
    38,
    39,
    40,
    41,
    42,
    43,
    44,
    45,
    46
  ],
  "train_loss": [
    1.4744985103607178,
    1.092118263244629,
    0.8774120807647705,
    0.5987326502799988,
    0.6085405945777893,
    0.6219906806945801,
    0.5770368576049805,
    0.5678396224975586,
    0.5480204820632935,
    0.5893698930740356,
    0.539656400680542,
    0.5141068696975708,
    0.5365712642669678,
    0.4994864761829376,
    0.49282747507095337,
    0.49616891145706177,
    0.4777121841907501,
    0.514519453048706,
    0.4957786202430725,
    0.4907139539718628,
    0.48505136370658875,
    0.5032422542572021,
    0.5053943991661072,
    0.4845101833343506,
    0.48704850673675537,
    0.4890299141407013,
    0.4793016314506531,
    0.49395424127578735,
    0.4749891757965088,
    0.4833087623119354,
    0.47381457686424255,
    0.4720318913459778,
    0.48956793546676636,
    0.4856713116168976,
    0.47159790992736816,
    0.46490779519081116,
    0.4636796712875366,
    0.46959418058395386,
    0.5193020105361938,
    0.6973000168800354,
    0.5284573435783386,
    0.5126602053642273,
    0.49539947509765625,
    0.5020781755447388,
    0.4790246784687042,
    0.48796209692955017,
    0.47721511125564575
  ],
  "val_loss": [
    0.3835422098636627,
    0.3175104856491089,
    1.639126181602478,
    2.081782579421997,
    0.667359471321106,
    0.3055603504180908,
    0.14787930250167847,
    0.0829312726855278,
    0.07944165915250778,
    0.07408874481916428,
    0.07909858971834183,
    0.06491692364215851,
    0.061798401176929474,
    0.058861181139945984,
    0.06011272594332695,
    0.05273804813623428,
    0.04957170411944389,
    0.048877596855163574,
    0.04622633010149002,
    0.04694919288158417,
    0.04802307114005089,
    0.04682343825697899,
    0.044192541390657425,
    0.043271761387586594,
    0.04350651800632477,
    0.04411627724766731,
    0.0526590496301651,
    0.04199283942580223,
    0.0415010079741478,
    0.04006573557853699,
    0.041901975870132446,
    0.043870121240615845,
    0.03968308866024017,
    0.041160840541124344,
    0.03920267894864082,
    0.04228999465703964,
    0.03886280581355095,
    0.03854228928685188,
    0.039412885904312134,
    0.0461919941008091,
    0.11288437992334366,
    0.06734854727983475,
    0.08105230331420898,
    0.06960971653461456,
    0.07631585001945496,
    0.05017578601837158,
    0.04352884367108345,
    0.040831323713064194
  ],
  "stopped_epoch": 47
}