{
  "epochs_recorded": [
    0,
    1,
    2,
    3,
    4,
    5,
    6,
    7,
    8,
    9,
    10,
    11,
    12,
    13,
    14,
    15,
    16,
    17,
    18,
    19,
    20,
    21,
    22,
    23,
    24,
    25,
    26,
    27,
    28,
    29,
    30,
    31,
    32,
    33,
    34,
    35,
    36,
    37,
    38,
    39,
    40,
    41,
    42
  ],
  "train_loss": [
    0.7865961194038391,
    0.5784830451011658,
    0.4811767637729645,
    0.48612141609191895,
    0.4720689058303833,
    0.49023857712745667,
    0.48956841230392456,
    0.4930054545402527,
    0.4812655448913574,
    0.5151083469390869,
    0.48982059955596924,
    0.5331214666366577,
    0.49722281098365784,
    0.4825563132762909,
    0.5051862597465515,
    0.48401618003845215,
    0.491754412651062,
    0.49300724267959595,
    0.510236382484436,
    0.4958993196487427,
    0.48665860295295715,
    0.5004274845123291,
    0.5102189779281616,
    0.5065190196037292,
    0.49066466093063354,
    0.5033060908317566,
    0.5055896639823914,
    0.4888143539428711,
    0.5417659282684326,
    0.4905918836593628,
    0.4902128279209137,
    0.5257937908172607,
    0.49567413330078125,
    0.4876040816307068,
    0.494209349155426,
    0.4900186061859131,
    0.4825409948825836,
    0.4928596615791321,
    0.48708751797676086,
    0.49364033341407776,
    0.515705406665802,
    0.5044412612915039,
    0.4955175518989563
  ],
  "val_loss": [
    0.5636072158813477,
    0.32299938797950745,
    0.2412584125995636,
    0.13825073838233948,
    0.1374373584985733,
    0.11617165803909302,
    0.06590891629457474,
    0.09881949424743652,
    0.06075885146856308,
    0.06113817170262337,
    0.11210764199495316,
    0.07292427122592926,
    0.06332461535930634,
    0.16883020102977753,
    0.06585679203271866,
    0.07167576253414154,
    0.060115184634923935,
    0.09649839997291565,
    0.06521327048540115,
    0.053916726261377335,
    0.05996625870466232,
    0.08063613623380661,
    0.052385974675416946,
    0.05080672353506088,
    0.05420183017849922,
    0.05161049962043762,
    0.11048971116542816,
    0.0653248205780983,
    0.15071028470993042,
    0.06057705357670784,
    0.06549115478992462,
    0.05602904409170151,
    0.07868554443120956,
    0.04882277175784111,
    0.08863895386457443,
    0.07551383972167969,
    0.12554287910461426,
    0.07123895734548569,
    0.07371512800455093,
    0.08175467699766159,
    0.21290825307369232,
    0.06134483963251114,
    0.12713855504989624,
    0.05381641536951065
  ],
  "stopped_epoch": 43
}