{
  "epochs_recorded": [
    0,
    1,
    2,
    3,
    4,
    5,
    6,
    7,
    8,
    9,
    10,
    11,
    12,
    13,
    14,
    15,
    16,
    17,
    18,
    19,
    20,
    21,
    22,
    23,
    24,
    25,
    26,
    27,
    28,
    29,
    30,
    31,
    32,
    33,
    34,
    35,
    36,
    37,
    38,
    39,
    40,
    41,
    42,
    43,
    44,
    45,
    46,
    47,
    48,
    49,
    50,
    51,
    52,
    53,
    54,
    55
  ],
  "train_loss": [
    0.9431931972503662,
    0.7902160882949829,
    0.6934549808502197,
    0.6420911550521851,
    1.180037260055542,
    0.5783679485321045,
    0.5506253838539124,
    0.5296808481216431,
    0.5092059969902039,
    0.5563486218452454,
    0.5256670713424683,
    0.5387036800384521,
    0.49677106738090515,
    0.4778584837913513,
    0.48302972316741943,
    0.4922102391719818,
    0.4716501235961914,
    0.47528815269470215,
    0.5008194446563721,
    0.47098127007484436,
    0.4799869954586029,
    0.4987773001194,
    0.4848902225494385,
    0.4756706655025482,
    0.4695552885532379,
    0.47609153389930725,
    0.4686105251312256,
    0.48106884956359863,
    0.4765375256538391,
    0.4511481523513794,
    0.48097696900367737,
    0.4748308062553406,
    0.4532501697540283,
    0.4648790955543518,
    0.4650373160839081,
    0.4605519473552704,
    0.45674702525138855,
    0.9771703481674194,
    0.5922690629959106,
    0.48441770672798157,
    0.4677474796772003,
    0.4711226522922516,
    0.45563066005706787,
    0.4919387400150299,
    0.46303120255470276,
    0.4723241329193115,
    0.4681539833545685,
    0.4661809206008911,
    0.4716361165046692,
    0.4487830400466919,
    0.45324456691741943,
    0.4514295160770416,
    0.47171640396118164,
    0.46776679158210754,
    0.45934998989105225,
    0.4594149589538574
  ],
  "val_loss": [
    21.224313735961914,
    0.922804594039917,
    1.3324918746948242,
    0.26364392042160034,
    0.10715170204639435,
    0.11416123062372208,
    0.10659950226545334,
    0.17352546751499176,
    0.08366651833057404,
    0.08456847816705704,
    0.13162627816200256,
    0.08730167150497437,
    0.12619425356388092,
    0.07317414879798889,
    0.06631119549274445,
    0.0592515654861927,
    0.07250170409679413,
    0.0641259178519249,
    0.05941648408770561,
    0.05524627864360809,
    0.05697071552276611,
    0.0687977522611618,
    0.057569827884435654,
    0.08015891909599304,
    0.04696352034807205,
    0.04826802387833595,
    0.061995312571525574,
    0.03235131874680519,
    0.08495436608791351,
    0.04359234869480133,
    0.07048509269952774,
    0.04821772500872612,
    0.0652070939540863,
    0.04446244612336159,
    0.06261783838272095,
    0.049711041152477264,
    0.029888305813074112,
    0.10348985344171524,
    4.064465522766113,
    0.8839297294616699,
    0.08705979585647583,
    0.0546695701777935,
    0.0393962487578392,
    0.03447679802775383,
    0.045474108308553696,
    0.028592264279723167,
    0.026163432747125626,
    0.0893130674958229,
    0.05770982801914215,
    0.027329139411449432,
    0.0552191361784935,
    0.05630626156926155,
    0.03197787329554558,
    0.03891539201140404,
    0.05557471141219139,
    0.04882219433784485,
    0.02955406717956066
  ],
  "stopped_epoch": 56
}