{
  "epochs_recorded": [
    0,
    1,
    2,
    3,
    4,
    5,
    6,
    7,
    8,
    9,
    10,
    11,
    12,
    13,
    14,
    15,
    16,
    17,
    18,
    19,
    20,
    21,
    22,
    23,
    24,
    25,
    26,
    27,
    28,
    29,
    30,
    31,
    32,
    33,
    34,
    35,
    36,
    37,
    38,
    39,
    40,
    41,
    42,
    43,
    44,
    45,
    46,
    47,
    48,
    49
  ],
  "train_loss": [
    1.7371248006820679,
    1.3058230876922607,
    1.211503028869629,
    1.1182570457458496,
    1.0894339084625244,
    0.9933462738990784,
    0.998984694480896,
    0.9249688386917114,
    0.8469625115394592,
    0.7994225025177002,
    0.7995761632919312,
    0.7954574823379517,
    0.9048274755477905,
    0.9556846618652344,
    0.7360613942146301,
    0.7457969188690186,
    0.7076963186264038,
    0.6832410097122192,
    0.6674718260765076,
    0.7078660130500793,
    0.6578339338302612,
    0.6596839427947998,
    0.7096526622772217,
    0.7679100036621094,
    0.6872892379760742,
    0.6625193953514099,
    0.6668297648429871,
    0.6406854391098022,
    0.5987017750740051,
    0.7634289264678955,
    0.6246863603591919,
    0.6146601438522339,
    0.6068737506866455,
    0.6071434020996094,
    0.6343443989753723,
    0.7288209795951843,
    0.6100802421569824,
    0.6539545059204102,
    0.6075799465179443,
    0.6691452264785767,
    0.6071664690971375,
    0.5799107551574707,
    0.6417936086654663,
    0.6293755173683167,
    0.6440041065216064,
    0.6767838001251221,
    0.5940772294998169,
    0.5763172507286072,
    0.6181856393814087,
    0.6069509983062744
  ],
  "val_loss": [
    1.6291604042053223,
    1.2891607284545898,
    0.8979709148406982,
    0.5991715788841248,
    0.46875712275505066,
    0.4089425802230835,
    0.3501415252685547,
    0.2846549153327942,
    0.3151887059211731,
    0.3462640345096588,
    0.30457422137260437,
    0.31516891717910767,
    0.30541208386421204,
    0.2738841772079468,
    0.24999743700027466,
    0.24121616780757904,
    0.21080400049686432,
    0.2152312844991684,
    0.20130373537540436,
    0.19827406108379364,
    0.18466365337371826,
    0.18982800841331482,
    0.17254337668418884,
    0.15843512117862701,
    0.1468990445137024,
    0.16892719268798828,
    0.24013404548168182,
    0.2112361192703247,
    0.1438341587781906,
    0.13336080312728882,
    0.12988948822021484,
    0.14314299821853638,
    0.13850881159305573,
    0.12041475623846054,
    0.15246254205703735,
    0.1631394773721695,
    0.11842111498117447,
    0.1437283605337143,
    0.1276981681585312,
    0.12352508306503296,
    0.10899025201797485,
    0.19102397561073303,
    0.11481605470180511,
    0.1255890130996704,
    0.11083262413740158,
    0.1093507781624794,
    0.13673005998134613,
    0.10951944440603256,
    0.11820314079523087,
    0.14265045523643494,
    0.13996858894824982
  ],
  "stopped_epoch": 50
}