{
  "epochs_recorded": [
    0,
    1,
    2,
    3,
    4,
    5,
    6,
    7,
    8,
    9,
    10,
    11,
    12,
    13,
    14,
    15,
    16,
    17,
    18,
    19,
    20,
    21,
    22,
    23,
    24,
    25,
    26,
    27,
    28,
    29,
    30,
    31,
    32,
    33,
    34,
    35,
    36,
    37,
    38,
    39,
    40,
    41,
    42,
    43,
    44,
    45,
    46,
    47,
    48,
    49,
    50,
    51,
    52,
    53,
    54,
    55,
    56,
    57,
    58,
    59,
    60,
    61,
    62,
    63,
    64,
    65,
    66,
    67,
    68
  ],
  "train_loss": [
    1.2589948177337646,
    0.9391329288482666,
    0.887992799282074,
    0.7863618731498718,
    0.9127957820892334,
    0.7410297393798828,
    0.673222541809082,
    0.6686307191848755,
    0.5929900407791138,
    0.6892409324645996,
    0.6200423836708069,
    0.5942505598068237,
    0.6125584244728088,
    0.5761944055557251,
    0.5862704515457153,
    0.5412274599075317,
    0.5646231770515442,
    0.5825721025466919,
    0.5833300352096558,
    0.5187536478042603,
    0.5454626679420471,
    0.5371574759483337,
    0.5781707167625427,
    0.5290981531143188,
    0.6653532385826111,
    0.535761833190918,
    0.5502257347106934,
    0.5367821455001831,
    0.5288817286491394,
    0.4879074692726135,
    0.5184116959571838,
    0.5403807759284973,
    0.5235109329223633,
    0.5195773839950562,
    0.4999977648258209,
    0.4943751394748688,
    0.47848987579345703,
    0.5122620463371277,
    0.5250493884086609,
    0.46921560168266296,
    0.5017893314361572,
    0.49338269233703613,
    0.49612924456596375,
    0.4967615604400635,
    0.48327144980430603,
    0.47238534688949585,
    0.5018693208694458,
    0.4973742961883545,
    0.4726804494857788,
    0.4687316417694092,
    0.4615548253059387,
    0.4572449028491974,
    0.46848219633102417,
    0.4660058319568634,
    0.46880123019218445,
    0.456036239862442,
    0.47086888551712036,
    0.44705134630203247,
    0.45955345034599304,
    0.46483904123306274,
    0.4608765244483948,
    0.4665265679359436,
    0.46533524990081787,
    0.45427125692367554,
    0.45729756355285645,
    0.47351911664009094,
    0.4661650061607361,
    0.47188112139701843,
    0.4768446385860443
  ],
  "val_loss": [
    0.9567658305168152,
    0.3323758840560913,
    0.18938298523426056,
    0.13726601004600525,
    0.18857765197753906,
    0.19841083884239197,
    0.16125810146331787,
    0.16041499376296997,
    0.13674888014793396,
    0.133173406124115,
    0.129755437374115,
    0.13787610828876495,
    0.1020934134721756,
    0.10526071488857269,
    0.09961302578449249,
    0.10063730925321579,
    0.09787536412477493,
    0.10409034043550491,
    0.0812709629535675,
    0.09083631634712219,
    0.1358027309179306,
    0.08614268153905869,
    0.07655981928110123,
    0.07997561246156693,
    0.08069337904453278,
    0.07097596675157547,
    0.10059214383363724,
    0.08200614899396896,
    0.07300477474927902,
    0.058241721242666245,
    0.05511586368083954,
    0.06135346367955208,
    0.06192906200885773,
    0.05268872156739235,
    0.07573341578245163,
    0.05367729812860489,
    0.06567871570587158,
    0.06032615527510643,
    0.06674685329198837,
    0.06239435076713562,
    0.04454204440116882,
    0.045567676424980164,
    0.04653719812631607,
    0.06251209229230881,
    0.04778492823243141,
    0.06820434331893921,
    0.040203534066677094,
    0.03602522984147072,
    0.06638424098491669,
    0.032470617443323135,
    0.0285955760627985,
    0.04910409823060036,
    0.026901831850409508,
    0.02829381264746189,
    0.02979312837123871,
    0.03630806878209114,
    0.03229827433824539,
    0.023034991696476936,
    0.026522012427449226,
    0.020712994039058685,
    0.02284730039536953,
    0.047276753932237625,
    0.04107378050684929,
    0.02750629186630249,
    0.022983664646744728,
    0.022347383201122284,
    0.02395501546561718,
    0.04076819121837616,
    0.030250906944274902,
    0.03358888626098633
  ],
  "stopped_epoch": 69
}