{
  "epochs_recorded": [
    0,
    1,
    2,
    3,
    4,
    5,
    6,
    7,
    8,
    9,
    10,
    11,
    12,
    13,
    14,
    15,
    16,
    17,
    18,
    19,
    20,
    21,
    22,
    23,
    24,
    25,
    26,
    27,
    28,
    29,
    30,
    31,
    32,
    33,
    34,
    35,
    36,
    37,
    38,
    39,
    40,
    41,
    42,
    43,
    44,
    45,
    46
  ],
  "train_loss": [
    0.885244607925415,
    0.6343107223510742,
    0.5803486108779907,
    0.5117400884628296,
    0.5371114611625671,
    0.5653374195098877,
    0.4894445836544037,
    0.4990729093551636,
    0.5103536248207092,
    0.5120123624801636,
    0.5068155527114868,
    0.49531686305999756,
    0.4889145791530609,
    0.4915711283683777,
    0.5025803446769714,
    0.4935879111289978,
    0.48079782724380493,
    0.5059037804603577,
    0.5003036260604858,
    0.4968612790107727,
    0.4999648630619049,
    0.4855685234069824,
    0.498698890209198,
    0.48194578289985657,
    0.49068254232406616,
    0.49015161395072937,
    0.4914422035217285,
    0.4987850487232208,
    0.4865129888057709,
    0.49208444356918335,
    0.48739510774612427,
    0.49884048104286194,
    0.4841514527797699,
    0.5262899994850159,
    0.49615687131881714,
    0.495175838470459,
    0.48583608865737915,
    0.4984889328479767,
    0.5037837624549866,
    0.49653300642967224,
    0.5032680034637451,
    0.4943382740020752,
    0.5017011761665344,
    0.5108043551445007,
    0.4772932827472687,
    0.4811162054538727,
    0.4851071536540985
  ],
  "val_loss": [
    0.5992594957351685,
    0.6537500619888306,
    0.17829525470733643,
    0.10214053094387054,
    0.07833612710237503,
    0.10906536132097244,
    0.15083985030651093,
    0.05864560231566429,
    0.12598806619644165,
    0.08117923885583878,
    0.062053605914115906,
    0.0569014735519886,
    0.0615227110683918,
    0.053200170397758484,
    0.05196051299571991,
    0.07308784127235413,
    0.12523582577705383,
    0.08523668348789215,
    0.06145041808485985,
    0.05137767642736435,
    0.3257421851158142,
    0.0567023940384388,
    0.0536961704492569,
    0.05336703732609749,
    0.05255334451794624,
    0.07857810705900192,
    0.05557919666171074,
    0.04861218109726906,
    0.05113482475280762,
    0.05928238853812218,
    0.07216325402259827,
    0.05765124410390854,
    0.05215286836028099,
    0.04825615882873535,
    0.05006401985883713,
    0.05328735336661339,
    0.13625547289848328,
    0.04704257473349571,
    0.049880560487508774,
    0.050640515983104706,
    0.05230317637324333,
    0.05655654892325401,
    0.056759919971227646,
    0.0511239655315876,
    0.051109977066516876,
    0.052504681050777435,
    0.08754684776067734,
    0.052772119641304016
  ],
  "stopped_epoch": 47
}