{
  "epochs_recorded": [
    0,
    1,
    2,
    3,
    4,
    5,
    6,
    7,
    8,
    9,
    10,
    11,
    12
  ],
  "train_loss": [
    0.8022485971450806,
    0.6264835596084595,
    0.6023998260498047,
    0.5592886209487915,
    0.5551803708076477,
    0.5064306855201721,
    0.5086814165115356,
    0.5100477933883667,
    0.5191246271133423,
    0.507007896900177,
    0.4884989857673645,
    0.4767075181007385,
    0.49441400170326233
  ],
  "val_loss": [
    1.1280932426452637,
    0.14651508629322052,
    0.12112743407487869,
    0.090619757771492,
    0.15423834323883057,
    0.5724659562110901,
    0.4569282531738281,
    0.35855430364608765,
    0.09985633194446564,
    0.5627536773681641,
    0.1312888115644455,
    0.22339896857738495,
    0.4415042996406555,
    0.30924779176712036
  ],
  "stopped_epoch": 13
}