{
  "epochs_recorded": [
    0,
    1,
    2,
    3,
    4,
    5,
    6,
    7,
    8,
    9,
    10,
    11,
    12,
    13,
    14,
    15,
    16,
    17,
    18,
    19,
    20,
    21,
    22,
    23,
    24,
    25,
    26,
    27,
    28,
    29,
    30,
    31,
    32,
    33,
    34,
    35,
    36
  ],
  "train_loss": [
    0.4024854302406311,
    0.18149960041046143,
    0.12332773208618164,
    0.099338598549366,
    0.08807464689016342,
    0.08238044381141663,
    0.07987306267023087,
    0.07742593437433243,
    0.07494596391916275,
    0.07106005400419235,
    0.06959135830402374,
    0.06950705498456955,
    0.0669972151517868,
    0.06610287725925446,
    0.06425701081752777,
    0.06352602690458298,
    0.06345082819461823,
    0.06311756372451782,
    0.061896033585071564,
    0.06181681156158447,
    0.06029684469103813,
    0.06065942347049713,
    0.060355138033628464,
    0.06029559299349785,
    0.06006249412894249,
    0.059400901198387146,
    0.05866946280002594,
    0.05803082510828972,
    0.0587325394153595,
    0.05794922262430191,
    0.057927846908569336,
    0.059454139322042465,
    0.058257970958948135,
    0.056484561413526535,
    0.05631960928440094,
    0.056130338460206985,
    0.056545477360486984
  ],
  "val_loss": [
    1.3814654350280762,
    0.18542291224002838,
    0.13237226009368896,
    0.10466885566711426,
    0.08378399163484573,
    0.07879171520471573,
    0.07395783066749573,
    0.07290198653936386,
    0.07043278962373734,
    0.06973826140165329,
    0.06730334460735321,
    0.06634107232093811,
    0.0632239356637001,
    0.061754513531923294,
    0.06425771862268448,
    0.06004197895526886,
    0.06189249828457832,
    0.06081245467066765,
    0.060378435999155045,
    0.05900661647319794,
    0.06380654126405716,
    0.059458475559949875,
    0.05725783482193947,
    0.05873618274927139,
    0.06464094668626785,
    0.05790972709655762,
    0.05877897888422012,
    0.05704719200730324,
    0.05894364044070244,
    0.05804511159658432,
    0.058146800845861435,
    0.06463729590177536,
    0.05724688619375229,
    0.06066008657217026,
    0.05739181861281395,
    0.05914963781833649,
    0.057891085743904114,
    0.05971824750304222
  ],
  "stopped_epoch": 37
}