{
  "epochs_recorded": [
    0,
    1,
    2,
    3,
    4,
    5,
    6,
    7,
    8,
    9,
    10,
    11,
    12,
    13,
    14,
    15,
    16,
    17,
    18,
    19,
    20,
    21,
    22,
    23,
    24,
    25,
    26,
    27,
    28,
    29,
    30,
    31,
    32,
    33,
    34,
    35,
    36,
    37,
    38,
    39,
    40,
    41,
    42,
    43,
    44,
    45,
    46,
    47,
    48,
    49,
    50,
    51,
    52,
    53,
    54,
    55,
    56,
    57,
    58,
    59,
    60,
    61,
    62,
    63,
    64,
    65,
    66,
    67,
    68,
    69,
    70,
    71,
    72,
    73,
    74,
    75,
    76,
    77,
    78,
    79,
    80,
    81
  ],
  "train_loss": [
    0.9037301540374756,
    0.1358233392238617,
    0.08072207123041153,
    0.07318277657032013,
    0.06529045850038528,
    0.06551522761583328,
    0.06465675681829453,
    0.063540019094944,
    0.06350000202655792,
    0.06348595768213272,
    0.06344129890203476,
    0.06152665242552757,
    0.06233661621809006,
    0.06250151991844177,
    0.061601635068655014,
    0.06003892794251442,
    0.060422126203775406,
    0.060730937868356705,
    0.06096874549984932,
    0.05913541465997696,
    0.057005468755960464,
    0.058570265769958496,
    0.055739231407642365,
    0.055866945534944534,
    0.05409863963723183,
    0.05515263229608536,
    0.05572159215807915,
    0.05377168580889702,
    0.05422857403755188,
    0.05394110828638077,
    0.05196317285299301,
    0.053614843636751175,
    0.05249425023794174,
    0.05405154079198837,
    0.05258708447217941,
    0.05102846026420593,
    0.05034128203988075,
    0.04988808184862137,
    0.04790223762392998,
    0.045844078063964844,
    0.04649069160223007,
    0.04258636012673378,
    0.04049241915345192,
    0.03804987668991089,
    0.037903375923633575,
    0.036296483129262924,
    0.03350713476538658,
    0.0321657657623291,
    0.031320881098508835,
    0.030558912083506584,
    0.03720240294933319,
    0.0322917215526104,
    0.029001986607909203,
    0.028954869136214256,
    0.032744355499744415,
    0.03047848865389824,
    0.024932995438575745,
    0.027849262580275536,
    0.02296464890241623,
    0.025148803368210793,
    0.02154769003391266,
    0.021183829754590988,
    0.020581696182489395,
    0.021818075329065323,
    0.022062966600060463,
    0.020933063700795174,
    0.023188196122646332,
    0.02107611671090126,
    0.019025560468435287,
    0.019385583698749542,
    0.018333977088332176,
    0.016878394410014153,
    0.01796111650764942,
    0.01887207105755806,
    0.018306879326701164,
    0.019530605524778366,
    0.01831645518541336,
    0.016606086865067482,
    0.016761600971221924,
    0.02015584707260132,
    0.017522089183330536,
    0.020162643864750862
  ],
  "val_loss": [
    0.3171435296535492,
    0.08449500054121017,
    0.09251746535301208,
    0.07915615290403366,
    0.07233356684446335,
    0.07568608224391937,
    0.07248726487159729,
    0.06927290558815002,
    0.06931006908416748,
    0.07037418335676193,
    0.07009074091911316,
    0.06977210938930511,
    0.06884817779064178,
    0.06927689164876938,
    0.06938937306404114,
    0.06906567513942719,
    0.0674813762307167,
    0.0691649541258812,
    0.07463307678699493,
    0.06477800011634827,
    0.06396453082561493,
    0.06358274817466736,
    0.06617651879787445,
    0.06148318201303482,
    0.06240154430270195,
    0.062256935983896255,
    0.06711354106664658,
    0.060995761305093765,
    0.06151711568236351,
    0.06478241086006165,
    0.06064407899975777,
    0.060865629464387894,
    0.060653068125247955,
    0.05947191268205643,
    0.057974088937044144,
    0.05770379677414894,
    0.059632640331983566,
    0.056040648370981216,
    0.05605195835232735,
    0.05814085155725479,
    0.05012708529829979,
    0.046878423541784286,
    0.044585246592760086,
    0.041024595499038696,
    0.03647783026099205,
    0.0340474471449852,
    0.03354340419173241,
    0.03073187917470932,
    0.0267228651791811,
    0.022430310025811195,
    0.04783743992447853,
    0.03126934543251991,
    0.02694975771009922,
    0.03863909840583801,
    0.022694086655974388,
    0.04153607040643692,
    0.018755514174699783,
    0.019188720732927322,
    0.016358323395252228,
    0.012091955170035362,
    0.01656046323478222,
    0.013497608713805676,
    0.014256570488214493,
    0.011272319592535496,
    0.028145985677838326,
    0.013556578196585178,
    0.051786795258522034,
    0.01096318755298853,
    0.011846886947751045,
    0.014193245209753513,
    0.0187387578189373,
    0.0107484832406044,
    0.009368371218442917,
    0.02114737592637539,
    0.01382892020046711,
    0.019430821761488914,
    0.010506897233426571,
    0.011656176298856735,
    0.017659172415733337,
    0.018902791664004326,
    0.011302752420306206,
    0.01728687807917595,
    0.010355005040764809
  ],
  "stopped_epoch": 82
}