{
  "epochs_recorded": [
    0,
    1,
    2,
    3,
    4,
    5,
    6,
    7,
    8,
    9,
    10,
    11,
    12,
    13,
    14,
    15,
    16,
    17,
    18,
    19,
    20,
    21,
    22,
    23
  ],
  "train_loss": [
    0.9179786443710327,
    0.6350484490394592,
    0.598636269569397,
    0.5440211892127991,
    0.5400922298431396,
    0.5120528340339661,
    0.5258440971374512,
    0.52102130651474,
    0.527807354927063,
    0.5218715667724609,
    0.5192328095436096,
    0.5069044232368469,
    0.5254814028739929,
    0.5286198854446411,
    0.5102351903915405,
    0.5046417117118835,
    0.5008342266082764,
    0.5248400568962097,
    0.5123226046562195,
    0.5221834182739258,
    0.5237759351730347,
    0.5326972603797913,
    0.49753090739250183,
    0.535348117351532
  ],
  "val_loss": [
    1.3951095342636108,
    1.6469067335128784,
    0.7203779816627502,
    0.5119961500167847,
    0.34588924050331116,
    0.12537804245948792,
    0.0855541005730629,
    0.08122952282428741,
    0.08360535651445389,
    0.0861496701836586,
    0.08308281749486923,
    0.08052997291088104,
    0.08206503093242645,
    0.08228003233671188,
    0.08019795268774033,
    0.08363625407218933,
    0.08379630744457245,
    0.08164291083812714,
    0.08115435391664505,
    0.0840330570936203,
    0.08461079746484756,
    0.084405317902565,
    0.08265138417482376,
    0.08625765144824982,
    0.08571024239063263
  ],
  "stopped_epoch": 24
}