{
  "epochs_recorded": [
    0,
    1,
    2,
    3,
    4,
    5,
    6,
    7,
    8,
    9,
    10,
    11,
    12,
    13,
    14,
    15,
    16,
    17,
    18,
    19,
    20
  ],
  "train_loss": [
    0.8905664682388306,
    0.6071457266807556,
    0.6153228282928467,
    0.552786111831665,
    0.5440781116485596,
    0.5269587635993958,
    0.5538656711578369,
    0.5351029634475708,
    0.5184829235076904,
    0.5228609442710876,
    0.5215172171592712,
    0.5181798338890076,
    0.5402212142944336,
    0.5157642960548401,
    0.5089592933654785,
    0.5142314434051514,
    0.519088625907898,
    0.523386538028717,
    0.5200381278991699,
    0.52944415807724,
    0.5186125040054321
  ],
  "val_loss": [
    1.7248682975769043,
    0.6111922860145569,
    0.2584483027458191,
    0.10954847186803818,
    0.15201331675052643,
    0.3664023280143738,
    0.5306577086448669,
    0.9242596626281738,
    0.2829541265964508,
    0.868923008441925,
    0.2522250711917877,
    0.0893884003162384,
    0.4045444428920746,
    0.2969636917114258,
    0.13675150275230408,
    0.14656995236873627,
    0.8447820544242859,
    2.828433036804199,
    1.7306214570999146,
    2.018608808517456,
    0.3020331859588623,
    0.16215243935585022
  ],
  "stopped_epoch": 21
}