{
  "epochs_recorded": [
    0,
    1,
    2,
    3,
    4,
    5,
    6,
    7,
    8,
    9,
    10,
    11,
    12,
    13,
    14,
    15,
    16,
    17,
    18,
    19,
    20,
    21,
    22,
    23,
    24,
    25,
    26,
    27,
    28,
    29,
    30,
    31,
    32,
    33,
    34,
    35,
    36,
    37,
    38,
    39,
    40,
    41,
    42,
    43,
    44,
    45,
    46,
    47,
    48,
    49,
    50,
    51,
    52,
    53,
    54,
    55,
    56,
    57
  ],
  "train_loss": [
    0.46229010820388794,
    0.24921537935733795,
    0.24027462303638458,
    0.23700293898582458,
    0.23961958289146423,
    0.2199418991804123,
    0.13290734589099884,
    0.09684192389249802,
    0.08814036101102829,
    0.07761892676353455,
    0.06837563216686249,
    0.060882531106472015,
    0.06119273975491524,
    0.06272879242897034,
    0.05910365656018257,
    0.05769816413521767,
    0.05465652421116829,
    0.05413726717233658,
    0.05179274454712868,
    0.04936261102557182,
    0.03734277933835983,
    0.03630052134394646,
    0.03640599176287651,
    0.030946994200348854,
    0.03059784136712551,
    0.02854844368994236,
    0.021481133997440338,
    0.01974681206047535,
    0.019760627299547195,
    0.016478603705763817,
    0.014567503705620766,
    0.013050535693764687,
    0.014525182545185089,
    0.01229026634246111,
    0.012056275270879269,
    0.015631001442670822,
    0.01334476564079523,
    0.012005849741399288,
    0.011621669866144657,
    0.011584789492189884,
    0.012357267551124096,
    0.011328612454235554,
    0.011344402097165585,
    0.012408827431499958,
    0.011826618574559689,
    0.010660845786333084,
    0.008535413071513176,
    0.007853888906538486,
    0.007609277963638306,
    0.009914599359035492,
    0.010286170057952404,
    0.008392265066504478,
    0.00944560393691063,
    0.009582052007317543,
    0.007825355045497417,
    0.00953967310488224,
    0.010626865550875664,
    0.008073261007666588
  ],
  "val_loss": [
    1.5439001321792603,
    0.2471909373998642,
    0.23593227565288544,
    0.2296823114156723,
    0.22933392226696014,
    0.22550414502620697,
    0.15709322690963745,
    0.12025253474712372,
    0.09794044494628906,
    0.08330703526735306,
    0.07772630453109741,
    0.06722495704889297,
    0.06472843885421753,
    0.07192067801952362,
    0.06621500849723816,
    0.06447603553533554,
    0.06410392373800278,
    0.06570938974618912,
    0.05975931137800217,
    0.07142238318920135,
    0.04809843376278877,
    0.041985221207141876,
    0.03987528383731842,
    0.03482825309038162,
    0.034546926617622375,
    0.03965850919485092,
    0.02239079959690571,
    0.023350611329078674,
    0.024233588948845863,
    0.022898931056261063,
    0.01794082298874855,
    0.015236441977322102,
    0.01804202049970627,
    0.014558501541614532,
    0.013369572348892689,
    0.01483938004821539,
    0.015279071405529976,
    0.015711700543761253,
    0.013296322897076607,
    0.01313561201095581,
    0.014200701378285885,
    0.012529046274721622,
    0.01071691233664751,
    0.0135203180834651,
    0.010902391746640205,
    0.010741534642875195,
    0.010812241584062576,
    0.010203177109360695,
    0.008412079885601997,
    0.010063130408525467,
    0.01409072894603014,
    0.010973581112921238,
    0.00952549185603857,
    0.008794207125902176,
    0.011032172478735447,
    0.012482347898185253,
    0.013491278514266014,
    0.012312748469412327,
    0.008995736949145794
  ],
  "stopped_epoch": 58
}