{
  "epochs_recorded": [
    0,
    1,
    2,
    3,
    4,
    5,
    6,
    7,
    8,
    9,
    10,
    11,
    12,
    13,
    14,
    15,
    16,
    17,
    18,
    19,
    20,
    21,
    22,
    23,
    24,
    25,
    26,
    27,
    28,
    29,
    30,
    31,
    32,
    33,
    34,
    35,
    36,
    37,
    38,
    39,
    40,
    41,
    42,
    43,
    44,
    45,
    46,
    47,
    48,
    49,
    50,
    51,
    52,
    53,
    54,
    55,
    56,
    57,
    58,
    59,
    60,
    61,
    62,
    63,
    64,
    65
  ],
  "train_loss": [
    1.4712324142456055,
    1.0196458101272583,
    0.8443945646286011,
    0.7470855712890625,
    0.7704118490219116,
    0.7245005369186401,
    0.6487491130828857,
    0.6707019209861755,
    0.6177930235862732,
    0.6517518758773804,
    0.6043996214866638,
    0.611007571220398,
    0.6293268203735352,
    0.5973304510116577,
    0.5889520049095154,
    0.5551156401634216,
    0.5712563991546631,
    0.5836365818977356,
    0.5814213752746582,
    0.5795115232467651,
    0.5679569840431213,
    0.5660046339035034,
    0.5540974140167236,
    0.5677156448364258,
    0.5584057569503784,
    0.5600577592849731,
    0.5911916494369507,
    0.5624942183494568,
    0.5355615615844727,
    0.5448139309883118,
    0.5977237224578857,
    0.5534881949424744,
    0.5709085464477539,
    0.5594102740287781,
    0.5506305694580078,
    0.5532348155975342,
    0.5310967564582825,
    0.5498304963111877,
    0.6005182266235352,
    0.5107151865959167,
    0.5596358776092529,
    0.5461365580558777,
    0.5473316311836243,
    0.5579198598861694,
    0.5393739342689514,
    0.5223339796066284,
    0.5339888334274292,
    0.5246328115463257,
    0.5445338487625122,
    0.5229194164276123,
    0.5267816185951233,
    0.5179410576820374,
    0.5280616283416748,
    0.5274041295051575,
    0.5307009816169739,
    0.545566737651825,
    0.5364589691162109,
    0.5185563564300537,
    0.5423134565353394,
    0.5449410080909729,
    0.5551843047142029,
    0.54583340883255,
    0.5322489142417908,
    0.5306307673454285,
    0.5325706601142883,
    0.5302021503448486
  ],
  "val_loss": [
    1.6567715406417847,
    1.0519269704818726,
    0.37374043464660645,
    0.23063308000564575,
    0.23045575618743896,
    0.16099491715431213,
    0.15306095778942108,
    0.1524447351694107,
    0.13958391547203064,
    0.14022089540958405,
    0.1296563744544983,
    0.1449209451675415,
    0.12755578756332397,
    0.11546558141708374,
    0.10834557563066483,
    0.1121211051940918,
    0.10998335480690002,
    0.10514078289270401,
    0.10266582667827606,
    0.10349985212087631,
    0.10467532277107239,
    0.10574936121702194,
    0.10007992386817932,
    0.09943011403083801,
    0.09908665716648102,
    0.10279610008001328,
    0.09653931856155396,
    0.09751066565513611,
    0.09727154672145844,
    0.09826386719942093,
    0.09560804069042206,
    0.09783101081848145,
    0.09854166209697723,
    0.0975656509399414,
    0.09240863472223282,
    0.09289834648370743,
    0.09279516339302063,
    0.09203091263771057,
    0.09090583771467209,
    0.12627898156642914,
    0.09015413373708725,
    0.08920728415250778,
    0.09110988676548004,
    0.13186369836330414,
    0.09112071245908737,
    0.08867254853248596,
    0.08767692744731903,
    0.08673778176307678,
    0.08729846030473709,
    0.08469799160957336,
    0.08527462184429169,
    0.08468202501535416,
    0.08494032174348831,
    0.0829739198088646,
    0.08403150737285614,
    0.0846266970038414,
    0.08238990604877472,
    0.08585809916257858,
    0.08270522952079773,
    0.08274006098508835,
    0.08255133032798767,
    0.15042045712471008,
    0.0830526128411293,
    0.08377633988857269,
    0.08468490839004517,
    0.0829257220029831,
    0.08265625685453415
  ],
  "stopped_epoch": 66
}