{
  "epochs_recorded": [
    0,
    1,
    2,
    3,
    4,
    5,
    6,
    7,
    8,
    9,
    10,
    11,
    12,
    13,
    14,
    15,
    16,
    17,
    18,
    19,
    20,
    21,
    22,
    23,
    24,
    25,
    26,
    27,
    28,
    29,
    30,
    31,
    32,
    33,
    34,
    35,
    36,
    37,
    38,
    39,
    40,
    41,
    42,
    43,
    44,
    45,
    46,
    47,
    48,
    49,
    50,
    51,
    52,
    53,
    54,
    55,
    56,
    57,
    58,
    59,
    60,
    61,
    62,
    63,
    64,
    65
  ],
  "train_loss": [
    1.656207799911499,
    1.3478434085845947,
    1.154313564300537,
    1.0836870670318604,
    1.2763218879699707,
    0.8883593082427979,
    0.7758638858795166,
    0.7331773638725281,
    0.7093836069107056,
    0.7231936454772949,
    0.6663643717765808,
    0.6638782024383545,
    0.7316762804985046,
    0.6959408521652222,
    0.6203018426895142,
    0.6439480781555176,
    0.6280032396316528,
    0.6360830068588257,
    0.6073086261749268,
    0.7152234315872192,
    0.6351350545883179,
    0.6740560531616211,
    0.6368619203567505,
    0.6276339292526245,
    0.6059224605560303,
    0.5892989635467529,
    0.7861804366111755,
    0.5838241577148438,
    0.5633808374404907,
    0.5859814882278442,
    0.6091705560684204,
    0.6193718910217285,
    0.6535699367523193,
    0.5698223114013672,
    0.5973888039588928,
    0.5835679173469543,
    0.5789484977722168,
    0.6020748019218445,
    0.6752468943595886,
    0.5572922825813293,
    0.6032383441925049,
    0.6090021133422852,
    0.6382164359092712,
    0.5897237658500671,
    0.5697377324104309,
    0.5492246150970459,
    0.5769228339195251,
    0.5751141309738159,
    0.5897005796432495,
    0.558569073677063,
    0.5417670011520386,
    0.536365270614624,
    0.5852298736572266,
    0.5677511096000671,
    0.5404089689254761,
    0.5593224167823792,
    0.5508546233177185,
    0.52704918384552,
    0.5624136328697205,
    0.5631297826766968,
    0.6208986639976501,
    0.5587762594223022,
    0.5714389085769653,
    0.5329588651657104,
    0.5510870814323425,
    0.5544553995132446
  ],
  "val_loss": [
    1.6515637636184692,
    0.9613713622093201,
    0.6631989479064941,
    0.4400070309638977,
    0.19831392168998718,
    0.2030944973230362,
    0.18309232592582703,
    0.17219044268131256,
    0.14389677345752716,
    0.15506340563297272,
    0.14103321731090546,
    0.1483892798423767,
    0.13409240543842316,
    0.13148441910743713,
    0.1309814304113388,
    0.12641173601150513,
    0.12732857465744019,
    0.1248859316110611,
    0.12075147777795792,
    0.12803035974502563,
    0.12380379438400269,
    0.12212486565113068,
    0.14363029599189758,
    0.12662456929683685,
    0.11629274487495422,
    0.12351761013269424,
    0.1188231110572815,
    0.11723253130912781,
    0.11281108111143112,
    0.1170310378074646,
    0.11356636136770248,
    0.12115857005119324,
    0.11275587230920792,
    0.11284460127353668,
    0.10555032640695572,
    0.10668366402387619,
    0.10514310002326965,
    0.10663549602031708,
    0.10478108376264572,
    0.1124022901058197,
    0.10307176411151886,
    0.10626882314682007,
    0.1045069620013237,
    0.12072036415338516,
    0.10198576003313065,
    0.1050732210278511,
    0.10466775298118591,
    0.1001049131155014,
    0.09981919080018997,
    0.0991658866405487,
    0.09415984898805618,
    0.0921710655093193,
    0.12190354615449905,
    0.09676677733659744,
    0.08894255757331848,
    0.08814501017332077,
    0.08618739247322083,
    0.08790400624275208,
    0.08908499032258987,
    0.08749158680438995,
    0.08791757375001907,
    0.09318726509809494,
    0.08887512236833572,
    0.08892111480236053,
    0.08931746333837509,
    0.08729442954063416,
    0.08675326406955719
  ],
  "stopped_epoch": 66
}