{
  "epochs_recorded": [
    0,
    1,
    2,
    3,
    4,
    5,
    6,
    7,
    8,
    9,
    10,
    11,
    12,
    13,
    14,
    15
  ],
  "train_loss": [
    0.4060571789741516,
    0.07463347166776657,
    0.06507967412471771,
    0.06495890766382217,
    0.060689572244882584,
    0.059090256690979004,
    0.05852188542485237,
    0.05808817967772484,
    0.05783539637923241,
    0.057517871260643005,
    0.05869732052087784,
    0.05813142657279968,
    0.05702301114797592,
    0.056977879256010056,
    0.0569620318710804,
    0.05657944083213806
  ],
  "val_loss": [
    0.2672293186187744,
    0.10026134550571442,
    0.08009815961122513,
    0.07091107964515686,
    0.07831691950559616,
    0.0704089105129242,
    0.06935692578554153,
    0.06958979368209839,
    0.07402342557907104,
    0.07268413156270981,
    0.07353159040212631,
    0.07477912306785583,
    0.06947348266839981,
    0.0701943188905716,
    0.07039571553468704,
    0.0716518759727478,
    0.06976904720067978
  ],
  "stopped_epoch": 16
}