{
  "epochs_recorded": [
    0,
    1,
    2,
    3,
    4,
    5,
    6,
    7,
    8,
    9,
    10
  ],
  "train_loss": [
    1.2370641231536865,
    1.3417788743972778,
    1.2839802503585815,
    1.1746866703033447,
    1.0712617635726929,
    1.0836400985717773,
    1.0285820960998535,
    1.0498607158660889,
    1.0422899723052979,
    0.9460923671722412,
    0.9675388336181641
  ],
  "val_loss": [
    2.8452141284942627,
    0.18984144926071167,
    0.23533278703689575,
    0.26493966579437256,
    0.27391189336776733,
    0.2598988711833954,
    0.2506788372993469,
    0.23606742918491364,
    0.229333758354187,
    0.20194706320762634,
    0.2163129448890686,
    0.21655777096748352
  ],
  "stopped_epoch": 11
}