{
  "epochs_recorded": [
    0,
    1,
    2,
    3,
    4,
    5,
    6,
    7,
    8,
    9,
    10,
    11,
    12,
    13,
    14,
    15,
    16,
    17,
    18,
    19,
    20,
    21,
    22,
    23,
    24,
    25,
    26,
    27,
    28,
    29,
    30,
    31,
    32
  ],
  "train_loss": [
    0.25348591804504395,
    0.06496351957321167,
    0.06314363330602646,
    0.063295379281044,
    0.05841883271932602,
    0.05576980486512184,
    0.055118776857852936,
    0.05566069111227989,
    0.054913997650146484,
    0.05528511479496956,
    0.0553864911198616,
    0.05489730462431908,
    0.055499300360679626,
    0.05501851439476013,
    0.05493507906794548,
    0.05478338152170181,
    0.05477568134665489,
    0.05533582344651222,
    0.05568180978298187,
    0.05476029962301254,
    0.054853491485118866,
    0.05471283569931984,
    0.054535962641239166,
    0.054549869149923325,
    0.05472336336970329,
    0.054639291018247604,
    0.05448957905173302,
    0.054831668734550476,
    0.05494363605976105,
    0.054659876972436905,
    0.0546509213745594,
    0.0549766831099987,
    0.05539505556225777
  ],
  "val_loss": [
    0.3002226948738098,
    0.08034590631723404,
    0.07279878854751587,
    0.07364178448915482,
    0.07341361790895462,
    0.07147639244794846,
    0.07008811831474304,
    0.06951580196619034,
    0.07283586263656616,
    0.07243998348712921,
    0.07188865542411804,
    0.07039424777030945,
    0.0694614127278328,
    0.06969380378723145,
    0.07103387266397476,
    0.06980855017900467,
    0.0691954493522644,
    0.0728711187839508,
    0.07500491291284561,
    0.07166878879070282,
    0.0709194764494896,
    0.06951069086790085,
    0.07063210010528564,
    0.06903968006372452,
    0.0695364847779274,
    0.07065138965845108,
    0.0698179304599762,
    0.07056545466184616,
    0.07008849084377289,
    0.07066959142684937,
    0.06957804411649704,
    0.06933403015136719,
    0.07147732377052307,
    0.06953294575214386
  ],
  "stopped_epoch": 33
}