{
  "epochs_recorded": [
    0,
    1,
    2,
    3,
    4,
    5,
    6,
    7,
    8,
    9,
    10,
    11,
    12,
    13,
    14,
    15,
    16,
    17,
    18,
    19,
    20,
    21,
    22,
    23,
    24,
    25,
    26,
    27,
    28,
    29,
    30,
    31
  ],
  "train_loss": [
    0.7901137471199036,
    0.8014975786209106,
    0.8142763376235962,
    0.6783088445663452,
    0.6691067218780518,
    0.7019615173339844,
    0.67852383852005,
    0.6523400545120239,
    0.5652944445610046,
    0.6519179940223694,
    0.6091849207878113,
    0.63860023021698,
    0.6997404098510742,
    0.6554967761039734,
    0.5905839800834656,
    0.5728168487548828,
    0.50809645652771,
    0.5687082409858704,
    0.5885990262031555,
    0.5175804495811462,
    0.536054790019989,
    0.5855984091758728,
    0.5988890528678894,
    0.6054468750953674,
    0.589311420917511,
    0.5238783955574036,
    0.5544359683990479,
    0.5582853555679321,
    0.5781381130218506,
    0.5953010320663452,
    0.5482865571975708,
    0.5368477702140808
  ],
  "val_loss": [
    2.767765522003174,
    0.09274224936962128,
    0.0861797034740448,
    0.0815695971250534,
    0.08204183727502823,
    0.07953643053770065,
    0.0815213993191719,
    0.0985497385263443,
    0.10928577184677124,
    0.1798470914363861,
    0.11532402038574219,
    0.08106353878974915,
    0.4514923095703125,
    0.15647223591804504,
    0.07895534485578537,
    0.07664614170789719,
    0.07515755295753479,
    0.0792073905467987,
    0.08071013540029526,
    0.06914078444242477,
    0.0719507485628128,
    0.0702606588602066,
    0.0690295472741127,
    0.07364475727081299,
    0.07231760770082474,
    0.06921910494565964,
    0.06945715844631195,
    0.07346021384000778,
    0.07573267072439194,
    0.07134247571229935,
    0.07062554359436035,
    0.0757668986916542,
    0.07589882612228394
  ],
  "stopped_epoch": 32
}