{
  "epochs_recorded": [
    0,
    1,
    2,
    3,
    4,
    5,
    6,
    7,
    8,
    9,
    10,
    11,
    12,
    13,
    14,
    15,
    16,
    17,
    18,
    19,
    20,
    21,
    22,
    23,
    24,
    25,
    26,
    27,
    28,
    29
  ],
  "train_loss": [
    0.28967639803886414,
    0.16136664152145386,
    0.09205896407365799,
    0.06515643745660782,
    0.0567953959107399,
    0.051779378205537796,
    0.04690961912274361,
    0.045799702405929565,
    0.043254151940345764,
    0.04139704257249832,
    0.04016049951314926,
    0.03864012658596039,
    0.037858378142118454,
    0.036222971975803375,
    0.03576494753360748,
    0.035303521901369095,
    0.03514937683939934,
    0.035436321049928665,
    0.033866677433252335,
    0.03371962159872055,
    0.03288501128554344,
    0.03214029222726822,
    0.03248845040798187,
    0.031725525856018066,
    0.030875585973262787,
    0.031923290342092514,
    0.030528252944350243,
    0.03153039515018463,
    0.02972562238574028,
    0.0300578735768795
  ],
  "val_loss": [
    0.718995213508606,
    0.17359569668769836,
    0.09654869884252548,
    0.048628684133291245,
    0.04309461638331413,
    0.03902113065123558,
    0.03675529360771179,
    0.03846454620361328,
    0.03542472422122955,
    0.03620864823460579,
    0.03412269055843353,
    0.03549587354063988,
    0.03172043710947037,
    0.03254784271121025,
    0.032513443380594254,
    0.03198859840631485,
    0.03849337622523308,
    0.03740285709500313,
    0.030643081292510033,
    0.030971068888902664,
    0.02828471176326275,
    0.033551573753356934,
    0.03136713430285454,
    0.02831592969596386,
    0.028718266636133194,
    0.02984045445919037,
    0.03132892772555351,
    0.03597361966967583,
    0.032003261148929596,
    0.03511635214090347,
    0.03178756311535835
  ],
  "stopped_epoch": 30
}