{
  "epochs_recorded": [
    0,
    1,
    2,
    3,
    4,
    5,
    6,
    7,
    8,
    9,
    10,
    11,
    12,
    13,
    14,
    15,
    16,
    17,
    18,
    19,
    20,
    21,
    22,
    23,
    24,
    25,
    26,
    27,
    28,
    29,
    30,
    31,
    32,
    33,
    34,
    35,
    36,
    37,
    38,
    39,
    40,
    41,
    42,
    43,
    44,
    45,
    46,
    47,
    48,
    49,
    50,
    51,
    52,
    53,
    54,
    55,
    56,
    57,
    58,
    59,
    60,
    61,
    62,
    63,
    64,
    65,
    66,
    67,
    68,
    69,
    70,
    71,
    72,
    73,
    74,
    75,
    76,
    77,
    78,
    79,
    80,
    81,
    82,
    83,
    84,
    85,
    86,
    87,
    88,
    89,
    90
  ],
  "train_loss": [
    0.740854799747467,
    0.2590212821960449,
    0.2312009036540985,
    0.1809118688106537,
    0.1346660703420639,
    0.11767854541540146,
    0.10283075273036957,
    0.09469980001449585,
    0.08913686871528625,
    0.08385461568832397,
    0.07842452824115753,
    0.07522173225879669,
    0.07444076240062714,
    0.07116380333900452,
    0.06777890026569366,
    0.06608083844184875,
    0.0620451495051384,
    0.060343414545059204,
    0.058952897787094116,
    0.05690084770321846,
    0.054638490080833435,
    0.055096421390771866,
    0.05612664297223091,
    0.052658237516880035,
    0.05183735489845276,
    0.04877735301852226,
    0.04857681691646576,
    0.04793238267302513,
    0.04694194719195366,
    0.04609917476773262,
    0.04619159176945686,
    0.0460885651409626,
    0.04403180629014969,
    0.04332517459988594,
    0.04283285140991211,
    0.043153468519449234,
    0.04258270189166069,
    0.041804004460573196,
    0.041833728551864624,
    0.04099227860569954,
    0.04036547616124153,
    0.03939417004585266,
    0.040144700556993484,
    0.03904356062412262,
    0.0375828854739666,
    0.03764355555176735,
    0.03888804465532303,
    0.037580687552690506,
    0.03676604852080345,
    0.03618438541889191,
    0.035785600543022156,
    0.03593684360384941,
    0.03378104045987129,
    0.03472292423248291,
    0.03369554132223129,
    0.033716123551130295,
    0.033822670578956604,
    0.03291979432106018,
    0.03313295170664787,
    0.034667421132326126,
    0.03323417529463768,
    0.03255929425358772,
    0.03256341814994812,
    0.03125566989183426,
    0.031141841784119606,
    0.030952638015151024,
    0.03179793059825897,
    0.031259745359420776,
    0.030423464253544807,
    0.029830725863575935,
    0.02966758795082569,
    0.030244579538702965,
    0.029979282990098,
    0.031136633828282356,
    0.029120488092303276,
    0.029573170468211174,
    0.029499337077140808,
    0.028765397146344185,
    0.029180200770497322,
    0.02782508358359337,
    0.027828529477119446,
    0.027348510921001434,
    0.02675849199295044,
    0.027790643274784088,
    0.027465684339404106,
    0.02809196151793003,
    0.027088802307844162,
    0.02754174917936325,
    0.02632291615009308,
    0.02695995382964611,
    0.027362791821360588
  ],
  "val_loss": [
    0.8079627752304077,
    0.29481372237205505,
    0.23205094039440155,
    0.17895172536373138,
    0.10884805023670197,
    0.10842566192150116,
    0.08403030037879944,
    0.08417916297912598,
    0.07528884708881378,
    0.07035654038190842,
    0.0657503679394722,
    0.06383773684501648,
    0.061005182564258575,
    0.06423503905534744,
    0.058791566640138626,
    0.05952778831124306,
    0.05392644926905632,
    0.05242631584405899,
    0.05026015266776085,
    0.04799279198050499,
    0.046309757977724075,
    0.04814814403653145,
    0.044895950704813004,
    0.043204620480537415,
    0.04420103505253792,
    0.04014189541339874,
    0.041211679577827454,
    0.04021395370364189,
    0.03601645305752754,
    0.03694167360663414,
    0.03686288744211197,
    0.04122611880302429,
    0.03375277668237686,
    0.035762444138526917,
    0.03588820993900299,
    0.03276132419705391,
    0.03196897730231285,
    0.03226393088698387,
    0.03514138609170914,
    0.031146550551056862,
    0.03182953968644142,
    0.02987944521009922,
    0.03112226538360119,
    0.029804585501551628,
    0.029050536453723907,
    0.03157681226730347,
    0.02729097381234169,
    0.028627965599298477,
    0.026322850957512856,
    0.025050505995750427,
    0.026581620797514915,
    0.02781207486987114,
    0.02502143383026123,
    0.024956172332167625,
    0.023420309647917747,
    0.023473801091313362,
    0.025655752047896385,
    0.026822926476597786,
    0.02191448211669922,
    0.024427415803074837,
    0.023514457046985626,
    0.02476964145898819,
    0.022906407713890076,
    0.02328473888337612,
    0.022688670083880424,
    0.02048613131046295,
    0.021975837647914886,
    0.022715358063578606,
    0.0190778449177742,
    0.020483851432800293,
    0.019523372873663902,
    0.020627308636903763,
    0.020183367654681206,
    0.02365657314658165,
    0.021456453949213028,
    0.019771140068769455,
    0.019843759015202522,
    0.017863452434539795,
    0.019797122105956078,
    0.01952233724296093,
    0.019289366900920868,
    0.016793882474303246,
    0.018629247322678566,
    0.021857596933841705,
    0.018649671226739883,
    0.01712982729077339,
    0.02001052163541317,
    0.01733293943107128,
    0.017619313672184944,
    0.017603876069188118,
    0.018240127712488174,
    0.019003648310899734
  ],
  "stopped_epoch": 91
}