{
  "epochs_recorded": [
    0,
    1,
    2,
    3,
    4,
    5,
    6,
    7,
    8,
    9,
    10,
    11,
    12,
    13,
    14,
    15,
    16,
    17,
    18,
    19,
    20,
    21,
    22,
    23,
    24,
    25,
    26,
    27,
    28,
    29,
    30,
    31,
    32,
    33,
    34,
    35,
    36,
    37,
    38,
    39,
    40
  ],
  "train_loss": [
    0.8695566654205322,
    0.7935816049575806,
    0.6439826488494873,
    0.6240528225898743,
    0.8999491930007935,
    0.5961130261421204,
    0.5377509593963623,
    0.555241048336029,
    0.5180181264877319,
    0.5761571526527405,
    0.5495201349258423,
    0.5111583471298218,
    0.5465599298477173,
    0.5184916853904724,
    0.4918995201587677,
    0.5084273219108582,
    0.48547834157943726,
    0.5163627862930298,
    0.5119216442108154,
    0.49503588676452637,
    0.48968854546546936,
    0.49842143058776855,
    0.513810396194458,
    0.48162534832954407,
    0.49788856506347656,
    0.49248629808425903,
    0.48489660024642944,
    0.4816010594367981,
    0.4801443815231323,
    0.4730701446533203,
    0.5568961501121521,
    0.47880327701568604,
    0.5027908086776733,
    0.48780393600463867,
    0.4891895055770874,
    0.47566908597946167,
    0.46802717447280884,
    0.47607308626174927,
    0.5130239129066467,
    0.4806501865386963,
    0.4796909689903259
  ],
  "val_loss": [
    0.5199984908103943,
    0.36560970544815063,
    0.7988749742507935,
    0.21449925005435944,
    0.12447112798690796,
    0.2932504713535309,
    0.08424946665763855,
    0.0966276004910469,
    0.08165808767080307,
    0.07940052449703217,
    0.07575038075447083,
    0.07488495856523514,
    0.06712532043457031,
    0.06317322701215744,
    0.055864449590444565,
    0.05587449669837952,
    0.05379345268011093,
    0.04716181755065918,
    0.0467626191675663,
    0.058564964681863785,
    0.04753012955188751,
    0.04550369083881378,
    0.04528386890888214,
    0.04753831773996353,
    0.04831598326563835,
    0.04699046164751053,
    0.044076915830373764,
    0.0434064120054245,
    0.044081758707761765,
    0.042487770318984985,
    0.04282708093523979,
    0.0419306755065918,
    0.04342951253056526,
    0.04314315691590309,
    0.04879473149776459,
    0.04552625119686127,
    0.043678708374500275,
    0.04297931492328644,
    0.0485299676656723,
    0.043694790452718735,
    0.04293464496731758,
    0.042297374457120895
  ],
  "stopped_epoch": 41
}