{
  "epochs_recorded": [
    0,
    1,
    2,
    3,
    4,
    5,
    6,
    7,
    8,
    9,
    10,
    11,
    12,
    13,
    14,
    15,
    16,
    17,
    18,
    19,
    20,
    21,
    22,
    23,
    24,
    25,
    26,
    27,
    28,
    29,
    30,
    31,
    32,
    33,
    34,
    35,
    36,
    37,
    38,
    39,
    40,
    41,
    42,
    43,
    44,
    45,
    46,
    47,
    48,
    49,
    50,
    51,
    52,
    53,
    54,
    55,
    56,
    57,
    58
  ],
  "train_loss": [
    0.8362560868263245,
    0.24464672803878784,
    0.2354956567287445,
    0.22595199942588806,
    0.18023914098739624,
    0.12076762318611145,
    0.11694362014532089,
    0.11037622392177582,
    0.08899684250354767,
    0.07956252992153168,
    0.0724598616361618,
    0.06585650146007538,
    0.06677135825157166,
    0.06316419690847397,
    0.05710029974579811,
    0.05272551625967026,
    0.0507667250931263,
    0.0459163561463356,
    0.042315080761909485,
    0.03972972184419632,
    0.042187973856925964,
    0.03376086801290512,
    0.031019091606140137,
    0.028638005256652832,
    0.026558728888630867,
    0.027192464098334312,
    0.02567712590098381,
    0.0234247874468565,
    0.02324768155813217,
    0.025285735726356506,
    0.023853404447436333,
    0.023217016831040382,
    0.020489096641540527,
    0.01996464654803276,
    0.01984170265495777,
    0.020822973921895027,
    0.020080968737602234,
    0.018533311784267426,
    0.018933985382318497,
    0.01896129734814167,
    0.019666964188218117,
    0.018424764275550842,
    0.018757231533527374,
    0.018153244629502296,
    0.017811624333262444,
    0.018101684749126434,
    0.017756514251232147,
    0.018363967537879944,
    0.016796743497252464,
    0.017073987051844597,
    0.018027950078248978,
    0.01790652982890606,
    0.018653908744454384,
    0.016917787492275238,
    0.017688021063804626,
    0.016885410994291306,
    0.019032394513487816,
    0.017842451110482216,
    0.015350447036325932
  ],
  "val_loss": [
    1.9676133394241333,
    0.2668024003505707,
    0.2263498455286026,
    0.22630096971988678,
    0.20134015381336212,
    0.12417735159397125,
    0.10721597075462341,
    0.10865739732980728,
    0.09854266047477722,
    0.07433514297008514,
    0.06981082260608673,
    0.06700606644153595,
    0.0675579234957695,
    0.057025641202926636,
    0.06053681671619415,
    0.05386250838637352,
    0.051904529333114624,
    0.04589177295565605,
    0.04181243106722832,
    0.03497867286205292,
    0.03862062841653824,
    0.03298206999897957,
    0.028606830164790154,
    0.026764215901494026,
    0.024309653788805008,
    0.020850319415330887,
    0.023049945011734962,
    0.020401638001203537,
    0.01851494237780571,
    0.018727930262684822,
    0.020457293838262558,
    0.01834685541689396,
    0.01786288246512413,
    0.017987295985221863,
    0.016304315999150276,
    0.019191674888134003,
    0.0162095557898283,
    0.01483666431158781,
    0.015958691015839577,
    0.01622631400823593,
    0.014623074792325497,
    0.01564755290746689,
    0.018480217084288597,
    0.014975572936236858,
    0.014270317740738392,
    0.014207256026566029,
    0.016600603237748146,
    0.014976942911744118,
    0.01306451577693224,
    0.012753098271787167,
    0.013911979272961617,
    0.016678355634212494,
    0.014588815160095692,
    0.015631722286343575,
    0.013379157520830631,
    0.015114324167370796,
    0.013892311602830887,
    0.01712498813867569,
    0.013815867714583874,
    0.013737153261899948
  ],
  "stopped_epoch": 59
}