{
  "epochs_recorded": [
    0,
    1,
    2,
    3,
    4,
    5,
    6,
    7,
    8,
    9,
    10,
    11,
    12,
    13,
    14,
    15,
    16,
    17,
    18,
    19,
    20,
    21,
    22,
    23,
    24,
    25,
    26,
    27
  ],
  "train_loss": [
    9.74435806274414,
    0.6467964053153992,
    0.2784750461578369,
    0.23114225268363953,
    0.21898849308490753,
    0.21251793205738068,
    0.20902380347251892,
    0.21432146430015564,
    0.21065573394298553,
    0.2066359668970108,
    0.20603221654891968,
    0.20954856276512146,
    0.20894338190555573,
    0.20682649314403534,
    0.20689117908477783,
    0.2088555544614792,
    0.20605666935443878,
    0.20641028881072998,
    0.20513178408145905,
    0.20589393377304077,
    0.2067478746175766,
    0.2103203386068344,
    0.20708614587783813,
    0.2094734013080597,
    0.20538492500782013,
    0.20363155007362366,
    0.2065509557723999,
    0.20370157063007355
  ],
  "val_loss": [
    1.5537651777267456,
    0.5662127137184143,
    0.17877990007400513,
    0.19450515508651733,
    0.18293659389019012,
    0.18782204389572144,
    0.18458017706871033,
    0.1927274465560913,
    0.17827726900577545,
    0.1999337524175644,
    0.1782788634300232,
    0.18332155048847198,
    0.19800853729248047,
    0.1869184523820877,
    0.17718549072742462,
    0.1843363344669342,
    0.18300670385360718,
    0.18106944859027863,
    0.17648334801197052,
    0.17797021567821503,
    0.17662052810192108,
    0.17901156842708588,
    0.18292236328125,
    0.18331016600131989,
    0.19293785095214844,
    0.1806941032409668,
    0.17885923385620117,
    0.18180283904075623,
    0.19213460385799408
  ],
  "stopped_epoch": 28
}