{
  "epochs_recorded": [
    0,
    1,
    2,
    3,
    4,
    5,
    6,
    7,
    8,
    9,
    10,
    11,
    12,
    13,
    14,
    15,
    16,
    17,
    18,
    19,
    20,
    21,
    22,
    23,
    24,
    25,
    26,
    27,
    28,
    29,
    30,
    31,
    32,
    33,
    34,
    35,
    36,
    37,
    38,
    39,
    40,
    41,
    42,
    43,
    44,
    45
  ],
  "train_loss": [
    0.12093597650527954,
    0.06790430843830109,
    0.0600765235722065,
    0.05806354060769081,
    0.057110223919153214,
    0.05656160041689873,
    0.055759526789188385,
    0.05554182082414627,
    0.0550357848405838,
    0.05412677302956581,
    0.054246239364147186,
    0.05375908687710762,
    0.053849320858716965,
    0.05364324152469635,
    0.05361747741699219,
    0.052762046456336975,
    0.0523780919611454,
    0.05317229777574539,
    0.05386066436767578,
    0.05338401719927788,
    0.051824793219566345,
    0.051860302686691284,
    0.0518345981836319,
    0.0515272282063961,
    0.05115379020571709,
    0.05171220377087593,
    0.05160704255104065,
    0.05171271786093712,
    0.05247730761766434,
    0.051532965153455734,
    0.05091255530714989,
    0.051336172968149185,
    0.05293828994035721,
    0.05425390228629112,
    0.051591191440820694,
    0.051961783319711685,
    0.051514673978090286,
    0.051171522587537766,
    0.05241204798221588,
    0.05154924839735031,
    0.05196496471762657,
    0.05158865079283714,
    0.05147290229797363,
    0.0514543280005455,
    0.05145469307899475,
    0.05142335593700409
  ],
  "val_loss": [
    0.2715775668621063,
    0.07425624877214432,
    0.07125463336706161,
    0.06806129217147827,
    0.06766674667596817,
    0.07002705335617065,
    0.06779126822948456,
    0.06523704528808594,
    0.06700494885444641,
    0.068852998316288,
    0.06526368111371994,
    0.0645894780755043,
    0.06366252899169922,
    0.0640299916267395,
    0.06664910912513733,
    0.06363529711961746,
    0.06361901015043259,
    0.06802552193403244,
    0.06849302351474762,
    0.06341011077165604,
    0.06359383463859558,
    0.06384983658790588,
    0.0662541538476944,
    0.06286576390266418,
    0.0633651539683342,
    0.06345268338918686,
    0.06596177071332932,
    0.06358271837234497,
    0.06341259926557541,
    0.06677064299583435,
    0.06456276774406433,
    0.06284581124782562,
    0.06306290626525879,
    0.06591349840164185,
    0.06397636234760284,
    0.06405499577522278,
    0.06271707266569138,
    0.06373227387666702,
    0.0629718229174614,
    0.06322557479143143,
    0.06313479691743851,
    0.06437264382839203,
    0.06475169956684113,
    0.06671241670846939,
    0.06315705180168152,
    0.06302987784147263,
    0.06506044417619705
  ],
  "stopped_epoch": 46
}