{
  "epochs_recorded": [
    0,
    1,
    2,
    3,
    4,
    5,
    6,
    7,
    8,
    9,
    10,
    11,
    12,
    13,
    14,
    15,
    16,
    17,
    18,
    19,
    20,
    21,
    22,
    23,
    24,
    25,
    26,
    27,
    28,
    29,
    30,
    31,
    32,
    33
  ],
  "train_loss": [
    1.008705973625183,
    0.864037275314331,
    0.6735581755638123,
    0.6091638207435608,
    0.5269956588745117,
    0.5245574712753296,
    0.4957617223262787,
    0.4906229078769684,
    0.5023142695426941,
    0.48819974064826965,
    0.47909656167030334,
    0.5159827470779419,
    0.4588086009025574,
    0.6529707908630371,
    0.4625105857849121,
    0.4477498233318329,
    0.4394952654838562,
    0.43298888206481934,
    0.4511856734752655,
    0.4377746284008026,
    0.43586230278015137,
    0.44588521122932434,
    0.44787517189979553,
    0.43670186400413513,
    0.43006935715675354,
    0.4389289915561676,
    0.6310825347900391,
    0.5031386613845825,
    0.46443966031074524,
    0.438129186630249,
    0.4404923617839813,
    0.44041112065315247,
    0.4391573369503021,
    0.44053447246551514
  ],
  "val_loss": [
    1.4007580280303955,
    9.899541854858398,
    5.320652484893799,
    0.7874311804771423,
    0.22545267641544342,
    0.10625863820314407,
    0.09527219831943512,
    0.08097240328788757,
    0.08282102644443512,
    0.07783365994691849,
    0.076870858669281,
    0.0751122459769249,
    0.07105441391468048,
    0.06933608651161194,
    0.07153168320655823,
    0.13660074770450592,
    0.1548430621623993,
    0.03901585936546326,
    0.06274297833442688,
    0.030883602797985077,
    0.06197668984532356,
    0.03140994906425476,
    0.0951945036649704,
    0.03756034001708031,
    0.018808478489518166,
    0.05797833576798439,
    0.13265657424926758,
    0.07941120862960815,
    0.05938787758350372,
    0.058160267770290375,
    0.028311466798186302,
    0.02204861491918564,
    0.023919815197587013,
    0.033647213131189346,
    0.04117557033896446
  ],
  "stopped_epoch": 34
}