{
  "epochs_recorded": [
    0,
    1,
    2,
    3,
    4,
    5,
    6,
    7,
    8,
    9,
    10,
    11,
    12,
    13,
    14,
    15,
    16,
    17,
    18,
    19,
    20,
    21,
    22,
    23,
    24,
    25,
    26,
    27,
    28,
    29,
    30,
    31
  ],
  "train_loss": [
    0.6700366735458374,
    0.538243293762207,
    0.5145735740661621,
    0.4836108684539795,
    0.4818532168865204,
    0.5083044171333313,
    0.4750780463218689,
    0.4754032492637634,
    0.46692410111427307,
    0.47872304916381836,
    0.466319739818573,
    0.46896475553512573,
    0.4776061475276947,
    0.4657285511493683,
    0.4678928256034851,
    0.4650268852710724,
    0.4614563286304474,
    0.484435498714447,
    0.4697055220603943,
    0.4735359251499176,
    0.46338149905204773,
    0.48030906915664673,
    0.4899872839450836,
    0.4717317819595337,
    0.47945764660835266,
    0.47624459862709045,
    0.47262921929359436,
    0.47080469131469727,
    0.465905100107193,
    0.4610515236854553,
    0.4677187204360962,
    0.46519699692726135
  ],
  "val_loss": [
    0.4791076183319092,
    2.637132167816162,
    2.6385908126831055,
    0.780073881149292,
    0.1510387361049652,
    0.08738940209150314,
    0.06692532449960709,
    0.12479206174612045,
    0.06995099037885666,
    0.07190369814634323,
    0.05638675391674042,
    0.041073694825172424,
    0.07215626537799835,
    0.04473008215427399,
    0.06032697856426239,
    0.0440993532538414,
    0.07276802510023117,
    0.04996468126773834,
    0.043494123965501785,
    0.04406620189547539,
    0.04072451964020729,
    0.03866621479392052,
    0.0384020060300827,
    0.03859312832355499,
    0.039577506482601166,
    0.04111005738377571,
    0.04557936638593674,
    0.04697312042117119,
    0.045550230890512466,
    0.05677962675690651,
    0.15904249250888824,
    0.0552203468978405,
    0.04314223304390907
  ],
  "stopped_epoch": 32
}