{
  "epochs_recorded": [
    0,
    1,
    2,
    3,
    4,
    5,
    6,
    7,
    8,
    9,
    10,
    11,
    12,
    13,
    14,
    15,
    16,
    17,
    18,
    19,
    20,
    21,
    22,
    23,
    24,
    25,
    26,
    27,
    28,
    29,
    30,
    31,
    32,
    33,
    34,
    35,
    36,
    37,
    38,
    39,
    40,
    41,
    42,
    43,
    44,
    45,
    46,
    47,
    48,
    49,
    50,
    51
  ],
  "train_loss": [
    1.433679223060608,
    0.19771255552768707,
    0.1573798954486847,
    0.1312503218650818,
    0.10946810990571976,
    0.09261848777532578,
    0.07969590276479721,
    0.06913876533508301,
    0.062228694558143616,
    0.05825274810194969,
    0.056622449308633804,
    0.0574997141957283,
    0.05656230449676514,
    0.05569972097873688,
    0.05433320999145508,
    0.054176248610019684,
    0.05348719656467438,
    0.05494169145822525,
    0.05443897843360901,
    0.05413399264216423,
    0.05340661481022835,
    0.05529584735631943,
    0.053781069815158844,
    0.052270784974098206,
    0.057308848947286606,
    0.05256666615605354,
    0.057122502475976944,
    0.0515088215470314,
    0.052239593118429184,
    0.05589694902300835,
    0.0651601031422615,
    0.05306077003479004,
    0.05186639726161957,
    0.05430929735302925,
    0.0538356639444828,
    0.05105447769165039,
    0.050811126828193665,
    0.05496302992105484,
    0.05089044198393822,
    0.05434039980173111,
    0.052751973271369934,
    0.05936072766780853,
    0.05152023211121559,
    0.04902217909693718,
    0.05076244845986366,
    0.0497613325715065,
    0.0606834776699543,
    0.04990668222308159,
    0.046909257769584656,
    0.04694260656833649,
    0.05214524269104004,
    0.05624435469508171
  ],
  "val_loss": [
    0.3721510171890259,
    0.1597459614276886,
    0.1486750841140747,
    0.12426239997148514,
    0.106126569211483,
    0.09075316786766052,
    0.07577358931303024,
    0.06724999845027924,
    0.05697813630104065,
    0.052838973701000214,
    0.05040870979428291,
    0.04937264323234558,
    0.05512595549225807,
    0.04857851192355156,
    0.04803229868412018,
    0.04741118475794792,
    0.04710398241877556,
    0.04673239588737488,
    0.05446745082736015,
    0.052913326770067215,
    0.049657635390758514,
    0.0629630833864212,
    0.04939257726073265,
    0.045745156705379486,
    0.049655601382255554,
    0.04743894189596176,
    0.05507843568921089,
    0.0476628877222538,
    0.044878993183374405,
    0.04875402897596359,
    0.05867387354373932,
    0.04893243685364723,
    0.047525592148303986,
    0.04681039974093437,
    0.04736907407641411,
    0.04542551562190056,
    0.04320507496595383,
    0.050448328256607056,
    0.042538948357105255,
    0.04408394917845726,
    0.07521730661392212,
    0.042750850319862366,
    0.04222003370523453,
    0.04318965598940849,
    0.045803558081388474,
    0.04865298420190811,
    0.044850438833236694,
    0.04836997017264366,
    0.044247474521398544,
    0.04386639595031738,
    0.052195288240909576,
    0.05490090698003769,
    0.04255609214305878
  ],
  "stopped_epoch": 52
}