{
  "epochs_recorded": [
    0,
    1,
    2,
    3,
    4,
    5,
    6,
    7,
    8,
    9,
    10,
    11,
    12,
    13,
    14,
    15,
    16,
    17,
    18,
    19,
    20,
    21,
    22,
    23,
    24,
    25,
    26,
    27,
    28,
    29,
    30,
    31,
    32,
    33,
    34,
    35,
    36,
    37,
    38,
    39,
    40,
    41,
    42,
    43,
    44,
    45,
    46,
    47,
    48,
    49,
    50,
    51,
    52,
    53,
    54,
    55,
    56,
    57,
    58,
    59,
    60,
    61,
    62,
    63,
    64,
    65,
    66,
    67,
    68,
    69,
    70,
    71,
    72,
    73,
    74,
    75,
    76,
    77,
    78,
    79
  ],
  "train_loss": [
    1.5520380735397339,
    0.144105926156044,
    0.09598789364099503,
    0.08627881854772568,
    0.07774674147367477,
    0.07615926116704941,
    0.07351574301719666,
    0.07126858085393906,
    0.07100452482700348,
    0.06935849785804749,
    0.06730642914772034,
    0.06805642694234848,
    0.06655377149581909,
    0.06553211063146591,
    0.06459453701972961,
    0.06427859514951706,
    0.06291238963603973,
    0.06455450505018234,
    0.06469310820102692,
    0.0627712607383728,
    0.0620599128305912,
    0.061635375022888184,
    0.06058470904827118,
    0.0601956844329834,
    0.06031041964888573,
    0.05956161394715309,
    0.059128861874341965,
    0.05849245935678482,
    0.05901501700282097,
    0.0583348423242569,
    0.058146651834249496,
    0.0587337464094162,
    0.059692107141017914,
    0.060241881757974625,
    0.056553956121206284,
    0.05822734534740448,
    0.0581338107585907,
    0.05645526573061943,
    0.056734710931777954,
    0.05454082787036896,
    0.05355620011687279,
    0.053537312895059586,
    0.053273722529411316,
    0.05278046056628227,
    0.05194002017378807,
    0.05056213214993477,
    0.05004395544528961,
    0.049067120999097824,
    0.04677637666463852,
    0.04658599942922592,
    0.04426848515868187,
    0.041107214987277985,
    0.040428657084703445,
    0.03902255743741989,
    0.040220774710178375,
    0.03840867429971695,
    0.0355212464928627,
    0.035600077360868454,
    0.03446551784873009,
    0.030599255114793777,
    0.029680881649255753,
    0.030180124565958977,
    0.03248884901404381,
    0.030350832268595695,
    0.02745015360414982,
    0.03135380893945694,
    0.02721092849969864,
    0.028769517317414284,
    0.03088417276740074,
    0.026101836934685707,
    0.025677230209112167,
    0.024724865332245827,
    0.024591786786913872,
    0.02414829656481743,
    0.02284369058907032,
    0.024076251313090324,
    0.023825081065297127,
    0.02163933776319027,
    0.01954214833676815,
    0.02139313705265522
  ],
  "val_loss": [
    0.27320876717567444,
    0.11246895045042038,
    0.09669007360935211,
    0.08192933350801468,
    0.07354753464460373,
    0.07747404277324677,
    0.0703604444861412,
    0.06928881257772446,
    0.06935922801494598,
    0.06967242062091827,
    0.06953241676092148,
    0.06921453773975372,
    0.06991598010063171,
    0.06996364891529083,
    0.06973446905612946,
    0.06898204982280731,
    0.06898634880781174,
    0.07033676654100418,
    0.07548695802688599,
    0.07337644696235657,
    0.07078088074922562,
    0.06885704398155212,
    0.07016768306493759,
    0.06861398369073868,
    0.06884809583425522,
    0.06950513273477554,
    0.06995332986116409,
    0.06902837008237839,
    0.06832726299762726,
    0.0694580152630806,
    0.06853839755058289,
    0.06845420598983765,
    0.0676952451467514,
    0.07147560268640518,
    0.06819652020931244,
    0.06652994453907013,
    0.06577768921852112,
    0.06875813752412796,
    0.06443200260400772,
    0.06416914612054825,
    0.06402072310447693,
    0.06389637291431427,
    0.06327930092811584,
    0.06160809472203255,
    0.059358663856983185,
    0.05991349369287491,
    0.05591701343655586,
    0.05763469636440277,
    0.04792775586247444,
    0.049257341772317886,
    0.04674306884407997,
    0.03695131465792656,
    0.04411039501428604,
    0.03141811862587929,
    0.028183598071336746,
    0.027636002749204636,
    0.02738606370985508,
    0.0438520722091198,
    0.028334813192486763,
    0.021533597260713577,
    0.015605270862579346,
    0.01819768361747265,
    0.029130185022950172,
    0.02105233632028103,
    0.016230056062340736,
    0.04107553884387016,
    0.02165701426565647,
    0.027243858203291893,
    0.030839139595627785,
    0.017330270260572433,
    0.01362484972923994,
    0.016647808253765106,
    0.02001010812819004,
    0.0185144804418087,
    0.013698087073862553,
    0.015104935504496098,
    0.015084419399499893,
    0.015018160454928875,
    0.02142380177974701,
    0.016300350427627563,
    0.016483161598443985
  ],
  "stopped_epoch": 80
}