{
  "epochs_recorded": [
    0,
    1,
    2,
    3,
    4,
    5,
    6,
    7,
    8,
    9,
    10,
    11,
    12,
    13,
    14,
    15
  ],
  "train_loss": [
    0.9114398956298828,
    0.6380600929260254,
    0.521142840385437,
    0.4813265800476074,
    0.48466619849205017,
    0.49102139472961426,
    0.47289592027664185,
    0.47623422741889954,
    0.47087520360946655,
    0.47621580958366394,
    0.4732528626918793,
    0.4748222529888153,
    0.47963929176330566,
    0.47325873374938965,
    0.47532007098197937,
    0.4746841788291931
  ],
  "val_loss": [
    0.6285005211830139,
    0.6036535501480103,
    0.599653959274292,
    0.3779546320438385,
    0.31275615096092224,
    0.1991802603006363,
    0.10630908608436584,
    0.11365199834108353,
    0.13689078390598297,
    0.2792084217071533,
    0.554162859916687,
    1.9552956819534302,
    0.729259192943573,
    2.634573459625244,
    5.524407386779785,
    3.0360300540924072,
    1.2677439451217651
  ],
  "stopped_epoch": 16
}