{
  "epochs_recorded": [
    0,
    1,
    2,
    3,
    4,
    5,
    6,
    7,
    8,
    9,
    10,
    11,
    12,
    13,
    14,
    15,
    16,
    17,
    18,
    19,
    20,
    21,
    22,
    23,
    24,
    25,
    26,
    27,
    28,
    29,
    30,
    31,
    32,
    33,
    34,
    35,
    36,
    37,
    38,
    39,
    40,
    41,
    42,
    43,
    44,
    45,
    46,
    47,
    48,
    49,
    50,
    51,
    52,
    53,
    54,
    55,
    56,
    57,
    58,
    59,
    60,
    61,
    62,
    63,
    64,
    65,
    66,
    67,
    68,
    69,
    70,
    71,
    72,
    73,
    74,
    75,
    76,
    77,
    78,
    79,
    80,
    81,
    82,
    83,
    84,
    85,
    86,
    87,
    88,
    89,
    90,
    91,
    92,
    93,
    94,
    95,
    96,
    97,
    98,
    99
  ],
  "train_loss": [
    0.49125587940216064,
    0.23815956711769104,
    0.1893300861120224,
    0.14492902159690857,
    0.12450442463159561,
    0.11252947151660919,
    0.10653823614120483,
    0.10085140913724899,
    0.09190856665372849,
    0.08899668604135513,
    0.0843413844704628,
    0.08165641874074936,
    0.07919806987047195,
    0.07698427885770798,
    0.07599332183599472,
    0.07549569755792618,
    0.07261549681425095,
    0.06816811114549637,
    0.06788540631532669,
    0.06997227668762207,
    0.06645449995994568,
    0.06599125266075134,
    0.06604455411434174,
    0.06546785682439804,
    0.06410788744688034,
    0.06345609575510025,
    0.059759821742773056,
    0.06131480634212494,
    0.05849102884531021,
    0.057595621794462204,
    0.056974295526742935,
    0.05664922669529915,
    0.05492664873600006,
    0.05289803817868233,
    0.05271277576684952,
    0.054072052240371704,
    0.05105757713317871,
    0.05112433433532715,
    0.04991191253066063,
    0.05052103474736214,
    0.05070014297962189,
    0.047498129308223724,
    0.04753955826163292,
    0.04793621599674225,
    0.047070667147636414,
    0.047132764011621475,
    0.04590519890189171,
    0.04566732048988342,
    0.044343214482069016,
    0.04403373599052429,
    0.04576992988586426,
    0.04347710683941841,
    0.04423645883798599,
    0.04323797672986984,
    0.042246028780937195,
    0.04212064668536186,
    0.041075706481933594,
    0.040702562779188156,
    0.040972959250211716,
    0.04088699445128441,
    0.039944738149642944,
    0.03897188603878021,
    0.03919195756316185,
    0.038751207292079926,
    0.03960972651839256,
    0.038547318428754807,
    0.03739958629012108,
    0.03735742345452309,
    0.03795494884252548,
    0.03736121580004692,
    0.03745274618268013,
    0.037150636315345764,
    0.03670887649059296,
    0.03672829642891884,
    0.035463884472846985,
    0.03579401969909668,
    0.036617886275053024,
    0.035314954817295074,
    0.03450668975710869,
    0.0341239832341671,
    0.033936019986867905,
    0.03434841334819794,
    0.034516848623752594,
    0.0332011803984642,
    0.033268269151449203,
    0.032848138362169266,
    0.03247511014342308,
    0.03301362693309784,
    0.032223109155893326,
    0.03264107182621956,
    0.03180013224482536,
    0.03146756812930107,
    0.03183894231915474,
    0.031970568001270294,
    0.03192083537578583,
    0.031929001212120056,
    0.03154953569173813,
    0.03052852675318718,
    0.030617501586675644,
    0.030405299738049507
  ],
  "val_loss": [
    1.644065499305725,
    0.2863042652606964,
    0.17458000779151917,
    0.11979751288890839,
    0.12794847786426544,
    0.0902491956949234,
    0.09393130242824554,
    0.08484861254692078,
    0.08494266867637634,
    0.08380624651908875,
    0.07534762471914291,
    0.07743941247463226,
    0.0776011198759079,
    0.07281613349914551,
    0.06973249465227127,
    0.07041680067777634,
    0.07195360958576202,
    0.06621100753545761,
    0.06597442924976349,
    0.06567328423261642,
    0.06100757420063019,
    0.06809985637664795,
    0.06207495182752609,
    0.060267459601163864,
    0.0599396713078022,
    0.059923987835645676,
    0.06023438274860382,
    0.05844724550843239,
    0.05747959017753601,
    0.056145571172237396,
    0.05730728060007095,
    0.053200412541627884,
    0.051355160772800446,
    0.04990345984697342,
    0.055657606571912766,
    0.04737786203622818,
    0.048369888216257095,
    0.048600565642118454,
    0.04797520488500595,
    0.04748235270380974,
    0.04736342281103134,
    0.04571894183754921,
    0.044490933418273926,
    0.04229356721043587,
    0.04457102715969086,
    0.04298004135489464,
    0.044148728251457214,
    0.04318159073591232,
    0.039821919053792953,
    0.04008530080318451,
    0.042762164026498795,
    0.03616613522171974,
    0.04237182438373566,
    0.037835173308849335,
    0.037272755056619644,
    0.04296590015292168,
    0.03352752700448036,
    0.042856477200984955,
    0.036425523459911346,
    0.03561331704258919,
    0.039734091609716415,
    0.03746303543448448,
    0.03757697716355324,
    0.03596889600157738,
    0.0325603261590004,
    0.034137096256017685,
    0.03565056994557381,
    0.03140968084335327,
    0.03088800422847271,
    0.03226334601640701,
    0.03662079945206642,
    0.031736474484205246,
    0.03047013469040394,
    0.033855874091386795,
    0.032246075570583344,
    0.030740080401301384,
    0.02725348435342312,
    0.032996758818626404,
    0.02821359783411026,
    0.026447732001543045,
    0.026850035414099693,
    0.030249852687120438,
    0.029774783179163933,
    0.027930626645684242,
    0.029685208573937416,
    0.02573036588728428,
    0.026322823017835617,
    0.030091268941760063,
    0.030186528339982033,
    0.026088709011673927,
    0.028970113024115562,
    0.02671205997467041,
    0.030561747029423714,
    0.02489514835178852,
    0.029732126742601395,
    0.025431031361222267,
    0.026953039690852165,
    0.02742515131831169,
    0.02547316998243332,
    0.02857297845184803,
    0.02639833278954029
  ],
  "stopped_epoch": 100
}