{
  "epochs_recorded": [
    0,
    1,
    2,
    3,
    4,
    5,
    6,
    7,
    8,
    9,
    10,
    11,
    12,
    13,
    14,
    15,
    16,
    17,
    18,
    19,
    20,
    21,
    22,
    23,
    24,
    25,
    26,
    27,
    28,
    29,
    30,
    31,
    32,
    33,
    34,
    35,
    36,
    37,
    38,
    39,
    40,
    41,
    42,
    43,
    44,
    45,
    46,
    47,
    48,
    49,
    50,
    51,
    52,
    53,
    54,
    55,
    56,
    57,
    58,
    59,
    60,
    61,
    62,
    63,
    64,
    65,
    66,
    67,
    68,
    69,
    70,
    71,
    72,
    73,
    74,
    75,
    76,
    77,
    78,
    79,
    80,
    81,
    82,
    83,
    84,
    85,
    86,
    87,
    88,
    89,
    90,
    91,
    92,
    93,
    94,
    95,
    96
  ],
  "train_loss": [
    0.8898972272872925,
    0.14286933839321136,
    0.08180444687604904,
    0.0700652152299881,
    0.06821262091398239,
    0.06749910861253738,
    0.06529588997364044,
    0.06638254970312119,
    0.06417188048362732,
    0.06467176228761673,
    0.06503487378358841,
    0.06270822882652283,
    0.06365799158811569,
    0.062157489359378815,
    0.062249358743429184,
    0.06223795562982559,
    0.06137443706393242,
    0.06234166771173477,
    0.06096696853637695,
    0.06131216883659363,
    0.05890188366174698,
    0.05832953378558159,
    0.05864676088094711,
    0.05705207213759422,
    0.05487116798758507,
    0.054604098200798035,
    0.056475281715393066,
    0.053466178476810455,
    0.05437786132097244,
    0.053541943430900574,
    0.05235670506954193,
    0.05231011286377907,
    0.05213416740298271,
    0.05338435620069504,
    0.051065582782030106,
    0.05052217096090317,
    0.04660936817526817,
    0.04888354614377022,
    0.04673917591571808,
    0.04438592121005058,
    0.043479371815919876,
    0.040953103452920914,
    0.0386294461786747,
    0.03665044158697128,
    0.03582770749926567,
    0.035577114671468735,
    0.033113449811935425,
    0.03164089843630791,
    0.029934080317616463,
    0.031872112303972244,
    0.02874312363564968,
    0.03033788502216339,
    0.03149167448282242,
    0.03126083314418793,
    0.025165539234876633,
    0.027680661529302597,
    0.024102739989757538,
    0.02233392931520939,
    0.023834772408008575,
    0.024066049605607986,
    0.023041117936372757,
    0.021983515471220016,
    0.021560722962021828,
    0.0230262354016304,
    0.0223531611263752,
    0.02337808348238468,
    0.020354367792606354,
    0.01781756617128849,
    0.01978316344320774,
    0.019533399492502213,
    0.01968538761138916,
    0.017183713614940643,
    0.019369468092918396,
    0.01917250081896782,
    0.01692810468375683,
    0.01642143912613392,
    0.017482899129390717,
    0.016172481700778008,
    0.017527131363749504,
    0.016874762251973152,
    0.016187286004424095,
    0.015270845033228397,
    0.016572367399930954,
    0.014936345629394054,
    0.016378849744796753,
    0.016459006816148758,
    0.015778765082359314,
    0.014800529927015305,
    0.014262690208852291,
    0.015630057081580162,
    0.018057018518447876,
    0.01738608442246914,
    0.018191613256931305,
    0.016140375286340714,
    0.01581934280693531,
    0.01424492709338665,
    0.013131661340594292
  ],
  "val_loss": [
    0.17936748266220093,
    0.1352282017469406,
    0.08452974259853363,
    0.08006265759468079,
    0.07199666649103165,
    0.07063773274421692,
    0.06966971606016159,
    0.06894838064908981,
    0.06881412863731384,
    0.06946822255849838,
    0.06919966638088226,
    0.0687437653541565,
    0.07007301598787308,
    0.06928031146526337,
    0.06921140849590302,
    0.06873439252376556,
    0.06808657944202423,
    0.07016810774803162,
    0.07288222759962082,
    0.06689909100532532,
    0.06616970151662827,
    0.06442964822053909,
    0.06506458669900894,
    0.06175008788704872,
    0.06140439212322235,
    0.060594767332077026,
    0.06442161649465561,
    0.06040682643651962,
    0.05917244777083397,
    0.06330114603042603,
    0.05835619941353798,
    0.058147840201854706,
    0.05707328021526337,
    0.056055955588817596,
    0.05461764335632324,
    0.05470193549990654,
    0.057908639311790466,
    0.053724564611911774,
    0.05246805027127266,
    0.05398498475551605,
    0.04518205299973488,
    0.04282425343990326,
    0.0397254042327404,
    0.03626793622970581,
    0.03314247727394104,
    0.0333707295358181,
    0.03230399265885353,
    0.02684609405696392,
    0.02558954246342182,
    0.02339630201458931,
    0.022491103038191795,
    0.019915251061320305,
    0.018191896378993988,
    0.04458846524357796,
    0.021295294165611267,
    0.017397794872522354,
    0.017345936968922615,
    0.01672825589776039,
    0.01386527344584465,
    0.01088086050003767,
    0.018838632851839066,
    0.012594095431268215,
    0.015220935456454754,
    0.01709068939089775,
    0.016627348959445953,
    0.03564166650176048,
    0.026214931160211563,
    0.009870567359030247,
    0.010220527648925781,
    0.009784773923456669,
    0.013841263949871063,
    0.010458421893417835,
    0.010680182836949825,
    0.019014276564121246,
    0.00933828204870224,
    0.010393145494163036,
    0.009987790137529373,
    0.01097386609762907,
    0.018925417214632034,
    0.01065734587609768,
    0.01041413750499487,
    0.009192290715873241,
    0.010978663340210915,
    0.009839050471782684,
    0.014538820832967758,
    0.00895897950977087,
    0.009226668626070023,
    0.00881426315754652,
    0.012594103813171387,
    0.011730513535439968,
    0.012457498349249363,
    0.01075904630124569,
    0.03181749954819679,
    0.01912105828523636,
    0.01232315693050623,
    0.012382067739963531,
    0.009885959327220917,
    0.009860965423285961
  ],
  "stopped_epoch": 97
}