{
  "epochs_recorded": [
    0,
    1,
    2,
    3,
    4,
    5,
    6,
    7,
    8,
    9,
    10,
    11,
    12,
    13,
    14,
    15,
    16,
    17,
    18,
    19
  ],
  "train_loss": [
    0.11899171769618988,
    0.07980477064847946,
    0.07281618565320969,
    0.06640857458114624,
    0.06640245020389557,
    0.06327357888221741,
    0.06320714205503464,
    0.06106908619403839,
    0.057237204164266586,
    0.057847701013088226,
    0.05875946953892708,
    0.05875195190310478,
    0.05696988105773926,
    0.05512117221951485,
    0.05787035822868347,
    0.056080665439367294,
    0.0564277209341526,
    0.05594341829419136,
    0.05675418674945831,
    0.05643407255411148
  ],
  "val_loss": [
    0.14616850018501282,
    0.08082256466150284,
    0.06956136971712112,
    0.06834816187620163,
    0.06869882345199585,
    0.06834613531827927,
    0.06831368803977966,
    0.07470451295375824,
    0.06922627240419388,
    0.06937652081251144,
    0.0682520940899849,
    0.0694032832980156,
    0.07535099983215332,
    0.06855633109807968,
    0.0716501846909523,
    0.06859729439020157,
    0.06895752251148224,
    0.06877691298723221,
    0.06828193366527557,
    0.0690249502658844,
    0.06885519623756409
  ],
  "stopped_epoch": 20
}