{
  "epochs_recorded": [
    0,
    1,
    2,
    3,
    4,
    5,
    6,
    7,
    8,
    9,
    10,
    11,
    12,
    13,
    14,
    15,
    16,
    17,
    18,
    19,
    20,
    21,
    22,
    23,
    24,
    25,
    26,
    27,
    28,
    29,
    30,
    31,
    32
  ],
  "train_loss": [
    0.7687711119651794,
    0.6796996593475342,
    0.6025294065475464,
    0.6521590948104858,
    0.8563414216041565,
    0.588789165019989,
    0.5326237678527832,
    0.5065563917160034,
    0.4893699884414673,
    0.5969417095184326,
    0.4870338439941406,
    0.49558013677597046,
    0.4642556309700012,
    0.49829626083374023,
    0.48363015055656433,
    0.4564265310764313,
    0.4536859095096588,
    0.44735002517700195,
    0.45551174879074097,
    0.44730257987976074,
    0.4436098337173462,
    0.46074235439300537,
    0.454400897026062,
    0.4452715218067169,
    0.44340017437934875,
    0.4550911784172058,
    0.44075334072113037,
    0.44673827290534973,
    0.4510272145271301,
    0.43910521268844604,
    0.4684288501739502,
    0.441703200340271,
    0.44278281927108765
  ],
  "val_loss": [
    1.6136856079101562,
    1.1241252422332764,
    0.5777680277824402,
    0.2115720808506012,
    0.10798022896051407,
    0.08916769176721573,
    0.10370851308107376,
    0.13380588591098785,
    0.10832615941762924,
    0.06058185547590256,
    0.061133626848459244,
    0.26573488116264343,
    0.09874901175498962,
    0.0785667821764946,
    0.05352209880948067,
    0.040725383907556534,
    0.0298113152384758,
    0.04100552201271057,
    0.028618788346648216,
    0.027197299525141716,
    0.02411094680428505,
    0.022670084610581398,
    0.026078395545482635,
    0.01952996291220188,
    0.020013146102428436,
    0.02396550215780735,
    0.024534907191991806,
    0.052509211003780365,
    0.02604001946747303,
    0.022793255746364594,
    0.03180433809757233,
    0.022064246237277985,
    0.020456716418266296,
    0.05209844931960106
  ],
  "stopped_epoch": 33
}