{
  "epochs_recorded": [
    0,
    1,
    2,
    3,
    4,
    5,
    6,
    7,
    8,
    9,
    10,
    11,
    12,
    13,
    14,
    15,
    16,
    17,
    18,
    19,
    20,
    21,
    22,
    23,
    24,
    25,
    26,
    27,
    28,
    29,
    30,
    31,
    32,
    33,
    34,
    35,
    36,
    37,
    38,
    39,
    40,
    41,
    42,
    43,
    44,
    45,
    46,
    47,
    48,
    49,
    50,
    51,
    52,
    53,
    54,
    55,
    56,
    57,
    58,
    59,
    60,
    61,
    62,
    63,
    64,
    65,
    66,
    67,
    68,
    69,
    70,
    71,
    72,
    73,
    74,
    75,
    76,
    77,
    78,
    79,
    80,
    81,
    82,
    83,
    84,
    85,
    86,
    87,
    88,
    89,
    90,
    91,
    92,
    93,
    94,
    95,
    96,
    97,
    98,
    99
  ],
  "train_loss": [
    0.40759313106536865,
    0.21616201102733612,
    0.19802725315093994,
    0.18667785823345184,
    0.1755755990743637,
    0.16022689640522003,
    0.14252394437789917,
    0.12422138452529907,
    0.10590290278196335,
    0.09403149783611298,
    0.08651245385408401,
    0.07694289833307266,
    0.07123400270938873,
    0.06994807720184326,
    0.06739688664674759,
    0.06435124576091766,
    0.060550712049007416,
    0.060424238443374634,
    0.059687428176403046,
    0.05725780129432678,
    0.05539197102189064,
    0.0540972463786602,
    0.052307236939668655,
    0.051677361130714417,
    0.05058298259973526,
    0.050043679773807526,
    0.049552250653505325,
    0.04737868160009384,
    0.04784456267952919,
    0.047686588019132614,
    0.045175693929195404,
    0.04538092762231827,
    0.046300433576107025,
    0.04489649459719658,
    0.04494837671518326,
    0.04347004368901253,
    0.043374400585889816,
    0.04283161461353302,
    0.042194023728370667,
    0.04179337993264198,
    0.04305754974484444,
    0.041170768439769745,
    0.040511082857847214,
    0.040250688791275024,
    0.040748000144958496,
    0.03907670080661774,
    0.03935375064611435,
    0.03881511837244034,
    0.03902558237314224,
    0.038306497037410736,
    0.03774278983473778,
    0.03809274360537529,
    0.03737863898277283,
    0.03745302930474281,
    0.036760564893484116,
    0.036528080701828,
    0.03668690845370293,
    0.036412227898836136,
    0.0352669283747673,
    0.035267699509859085,
    0.035180166363716125,
    0.03508912771940231,
    0.034860700368881226,
    0.03430525213479996,
    0.034593112766742706,
    0.033966198563575745,
    0.03371019661426544,
    0.033498216420412064,
    0.03229517489671707,
    0.03342445194721222,
    0.03272233530879021,
    0.03197972849011421,
    0.03150022774934769,
    0.03208918869495392,
    0.030980493873357773,
    0.03142222762107849,
    0.03015991859138012,
    0.030616052448749542,
    0.030723050236701965,
    0.030268816277384758,
    0.029657363891601562,
    0.02974821627140045,
    0.029620461165905,
    0.029691515490412712,
    0.029139818623661995,
    0.028882071375846863,
    0.02793576754629612,
    0.028488459065556526,
    0.02809225395321846,
    0.027935316786170006,
    0.0278325155377388,
    0.02761855348944664,
    0.027503574267029762,
    0.027432996779680252,
    0.02798926830291748,
    0.027063975110650063,
    0.027087779715657234,
    0.026990020647644997,
    0.026736460626125336,
    0.026307735592126846
  ],
  "val_loss": [
    0.7002573609352112,
    0.18413543701171875,
    0.16682815551757812,
    0.15118594467639923,
    0.13558416068553925,
    0.12238247692584991,
    0.10587076097726822,
    0.08630774170160294,
    0.06526698917150497,
    0.05440182611346245,
    0.05084628611803055,
    0.047828707844018936,
    0.04338831081986427,
    0.04163505882024765,
    0.04204300418496132,
    0.04056486487388611,
    0.0392545647919178,
    0.03837147355079651,
    0.037006255239248276,
    0.0371309369802475,
    0.03642438352108002,
    0.03607933223247528,
    0.03510505333542824,
    0.03542827442288399,
    0.03457692638039589,
    0.03411463275551796,
    0.03453197330236435,
    0.03317263722419739,
    0.03280608728528023,
    0.032009873539209366,
    0.03252452239394188,
    0.03114892914891243,
    0.03145192563533783,
    0.031415704637765884,
    0.030544904991984367,
    0.030238378793001175,
    0.029354199767112732,
    0.03009532019495964,
    0.030181074514985085,
    0.029281793162226677,
    0.029466163367033005,
    0.02893175184726715,
    0.02850906364619732,
    0.028360674157738686,
    0.028449129313230515,
    0.0285650547593832,
    0.027840357273817062,
    0.02809637226164341,
    0.02744324877858162,
    0.027154481038451195,
    0.02793814241886139,
    0.027258777990937233,
    0.027057046070694923,
    0.026511993259191513,
    0.026691226288676262,
    0.026830002665519714,
    0.02652161754667759,
    0.026326408609747887,
    0.02626599557697773,
    0.026078276336193085,
    0.02554626204073429,
    0.0257355235517025,
    0.02516271360218525,
    0.025776581838726997,
    0.02587675116956234,
    0.02484435960650444,
    0.024541335180401802,
    0.024347223341464996,
    0.02391914092004299,
    0.024073747918009758,
    0.023460067808628082,
    0.02453429065644741,
    0.023432938382029533,
    0.022883610799908638,
    0.02296164445579052,
    0.02272498421370983,
    0.022305244579911232,
    0.02231818251311779,
    0.021756216883659363,
    0.02196819707751274,
    0.021637387573719025,
    0.021421805024147034,
    0.020688951015472412,
    0.02068500593304634,
    0.020157599821686745,
    0.02054429054260254,
    0.019847864285111427,
    0.019698988646268845,
    0.019744016230106354,
    0.01925070770084858,
    0.019518475979566574,
    0.019358530640602112,
    0.018977319821715355,
    0.018763544037938118,
    0.018750585615634918,
    0.019138358533382416,
    0.01792234741151333,
    0.018218962475657463,
    0.018153829500079155,
    0.017946964129805565,
    0.01774328015744686
  ],
  "stopped_epoch": 100
}