{
  "epochs_recorded": [
    0,
    1,
    2,
    3,
    4,
    5,
    6,
    7,
    8,
    9,
    10,
    11,
    12,
    13,
    14,
    15,
    16,
    17,
    18,
    19,
    20,
    21,
    22,
    23,
    24,
    25,
    26,
    27,
    28,
    29,
    30,
    31,
    32,
    33,
    34,
    35,
    36,
    37,
    38,
    39,
    40,
    41,
    42,
    43,
    44,
    45,
    46,
    47,
    48,
    49,
    50,
    51,
    52,
    53,
    54,
    55,
    56,
    57,
    58,
    59,
    60,
    61,
    62,
    63,
    64,
    65,
    66,
    67,
    68,
    69,
    70,
    71,
    72,
    73,
    74,
    75,
    76,
    77,
    78,
    79,
    80,
    81,
    82,
    83,
    84,
    85,
    86,
    87,
    88,
    89,
    90,
    91,
    92,
    93,
    94,
    95,
    96,
    97,
    98,
    99
  ],
  "train_loss": [
    1.2833454608917236,
    0.2382679581642151,
    0.21003049612045288,
    0.1977124959230423,
    0.19319239258766174,
    0.18460622429847717,
    0.14750026166439056,
    0.073587566614151,
    0.06018686294555664,
    0.05573045834898949,
    0.05128353461623192,
    0.04701606184244156,
    0.04279305040836334,
    0.040518417954444885,
    0.03727439045906067,
    0.0345611497759819,
    0.03197965770959854,
    0.030246339738368988,
    0.02861015871167183,
    0.02762904018163681,
    0.02586568519473076,
    0.023615367710590363,
    0.023597249761223793,
    0.02227192185819149,
    0.021404588595032692,
    0.020173130556941032,
    0.01931954175233841,
    0.018146265298128128,
    0.017067812383174896,
    0.017272673547267914,
    0.016537724062800407,
    0.016523469239473343,
    0.017201418057084084,
    0.015261310152709484,
    0.013960978016257286,
    0.013875050470232964,
    0.013689778745174408,
    0.013298393227159977,
    0.012794315814971924,
    0.01256836298853159,
    0.012360658496618271,
    0.01163698360323906,
    0.011287607252597809,
    0.01108064129948616,
    0.010603419505059719,
    0.010882080532610416,
    0.01076527126133442,
    0.010361813008785248,
    0.010100808925926685,
    0.0094001404941082,
    0.009705769829452038,
    0.009494295343756676,
    0.009974888525903225,
    0.009243238717317581,
    0.008846249431371689,
    0.008387383073568344,
    0.008508360013365746,
    0.008682411164045334,
    0.00800705049186945,
    0.008193008601665497,
    0.00833557266741991,
    0.008005881682038307,
    0.008193091489374638,
    0.007662271149456501,
    0.007734392769634724,
    0.0072254217229783535,
    0.007573764771223068,
    0.008531980216503143,
    0.007896753028035164,
    0.007745169568806887,
    0.007298703771084547,
    0.007546722888946533,
    0.007589014247059822,
    0.00705860136076808,
    0.006857398897409439,
    0.006915420759469271,
    0.007743130903691053,
    0.006360351573675871,
    0.006374480202794075,
    0.006473339628428221,
    0.0067117465659976006,
    0.00620918907225132,
    0.0060201166197657585,
    0.005900934804230928,
    0.0057862247340381145,
    0.005936704110354185,
    0.006021228618919849,
    0.0060005891136825085,
    0.005631383042782545,
    0.005909348838031292,
    0.005664113909006119,
    0.005440803710371256,
    0.005431716330349445,
    0.005579332821071148,
    0.005497599020600319,
    0.005624283570796251,
    0.005607449449598789,
    0.005527709145098925,
    0.005572453141212463,
    0.005412802565842867
  ],
  "val_loss": [
    0.48366817831993103,
    0.21372105181217194,
    0.19526521861553192,
    0.18033979833126068,
    0.17222575843334198,
    0.16516739130020142,
    0.14904190599918365,
    0.07404037564992905,
    0.05427459254860878,
    0.04520031064748764,
    0.04332737997174263,
    0.039013758301734924,
    0.03507912531495094,
    0.03225367143750191,
    0.030554842203855515,
    0.027074825018644333,
    0.025239843875169754,
    0.023206669837236404,
    0.02222779020667076,
    0.02295016683638096,
    0.01869666390120983,
    0.01770118437707424,
    0.016999412328004837,
    0.01578068919479847,
    0.015295968391001225,
    0.014449362643063068,
    0.01400245912373066,
    0.012556172907352448,
    0.011305335909128189,
    0.01143865380436182,
    0.01044714730232954,
    0.010099525563418865,
    0.010583753697574139,
    0.011314240284264088,
    0.009102900512516499,
    0.009279290214180946,
    0.00886162556707859,
    0.008954981341958046,
    0.00942261889576912,
    0.007342726457864046,
    0.00745164742693305,
    0.006573345512151718,
    0.006564674898982048,
    0.00623065372928977,
    0.006851830519735813,
    0.006284558679908514,
    0.0056279003620147705,
    0.006285989657044411,
    0.006896954961121082,
    0.005444054026156664,
    0.006085066590458155,
    0.005293842405080795,
    0.006109260953962803,
    0.004811991471797228,
    0.005717660766094923,
    0.004574105609208345,
    0.004491010680794716,
    0.004990063142031431,
    0.0038747929502278566,
    0.004695779178291559,
    0.0044268649071455,
    0.004173134453594685,
    0.004734260495752096,
    0.003862542100250721,
    0.004271578975021839,
    0.004410566762089729,
    0.0036631289403885603,
    0.005375908687710762,
    0.0047540003433823586,
    0.004804741591215134,
    0.0036588292568922043,
    0.003834529547020793,
    0.004887470044195652,
    0.003242859849706292,
    0.0034448388032615185,
    0.0037818101700395346,
    0.006276722066104412,
    0.003725130809471011,
    0.0030891236383467913,
    0.003373738843947649,
    0.003369714133441448,
    0.0033031438942998648,
    0.0031063042115420103,
    0.002746905665844679,
    0.003539015306159854,
    0.0027880356647074223,
    0.0027278766501694918,
    0.00338297663256526,
    0.002607222180813551,
    0.002877705730497837,
    0.002893817611038685,
    0.002575450576841831,
    0.002571846591308713,
    0.002601614687591791,
    0.003315027104690671,
    0.0028218806255608797,
    0.0026689947117120028,
    0.003198975929990411,
    0.0028705992735922337,
    0.002705646213144064,
    0.003535867901518941
  ],
  "stopped_epoch": 100
}