{
  "epochs_recorded": [
    0,
    1,
    2,
    3,
    4,
    5,
    6,
    7,
    8,
    9,
    10,
    11,
    12,
    13,
    14,
    15,
    16,
    17,
    18,
    19,
    20,
    21,
    22,
    23,
    24,
    25,
    26,
    27,
    28,
    29,
    30,
    31,
    32,
    33,
    34,
    35,
    36,
    37,
    38,
    39,
    40,
    41,
    42,
    43,
    44,
    45,
    46,
    47
  ],
  "train_loss": [
    0.22886835038661957,
    0.07926656305789948,
    0.05422617495059967,
    0.046425238251686096,
    0.04244348406791687,
    0.04126211628317833,
    0.03854462876915932,
    0.03602835163474083,
    0.035365354269742966,
    0.033947188407182693,
    0.033316608518362045,
    0.033145319670438766,
    0.032287634909152985,
    0.03204575926065445,
    0.031263601034879684,
    0.031274717301130295,
    0.030347120016813278,
    0.031244557350873947,
    0.030283130705356598,
    0.03102700226008892,
    0.030889658257365227,
    0.03002663142979145,
    0.029628999531269073,
    0.028703372925519943,
    0.02904505468904972,
    0.02980349212884903,
    0.030376913025975227,
    0.029539020732045174,
    0.029557056725025177,
    0.02885437197983265,
    0.028805546462535858,
    0.029609978199005127,
    0.02824532426893711,
    0.028475545346736908,
    0.028660090640187263,
    0.02804158627986908,
    0.028997883200645447,
    0.027915390208363533,
    0.027638137340545654,
    0.028285441920161247,
    0.02743246592581272,
    0.02712699957191944,
    0.027141470462083817,
    0.027470849454402924,
    0.028258850798010826,
    0.02859574370086193,
    0.028843417763710022,
    0.027279257774353027
  ],
  "val_loss": [
    0.4759012460708618,
    0.08794838935136795,
    0.04862640053033829,
    0.03890206292271614,
    0.03513374179601669,
    0.03407023847103119,
    0.03348296135663986,
    0.03051307611167431,
    0.029795126989483833,
    0.028656398877501488,
    0.02864096872508526,
    0.03021024912595749,
    0.027881555259227753,
    0.02896694652736187,
    0.02952580526471138,
    0.027410466223955154,
    0.026966318488121033,
    0.029546454548835754,
    0.02723950892686844,
    0.02745615504682064,
    0.02704010158777237,
    0.030236272141337395,
    0.027051620185375214,
    0.027254514396190643,
    0.026214657351374626,
    0.02838350459933281,
    0.030998148024082184,
    0.028093738481402397,
    0.02790631540119648,
    0.02607535384595394,
    0.025111496448516846,
    0.02717563696205616,
    0.02755315788090229,
    0.025870533660054207,
    0.02761918492615223,
    0.025121580809354782,
    0.02609046921133995,
    0.024729249998927116,
    0.024159260094165802,
    0.026596341282129288,
    0.026093900203704834,
    0.025859016925096512,
    0.02484247274696827,
    0.02417752705514431,
    0.025242924690246582,
    0.027569705620408058,
    0.028471069410443306,
    0.027493102476000786,
    0.024932734668254852
  ],
  "stopped_epoch": 48
}