{
  "epochs_recorded": [
    0,
    1,
    2,
    3,
    4,
    5,
    6,
    7,
    8,
    9,
    10,
    11,
    12,
    13,
    14,
    15,
    16,
    17,
    18,
    19,
    20,
    21,
    22,
    23,
    24,
    25,
    26,
    27,
    28,
    29,
    30,
    31,
    32,
    33,
    34,
    35,
    36,
    37,
    38,
    39,
    40,
    41,
    42
  ],
  "train_loss": [
    0.3456750214099884,
    0.1438990831375122,
    0.08786313980817795,
    0.06689924746751785,
    0.057807110249996185,
    0.05551202595233917,
    0.04931814968585968,
    0.045307330787181854,
    0.04415660724043846,
    0.039174508303403854,
    0.036500077694654465,
    0.033985305577516556,
    0.029582826420664787,
    0.030231822282075882,
    0.024761905893683434,
    0.022651471197605133,
    0.024385418742895126,
    0.021097324788570404,
    0.018070219084620476,
    0.017159797251224518,
    0.018187621608376503,
    0.014766254462301731,
    0.014868642203509808,
    0.015354305505752563,
    0.016122017055749893,
    0.01228930801153183,
    0.0124754523858428,
    0.011801361106336117,
    0.013147876597940922,
    0.012900625355541706,
    0.012717723846435547,
    0.011805356480181217,
    0.012047121301293373,
    0.012340663932263851,
    0.011512513272464275,
    0.011557714082300663,
    0.010996455326676369,
    0.010842516086995602,
    0.010773355141282082,
    0.01066424697637558,
    0.01025229413062334,
    0.00987047515809536,
    0.012281806208193302
  ],
  "val_loss": [
    1.3975834846496582,
    0.19864043593406677,
    0.09995722770690918,
    0.0778174176812172,
    0.06682559847831726,
    0.060779083520174026,
    0.05722040683031082,
    0.056711502373218536,
    0.052925653755664825,
    0.053989097476005554,
    0.046942319720983505,
    0.042188894003629684,
    0.035337720066308975,
    0.03491809964179993,
    0.029379768297076225,
    0.028251374140381813,
    0.023162398487329483,
    0.023547060787677765,
    0.020143702626228333,
    0.01856830157339573,
    0.019872521981596947,
    0.01621941477060318,
    0.016417233273386955,
    0.014070052653551102,
    0.016842486336827278,
    0.014317627996206284,
    0.014819183386862278,
    0.012702775187790394,
    0.013233874924480915,
    0.01403298880904913,
    0.014065620489418507,
    0.011427892372012138,
    0.012233003042638302,
    0.010708480142056942,
    0.013650842942297459,
    0.012614949606359005,
    0.01185794360935688,
    0.012629186734557152,
    0.013273105956614017,
    0.012144394218921661,
    0.011602743528783321,
    0.013422164134681225,
    0.012906508520245552,
    0.016246624290943146
  ],
  "stopped_epoch": 43
}