{
  "epochs_recorded": [
    0,
    1,
    2,
    3,
    4,
    5,
    6,
    7,
    8,
    9,
    10,
    11,
    12,
    13,
    14,
    15,
    16,
    17,
    18,
    19,
    20,
    21,
    22,
    23,
    24,
    25,
    26,
    27,
    28,
    29,
    30,
    31,
    32,
    33,
    34,
    35,
    36,
    37,
    38,
    39,
    40,
    41,
    42,
    43,
    44,
    45,
    46,
    47,
    48,
    49,
    50,
    51,
    52,
    53,
    54,
    55,
    56,
    57,
    58,
    59,
    60,
    61,
    62,
    63,
    64
  ],
  "train_loss": [
    0.2710455060005188,
    0.1491599977016449,
    0.05581101402640343,
    0.04539379104971886,
    0.037302032113075256,
    0.03656426817178726,
    0.034135010093450546,
    0.03066594898700714,
    0.030965592712163925,
    0.026053430512547493,
    0.022517908364534378,
    0.01969432458281517,
    0.017618315294384956,
    0.015170838683843613,
    0.014112843200564384,
    0.014968258328735828,
    0.013354859314858913,
    0.01417824998497963,
    0.013164615258574486,
    0.01259082555770874,
    0.012466544285416603,
    0.01248419564217329,
    0.01281112153083086,
    0.012529700063169003,
    0.011668119579553604,
    0.011829787865281105,
    0.011540335603058338,
    0.011780839413404465,
    0.011273740790784359,
    0.01064465381205082,
    0.011876608245074749,
    0.01052945014089346,
    0.011553601361811161,
    0.010419901460409164,
    0.009918195195496082,
    0.009352901950478554,
    0.01019242312759161,
    0.009909073822200298,
    0.009741420857608318,
    0.010057218372821808,
    0.009891178458929062,
    0.00984244979918003,
    0.01065152883529663,
    0.009439420886337757,
    0.00901472195982933,
    0.009005622006952763,
    0.008903274312615395,
    0.009013962000608444,
    0.00998717825859785,
    0.008799592033028603,
    0.009696491062641144,
    0.009152339771389961,
    0.009504334069788456,
    0.00887734442949295,
    0.009061414748430252,
    0.00919916108250618,
    0.010587641038000584,
    0.00898404885083437,
    0.008197394199669361,
    0.008750902488827705,
    0.008701732382178307,
    0.008529054932296276,
    0.00884145125746727,
    0.010412498377263546,
    0.009663284756243229
  ],
  "val_loss": [
    0.39911437034606934,
    0.1735370010137558,
    0.06312790513038635,
    0.044771913439035416,
    0.03330691158771515,
    0.03206271678209305,
    0.029817970469594002,
    0.027206651866436005,
    0.024760952219367027,
    0.029718827456235886,
    0.02021470107138157,
    0.01782652921974659,
    0.01431543380022049,
    0.012473749928176403,
    0.01114629302173853,
    0.013387881219387054,
    0.010354053229093552,
    0.008954684250056744,
    0.01119066122919321,
    0.0085413483902812,
    0.010128974914550781,
    0.010607914999127388,
    0.009921019896864891,
    0.009966791607439518,
    0.007789560128003359,
    0.00794737134128809,
    0.009428758174180984,
    0.008145119994878769,
    0.008680975995957851,
    0.0071125454269349575,
    0.008183769881725311,
    0.008516145870089531,
    0.007811197079718113,
    0.00846939254552126,
    0.0081400815397501,
    0.006834568455815315,
    0.007858910597860813,
    0.007376749534159899,
    0.006575130857527256,
    0.007470849901437759,
    0.006473863031715155,
    0.0070975590497255325,
    0.006778115406632423,
    0.0074396561831235886,
    0.0075089093297719955,
    0.0069626690819859505,
    0.006209397688508034,
    0.007793561089783907,
    0.005891104228794575,
    0.006148156709969044,
    0.005765406880527735,
    0.006613501347601414,
    0.0059050084091722965,
    0.006844004616141319,
    0.005888468120247126,
    0.005133359227329493,
    0.008945932611823082,
    0.006858778651803732,
    0.0063677020370960236,
    0.006279666908085346,
    0.005316977389156818,
    0.006716856732964516,
    0.005611911416053772,
    0.008422576822340488,
    0.0084959352388978,
    0.00849316269159317
  ],
  "stopped_epoch": 65
}