{
  "epochs_recorded": [
    0,
    1,
    2,
    3,
    4,
    5,
    6,
    7,
    8,
    9,
    10,
    11,
    12,
    13,
    14,
    15,
    16,
    17
  ],
  "train_loss": [
    17.82550811767578,
    0.7604892253875732,
    0.2675953805446625,
    0.22760075330734253,
    0.2213907092809677,
    0.2166401892900467,
    0.22245585918426514,
    0.22557753324508667,
    0.22601523995399475,
    0.2199738621711731,
    0.21691866219043732,
    0.21891853213310242,
    0.21921752393245697,
    0.22049939632415771,
    0.21208789944648743,
    0.21525463461875916,
    0.21898698806762695,
    0.21397854387760162
  ],
  "val_loss": [
    0.9487273097038269,
    0.35926905274391174,
    0.1830364167690277,
    0.19775082170963287,
    0.23375315964221954,
    0.20379230380058289,
    0.22613738477230072,
    0.22662515938282013,
    0.17583517730236053,
    0.2593175768852234,
    0.2089119404554367,
    0.2137937992811203,
    0.23962217569351196,
    0.23999813199043274,
    0.21685585379600525,
    0.20071792602539062,
    0.19190029799938202,
    0.19779343903064728,
    0.18397825956344604
  ],
  "stopped_epoch": 18
}