{
  "epochs_recorded": [
    0,
    1,
    2,
    3,
    4,
    5,
    6,
    7,
    8,
    9,
    10,
    11,
    12,
    13,
    14,
    15,
    16,
    17,
    18,
    19,
    20,
    21,
    22,
    23,
    24,
    25,
    26,
    27,
    28,
    29,
    30,
    31,
    32,
    33,
    34,
    35
  ],
  "train_loss": [
    0.7714653015136719,
    0.7078801393508911,
    0.6476362943649292,
    0.560120165348053,
    0.5637608170509338,
    0.5741991996765137,
    0.5345813035964966,
    0.5507252216339111,
    0.520017147064209,
    0.5371907353401184,
    0.5271670818328857,
    0.5153526663780212,
    0.5191938281059265,
    0.5184075832366943,
    0.5242371559143066,
    0.5506784915924072,
    0.628024160861969,
    0.523102879524231,
    0.5284259915351868,
    0.5104812979698181,
    0.5027339458465576,
    0.516140341758728,
    0.533901035785675,
    0.5215093493461609,
    0.5199446678161621,
    0.492859423160553,
    0.4896880090236664,
    0.48928767442703247,
    0.4771462082862854,
    0.4832662343978882,
    0.47582095861434937,
    0.47395163774490356,
    0.4764733910560608,
    0.4996572732925415,
    0.4742138385772705,
    0.4777407944202423
  ],
  "val_loss": [
    0.4394729733467102,
    0.1936231255531311,
    0.13324426114559174,
    0.09630049020051956,
    0.0952223613858223,
    0.07980646938085556,
    0.086972676217556,
    0.09257109463214874,
    0.0657290369272232,
    0.10360980778932571,
    0.09829099476337433,
    0.06753124296665192,
    0.06461439281702042,
    0.0761486291885376,
    0.11075705289840698,
    0.11879763752222061,
    0.0993838757276535,
    0.18527360260486603,
    1.710512399673462,
    0.4846544563770294,
    0.1499246060848236,
    0.052416250109672546,
    0.06467483192682266,
    0.05093080550432205,
    0.4150146245956421,
    0.07213295251131058,
    0.050365496426820755,
    0.08424783498048782,
    0.07897936552762985,
    0.07781175523996353,
    0.09625795483589172,
    0.11551183462142944,
    0.10349705070257187,
    0.12186121940612793,
    0.12911933660507202,
    0.12926392257213593,
    0.08364491164684296
  ],
  "stopped_epoch": 36
}