{
  "epochs_recorded": [
    0,
    1,
    2,
    3,
    4,
    5,
    6,
    7,
    8,
    9,
    10,
    11,
    12,
    13
  ],
  "train_loss": [
    0.14081980288028717,
    0.059386905282735825,
    0.05624963715672493,
    0.056180428713560104,
    0.05628039315342903,
    0.05613286420702934,
    0.05657204985618591,
    0.056127529591321945,
    0.05721389129757881,
    0.05538162589073181,
    0.05685120448470116,
    0.056321024894714355,
    0.055713068693876266,
    0.05544678121805191
  ],
  "val_loss": [
    0.31177255511283875,
    0.08010001480579376,
    0.07014564424753189,
    0.07113312929868698,
    0.06894941627979279,
    0.06900502741336823,
    0.07340472936630249,
    0.07103902101516724,
    0.07361633330583572,
    0.07010394334793091,
    0.06985874474048615,
    0.07086466997861862,
    0.07837868481874466,
    0.06921098381280899,
    0.07572527229785919
  ],
  "stopped_epoch": 14
}