{
  "epochs_recorded": [
    0,
    1,
    2,
    3,
    4,
    5,
    6,
    7,
    8,
    9,
    10,
    11,
    12,
    13,
    14,
    15,
    16,
    17,
    18,
    19,
    20,
    21,
    22,
    23,
    24
  ],
  "train_loss": [
    0.3071919083595276,
    0.14458681643009186,
    0.08463631570339203,
    0.056438349187374115,
    0.0503271259367466,
    0.046592894941568375,
    0.04522814229130745,
    0.043745413422584534,
    0.0435037836432457,
    0.04316263645887375,
    0.042602263391017914,
    0.04266463592648506,
    0.04238693788647652,
    0.0427144318819046,
    0.04205797240138054,
    0.042268991470336914,
    0.0423555001616478,
    0.04168806970119476,
    0.0427028127014637,
    0.04375432804226875,
    0.042110420763492584,
    0.04224222153425217,
    0.04371827095746994,
    0.04229739308357239,
    0.04204424470663071
  ],
  "val_loss": [
    0.8060560822486877,
    0.1602441370487213,
    0.08885689079761505,
    0.049108367413282394,
    0.047362975776195526,
    0.04191203415393829,
    0.03826066851615906,
    0.038323841989040375,
    0.03883422538638115,
    0.03759772703051567,
    0.03685745596885681,
    0.03615505248308182,
    0.03621489554643631,
    0.03630874678492546,
    0.038019776344299316,
    0.03613777086138725,
    0.036796074360609055,
    0.038397595286369324,
    0.037014205008745193,
    0.03916263207793236,
    0.03785373270511627,
    0.03882920369505882,
    0.03911786153912544,
    0.03814129903912544,
    0.037581074982881546,
    0.037204694002866745
  ],
  "stopped_epoch": 25
}