{
  "epochs_recorded": [
    0,
    1,
    2,
    3,
    4,
    5,
    6,
    7,
    8,
    9,
    10,
    11,
    12,
    13,
    14,
    15,
    16,
    17,
    18,
    19,
    20,
    21,
    22,
    23,
    24,
    25,
    26,
    27,
    28,
    29,
    30,
    31,
    32,
    33,
    34,
    35,
    36,
    37,
    38,
    39,
    40,
    41,
    42,
    43,
    44,
    45,
    46,
    47,
    48,
    49,
    50,
    51,
    52,
    53,
    54,
    55,
    56,
    57,
    58,
    59,
    60,
    61,
    62,
    63,
    64,
    65,
    66,
    67,
    68,
    69,
    70,
    71,
    72,
    73,
    74,
    75,
    76,
    77,
    78,
    79,
    80,
    81,
    82,
    83,
    84,
    85,
    86,
    87,
    88,
    89,
    90,
    91
  ],
  "train_loss": [
    1.6458687782287598,
    1.2601344585418701,
    1.057659387588501,
    0.969126284122467,
    1.1338930130004883,
    0.8566313982009888,
    0.8760534524917603,
    0.8414095640182495,
    0.8091280460357666,
    0.7994515895843506,
    0.7243527173995972,
    0.7726912498474121,
    0.8037402033805847,
    0.730609655380249,
    0.7004032731056213,
    0.6740429401397705,
    0.6711199879646301,
    0.72898268699646,
    0.6726582050323486,
    0.6490294337272644,
    0.6226595640182495,
    0.6545704007148743,
    0.6633185148239136,
    0.6609874963760376,
    0.652798056602478,
    0.6427958607673645,
    0.6725658178329468,
    0.6364520788192749,
    0.602892279624939,
    0.6238839626312256,
    0.6081620454788208,
    0.6575149297714233,
    0.6665111780166626,
    0.6194893717765808,
    0.6149490475654602,
    0.6251547336578369,
    0.6008749008178711,
    0.617749810218811,
    0.7061471343040466,
    0.5979645848274231,
    0.6545752286911011,
    0.6408693790435791,
    0.6272362470626831,
    0.585620641708374,
    0.5740118622779846,
    0.5378435850143433,
    0.5644105076789856,
    0.562711775302887,
    0.5922408103942871,
    0.5530246496200562,
    0.5490379929542542,
    0.5475476384162903,
    0.6106027364730835,
    0.5821431875228882,
    0.5812963843345642,
    0.5620172023773193,
    0.5570061802864075,
    0.5301603674888611,
    0.5599132776260376,
    0.5909956693649292,
    0.6431968808174133,
    0.5748358964920044,
    0.5413263440132141,
    0.5342997312545776,
    0.5576556921005249,
    0.5603818893432617,
    0.591234028339386,
    0.6106235980987549,
    0.6399087905883789,
    0.5774267315864563,
    0.5669388771057129,
    0.841773271560669,
    0.5772169828414917,
    0.5487233400344849,
    0.534212052822113,
    0.5926822423934937,
    0.5437507033348083,
    0.5740896463394165,
    0.5379080176353455,
    0.5340680480003357,
    0.5437381863594055,
    0.5518267750740051,
    0.5414570569992065,
    0.8382514119148254,
    0.5558843016624451,
    0.526302695274353,
    0.7353748083114624,
    0.5731083154678345,
    0.5338923335075378,
    0.6745480895042419,
    0.5287697315216064,
    0.5596203804016113
  ],
  "val_loss": [
    1.41910982131958,
    1.1398239135742188,
    0.3880871832370758,
    0.25571396946907043,
    0.3019452393054962,
    0.273800253868103,
    0.20272882282733917,
    0.21713922917842865,
    0.17270301282405853,
    0.18930742144584656,
    0.16075684130191803,
    0.18746048212051392,
    0.20043666660785675,
    0.14773789048194885,
    0.1533694714307785,
    0.16730932891368866,
    0.1644112914800644,
    0.15827777981758118,
    0.15942177176475525,
    0.15746921300888062,
    0.1492822915315628,
    0.1255202442407608,
    0.12749996781349182,
    0.13439346849918365,
    0.12303001433610916,
    0.12306056916713715,
    0.12162670493125916,
    0.11569378525018692,
    0.11965370923280716,
    0.12696029245853424,
    0.11593777686357498,
    0.12968841195106506,
    0.1129320040345192,
    0.11035513132810593,
    0.11028401553630829,
    0.10998476296663284,
    0.11098475754261017,
    0.11283941566944122,
    0.10748559236526489,
    0.11783576756715775,
    0.1125386506319046,
    0.11081491410732269,
    0.11569267511367798,
    0.1500840187072754,
    0.10364589840173721,
    0.10272016376256943,
    0.10154800117015839,
    0.09901875257492065,
    0.10020545870065689,
    0.10203150659799576,
    0.09811599552631378,
    0.09675989300012589,
    0.09724420309066772,
    0.10831895470619202,
    0.10442781448364258,
    0.09949012100696564,
    0.09714768081903458,
    0.09717869013547897,
    0.09874406456947327,
    0.09514764696359634,
    0.09679804742336273,
    0.10648050904273987,
    0.1009298712015152,
    0.09986604750156403,
    0.09846945106983185,
    0.09418389201164246,
    0.09432502090930939,
    0.09309856593608856,
    1.7033785581588745,
    0.5973484516143799,
    0.1426507830619812,
    0.09779974073171616,
    0.09556622803211212,
    0.0940079316496849,
    0.09374379366636276,
    0.0921926200389862,
    0.09187717735767365,
    0.09029697626829147,
    0.09117548167705536,
    0.09075901657342911,
    0.08931218087673187,
    0.08969894051551819,
    0.08868936449289322,
    0.08910420536994934,
    0.08956031501293182,
    0.09115758538246155,
    0.0933670923113823,
    0.09282010793685913,
    0.09297778457403183,
    0.0904761329293251,
    0.0914197713136673,
    0.09158232063055038,
    0.09178971499204636
  ],
  "stopped_epoch": 92
}