{
  "epochs_recorded": [
    0,
    1,
    2,
    3,
    4,
    5,
    6,
    7,
    8,
    9,
    10,
    11,
    12,
    13,
    14,
    15,
    16,
    17,
    18,
    19,
    20,
    21
  ],
  "train_loss": [
    1.3268767595291138,
    1.123084545135498,
    1.0114365816116333,
    0.980349063873291,
    0.9004526734352112,
    0.9465543627738953,
    0.8002721667289734,
    0.7402424216270447,
    0.7130470275878906,
    0.72297602891922,
    0.7035796642303467,
    0.6445767283439636,
    0.6436393857002258,
    0.6210616827011108,
    0.6187978982925415,
    0.6062256693840027,
    0.5883176922798157,
    0.5852487683296204,
    0.5946204662322998,
    0.5958167314529419,
    0.5549228191375732,
    0.5584354996681213
  ],
  "val_loss": [
    0.527950644493103,
    0.47934433817863464,
    0.3377824127674103,
    0.22240500152111053,
    0.1667088121175766,
    0.13529185950756073,
    0.11794046312570572,
    0.11463193595409393,
    0.12303394079208374,
    0.08382459729909897,
    0.08672771602869034,
    0.08516361564397812,
    0.07734654098749161,
    0.08118369430303574,
    0.08469536155462265,
    0.1217067688703537,
    0.08384183794260025,
    0.08832019567489624,
    0.08347290009260178,
    0.08102671802043915,
    0.09453244507312775,
    0.08823589980602264,
    0.08103346079587936
  ],
  "stopped_epoch": 22
}